model_dir,strategy,sample_index,judge,faithfulness_code_ref,n_draws,draw_1,draw_2,draw_3
phi4_14b,ToTSelfCorrectionRAG,0,deepseek-coder:6.7b,0.6666666666666666,3,0.0,1.0,1.0
phi4_14b,ToTSelfCorrectionRAG,1,deepseek-coder:6.7b,1.0,3,1.0,1.0,1.0
phi4_14b,ToTSelfCorrectionRAG,2,deepseek-coder:6.7b,1.0,3,1.0,1.0,1.0
phi4_14b,ToTSelfCorrectionRAG,3,deepseek-coder:6.7b,1.0,3,1.0,1.0,1.0
phi4_14b,ToTSelfCorrectionRAG,4,deepseek-coder:6.7b,0.75,3,0.75,0.5,1.0
phi4_14b,ToTSelfCorrectionRAG,5,deepseek-coder:6.7b,0.65,3,0.95,1.0,0.0
phi4_14b,ToTSelfCorrectionRAG,6,deepseek-coder:6.7b,0.5,3,0.5,1.0,0.0
phi4_14b,ToTSelfCorrectionRAG,7,deepseek-coder:6.7b,0.5,3,1.0,0.0,0.5
phi4_14b,ToTSelfCorrectionRAG,8,deepseek-coder:6.7b,0.8333333333333334,3,1.0,1.0,0.5
phi4_14b,ToTSelfCorrectionRAG,9,deepseek-coder:6.7b,0.6666666666666666,3,0.5,1.0,0.5
phi4_14b,ToTSelfCorrectionRAG,10,deepseek-coder:6.7b,0.2833333333333333,3,0.85,0.0,0.0
phi4_14b,ToTSelfCorrectionRAG,11,deepseek-coder:6.7b,1.0,3,1.0,1.0,1.0
phi4_14b,ToTSelfCorrectionRAG,12,deepseek-coder:6.7b,1.0,3,1.0,1.0,1.0
phi4_14b,ToTSelfCorrectionRAG,13,deepseek-coder:6.7b,1.0,3,1.0,1.0,1.0
phi4_14b,ToTSelfCorrectionRAG,14,deepseek-coder:6.7b,1.0,3,1.0,1.0,1.0
phi4_14b,ToTSelfCorrectionRAG,15,deepseek-coder:6.7b,0.6666666666666666,3,0.5,1.0,0.5
phi4_14b,ToTSelfCorrectionRAG,16,deepseek-coder:6.7b,0.5833333333333334,3,1.0,0.0,0.75
phi4_14b,ToTSelfCorrectionRAG,17,deepseek-coder:6.7b,0.9166666666666666,3,0.75,1.0,1.0
phi4_14b,ToTSelfCorrectionRAG,18,deepseek-coder:6.7b,0.7638888888888888,3,0.7916666666666666,0.5,1.0
phi4_14b,ToTSelfCorrectionRAG,19,deepseek-coder:6.7b,0.6233333333333334,3,0.0,1.0,0.87
phi4_14b,ToTSelfCorrectionRAG,20,deepseek-coder:6.7b,0.3333333333333333,3,0.5,0.5,0.0
phi4_14b,ToTSelfCorrectionRAG,21,deepseek-coder:6.7b,0.9,3,1.0,1.0,0.7
phi4_14b,ToTSelfCorrectionRAG,22,deepseek-coder:6.7b,0.6666666666666666,3,0.5,0.5,1.0
phi4_14b,ToTSelfCorrectionRAG,23,deepseek-coder:6.7b,0.9333333333333332,3,0.8,1.0,1.0
phi4_14b,ToTSelfCorrectionRAG,24,deepseek-coder:6.7b,0.9666666666666668,3,0.9,1.0,1.0
phi4_14b,ToTSelfCorrectionRAG,25,deepseek-coder:6.7b,1.0,3,1.0,1.0,1.0
phi4_14b,ToTSelfCorrectionRAG,26,deepseek-coder:6.7b,0.8333333333333334,3,1.0,1.0,0.5
phi4_14b,ToTSelfCorrectionRAG,27,deepseek-coder:6.7b,0.8333333333333334,3,0.5,1.0,1.0
phi4_14b,ToTSelfCorrectionRAG,28,deepseek-coder:6.7b,0.7333333333333334,3,1.0,1.0,0.2
phi4_14b,ToTSelfCorrectionRAG,29,deepseek-coder:6.7b,1.0,3,1.0,1.0,1.0
phi4_14b,ToTSelfCorrectionRAG,30,deepseek-coder:6.7b,0.5333333333333333,3,0.0,0.6,1.0
phi4_14b,ToTSelfCorrectionRAG,31,deepseek-coder:6.7b,0.5,3,0.5,0.5,0.5
phi4_14b,ToTSelfCorrectionRAG,32,deepseek-coder:6.7b,0.9583333333333334,3,1.0,0.875,1.0
phi4_14b,ToTSelfCorrectionRAG,33,deepseek-coder:6.7b,0.2333333333333333,3,0.0,0.0,0.7
phi4_14b,ToTSelfCorrectionRAG,34,deepseek-coder:6.7b,0.6666666666666666,3,0.0,1.0,1.0
phi4_14b,ToTSelfCorrectionRAG,35,deepseek-coder:6.7b,0.9666666666666668,3,1.0,0.9,1.0
phi4_14b,ToTSelfCorrectionRAG,36,deepseek-coder:6.7b,0.8333333333333334,3,1.0,1.0,0.5
phi4_14b,ToTSelfCorrectionRAG,37,deepseek-coder:6.7b,0.5,3,0.5,1.0,0.0
phi4_14b,ToTSelfCorrectionRAG,38,deepseek-coder:6.7b,0.8333333333333334,3,1.0,1.0,0.5
phi4_14b,ToTSelfCorrectionRAG,39,deepseek-coder:6.7b,0.8333333333333334,3,1.0,1.0,0.5
phi4_14b,ToTSelfCorrectionRAG,40,deepseek-coder:6.7b,0.8666666666666667,3,0.6,1.0,1.0
phi4_14b,ToTSelfCorrectionRAG,41,deepseek-coder:6.7b,0.9166666666666666,3,0.75,1.0,1.0
phi4_14b,ToTSelfCorrectionRAG,42,deepseek-coder:6.7b,1.0,3,1.0,1.0,1.0
phi4_14b,ToTSelfCorrectionRAG,43,deepseek-coder:6.7b,0.6666666666666666,3,1.0,0.5,0.5
phi4_14b,ToTSelfCorrectionRAG,44,deepseek-coder:6.7b,1.0,3,1.0,1.0,1.0
phi4_14b,ToTSelfCorrectionRAG,45,deepseek-coder:6.7b,0.95,3,1.0,1.0,0.85
phi4_14b,ToTSelfCorrectionRAG,46,deepseek-coder:6.7b,0.6666666666666666,3,0.5,1.0,0.5
phi4_14b,ToTSelfCorrectionRAG,47,deepseek-coder:6.7b,0.95,3,0.85,1.0,1.0
phi4_14b,ToTSelfCorrectionRAG,48,deepseek-coder:6.7b,1.0,3,1.0,1.0,1.0
phi4_14b,ToTSelfCorrectionRAG,49,deepseek-coder:6.7b,0.75,3,0.5,0.75,1.0
phi4_14b,ToTSelfCorrectionRAG,50,deepseek-coder:6.7b,0.6666666666666666,3,0.0,1.0,1.0
phi4_14b,ToTSelfCorrectionRAG,51,deepseek-coder:6.7b,0.5916666666666667,3,0.6,1.0,0.175
phi4_14b,ToTSelfCorrectionRAG,52,deepseek-coder:6.7b,0.9333333333333332,3,1.0,0.8,1.0
phi4_14b,ToTSelfCorrectionRAG,53,deepseek-coder:6.7b,0.6666666666666666,3,0.5,0.5,1.0
phi4_14b,ToTSelfCorrectionRAG,54,deepseek-coder:6.7b,0.8333333333333334,3,0.5,1.0,1.0
phi4_14b,ToTSelfCorrectionRAG,55,deepseek-coder:6.7b,0.8333333333333334,3,1.0,1.0,0.5
phi4_14b,ToTSelfCorrectionRAG,56,deepseek-coder:6.7b,0.8333333333333334,3,1.0,1.0,0.5
phi4_14b,ToTSelfCorrectionRAG,57,deepseek-coder:6.7b,0.5556666666666666,3,0.667,1.0,0.0
phi4_14b,ToTSelfCorrectionRAG,58,deepseek-coder:6.7b,0.85,3,0.8,1.0,0.75
phi4_14b,ToTSelfCorrectionRAG,59,deepseek-coder:6.7b,0.7916666666666666,3,1.0,0.875,0.5
phi4_14b,ToTSelfCorrectionRAG,60,deepseek-coder:6.7b,0.5,3,1.0,0.0,0.5
phi4_14b,ToTSelfCorrectionRAG,61,deepseek-coder:6.7b,0.7333333333333334,3,0.9,0.3,1.0
phi4_14b,ToTSelfCorrectionRAG,62,deepseek-coder:6.7b,0.51,3,1.0,0.5,0.03
phi4_14b,ToTSelfCorrectionRAG,63,deepseek-coder:6.7b,1.0,3,1.0,1.0,1.0
phi4_14b,ToTSelfCorrectionRAG,64,deepseek-coder:6.7b,0.6666666666666666,3,0.5,1.0,0.5
phi4_14b,ToTSelfCorrectionRAG,65,deepseek-coder:6.7b,1.0,3,1.0,1.0,1.0
phi4_14b,ToTSelfCorrectionRAG,66,deepseek-coder:6.7b,1.0,3,1.0,1.0,1.0
phi4_14b,SelfCorrectionRAG,0,deepseek-coder:6.7b,0.6669999999999999,3,1.0,1.0,0.001
phi4_14b,SelfCorrectionRAG,1,deepseek-coder:6.7b,0.8333333333333334,3,1.0,0.5,1.0
phi4_14b,SelfCorrectionRAG,2,deepseek-coder:6.7b,0.8833333333333333,3,0.9,0.75,1.0
phi4_14b,SelfCorrectionRAG,3,deepseek-coder:6.7b,1.0,3,1.0,1.0,1.0
phi4_14b,SelfCorrectionRAG,4,deepseek-coder:6.7b,0.9444444444444444,3,1.0,1.0,0.8333333333333334
phi4_14b,SelfCorrectionRAG,5,deepseek-coder:6.7b,0.8333333333333334,3,1.0,0.5,1.0
phi4_14b,SelfCorrectionRAG,6,deepseek-coder:6.7b,0.75,3,1.0,0.75,0.5
phi4_14b,SelfCorrectionRAG,7,deepseek-coder:6.7b,0.9166666666666666,3,1.0,0.75,1.0
phi4_14b,SelfCorrectionRAG,8,deepseek-coder:6.7b,0.45,3,0.0,0.5,0.85
phi4_14b,SelfCorrectionRAG,9,deepseek-coder:6.7b,0.8866666666666667,3,0.66,1.0,1.0
phi4_14b,SelfCorrectionRAG,10,deepseek-coder:6.7b,1.0,3,1.0,1.0,1.0
phi4_14b,SelfCorrectionRAG,11,deepseek-coder:6.7b,1.0,3,1.0,1.0,1.0
phi4_14b,SelfCorrectionRAG,12,deepseek-coder:6.7b,0.361,3,0.0,0.75,0.333
phi4_14b,SelfCorrectionRAG,13,deepseek-coder:6.7b,0.6666666666666666,3,0.0,1.0,1.0
phi4_14b,SelfCorrectionRAG,14,deepseek-coder:6.7b,0.8333333333333334,3,0.75,1.0,0.75
phi4_14b,SelfCorrectionRAG,15,deepseek-coder:6.7b,0.8333333333333334,3,1.0,1.0,0.5
phi4_14b,SelfCorrectionRAG,16,deepseek-coder:6.7b,0.8333333333333334,3,0.85,0.75,0.9
phi4_14b,SelfCorrectionRAG,17,deepseek-coder:6.7b,0.8333333333333334,3,0.5,1.0,1.0
phi4_14b,SelfCorrectionRAG,18,deepseek-coder:6.7b,0.5,3,0.5,0.0,1.0
phi4_14b,SelfCorrectionRAG,19,deepseek-coder:6.7b,0.6666666666666666,3,0.0,1.0,1.0
phi4_14b,SelfCorrectionRAG,20,deepseek-coder:6.7b,0.6222222222222222,3,0.0166666666666666,0.85,1.0
phi4_14b,SelfCorrectionRAG,21,deepseek-coder:6.7b,0.6725,3,1.0,1.0,0.0175
phi4_14b,SelfCorrectionRAG,22,deepseek-coder:6.7b,0.5094433333333334,3,0.02833,0.5,1.0
phi4_14b,SelfCorrectionRAG,23,deepseek-coder:6.7b,1.0,3,1.0,1.0,1.0
phi4_14b,SelfCorrectionRAG,24,deepseek-coder:6.7b,0.6666666666666666,3,0.5,1.0,0.5
phi4_14b,SelfCorrectionRAG,25,deepseek-coder:6.7b,0.5,3,1.0,0.5,0.0
phi4_14b,SelfCorrectionRAG,26,deepseek-coder:6.7b,0.6056666666666667,3,0.8,0.017,1.0
phi4_14b,SelfCorrectionRAG,27,deepseek-coder:6.7b,1.0,3,1.0,1.0,1.0
phi4_14b,SelfCorrectionRAG,28,deepseek-coder:6.7b,0.9333333333333332,3,1.0,0.8,1.0
phi4_14b,SelfCorrectionRAG,29,deepseek-coder:6.7b,0.8333333333333334,3,1.0,1.0,0.5
phi4_14b,SelfCorrectionRAG,30,deepseek-coder:6.7b,1.0,3,1.0,1.0,1.0
phi4_14b,SelfCorrectionRAG,31,deepseek-coder:6.7b,1.0,3,1.0,1.0,1.0
phi4_14b,SelfCorrectionRAG,32,deepseek-coder:6.7b,0.5833333333333334,3,0.0,0.75,1.0
phi4_14b,SelfCorrectionRAG,33,deepseek-coder:6.7b,0.8876666666666666,3,0.833,0.83,1.0
phi4_14b,SelfCorrectionRAG,34,deepseek-coder:6.7b,0.5,3,0.0,1.0,0.5
phi4_14b,SelfCorrectionRAG,35,deepseek-coder:6.7b,0.8333333333333334,3,1.0,0.5,1.0
phi4_14b,SelfCorrectionRAG,36,deepseek-coder:6.7b,1.0,3,1.0,1.0,1.0
phi4_14b,SelfCorrectionRAG,37,deepseek-coder:6.7b,0.8333333333333334,3,0.5,1.0,1.0
phi4_14b,SelfCorrectionRAG,38,deepseek-coder:6.7b,0.5833333333333334,3,1.0,0.75,0.0
phi4_14b,SelfCorrectionRAG,39,deepseek-coder:6.7b,0.9433333333333334,3,1.0,0.83,1.0
phi4_14b,SelfCorrectionRAG,40,deepseek-coder:6.7b,0.6666666666666666,3,1.0,0.5,0.5
phi4_14b,SelfCorrectionRAG,41,deepseek-coder:6.7b,0.8333333333333334,3,0.5,1.0,1.0
phi4_14b,SelfCorrectionRAG,42,deepseek-coder:6.7b,1.0,3,1.0,1.0,1.0
phi4_14b,SelfCorrectionRAG,43,deepseek-coder:6.7b,0.8333333333333334,3,0.5,1.0,1.0
phi4_14b,SelfCorrectionRAG,44,deepseek-coder:6.7b,0.9443333333333334,3,1.0,1.0,0.833
phi4_14b,SelfCorrectionRAG,45,deepseek-coder:6.7b,0.6666666666666666,3,1.0,0.0,1.0
phi4_14b,SelfCorrectionRAG,46,deepseek-coder:6.7b,0.7143333333333333,3,1.0,1.0,0.143
phi4_14b,SelfCorrectionRAG,47,deepseek-coder:6.7b,0.6666666666666666,3,1.0,1.0,0.0
phi4_14b,SelfCorrectionRAG,48,deepseek-coder:6.7b,0.8166666666666668,3,0.7,1.0,0.75
phi4_14b,SelfCorrectionRAG,49,deepseek-coder:6.7b,1.0,3,1.0,1.0,1.0
phi4_14b,SelfCorrectionRAG,50,deepseek-coder:6.7b,1.0,3,1.0,1.0,1.0
phi4_14b,SelfCorrectionRAG,51,deepseek-coder:6.7b,1.0,3,1.0,1.0,1.0
phi4_14b,SelfCorrectionRAG,52,deepseek-coder:6.7b,1.0,3,1.0,1.0,1.0
phi4_14b,SelfCorrectionRAG,53,deepseek-coder:6.7b,0.9,3,1.0,0.7,1.0
phi4_14b,SelfCorrectionRAG,54,deepseek-coder:6.7b,1.0,3,1.0,1.0,1.0
phi4_14b,SelfCorrectionRAG,55,deepseek-coder:6.7b,0.7833333333333333,3,0.5,1.0,0.85
phi4_14b,SelfCorrectionRAG,56,deepseek-coder:6.7b,0.6133333333333333,3,1.0,0.84,0.0
phi4_14b,SelfCorrectionRAG,57,deepseek-coder:6.7b,0.8033333333333333,3,0.66,0.75,1.0
phi4_14b,SelfCorrectionRAG,58,deepseek-coder:6.7b,0.5,3,0.5,1.0,0.0
phi4_14b,SelfCorrectionRAG,59,deepseek-coder:6.7b,1.0,3,1.0,1.0,1.0
phi4_14b,SelfCorrectionRAG,60,deepseek-coder:6.7b,1.0,3,1.0,1.0,1.0
phi4_14b,SelfCorrectionRAG,61,deepseek-coder:6.7b,1.0,3,1.0,1.0,1.0
phi4_14b,SelfCorrectionRAG,62,deepseek-coder:6.7b,1.0,3,1.0,1.0,1.0
phi4_14b,SelfCorrectionRAG,63,deepseek-coder:6.7b,0.9443333333333334,3,1.0,1.0,0.833
phi4_14b,SelfCorrectionRAG,64,deepseek-coder:6.7b,0.6666666666666666,3,0.5,1.0,0.5
phi4_14b,SelfCorrectionRAG,65,deepseek-coder:6.7b,0.7666666666666666,3,0.8,0.5,1.0
phi4_14b,SelfCorrectionRAG,66,deepseek-coder:6.7b,0.75,3,0.75,0.5,1.0
qwen3_8b,GoTPlainLLM,0,deepseek-coder:6.7b,0.9166666666666666,3,1.0,0.75,1.0
qwen3_8b,GoTPlainLLM,1,deepseek-coder:6.7b,0.8666666666666667,3,0.6,1.0,1.0
qwen3_8b,GoTPlainLLM,2,deepseek-coder:6.7b,0.6666666666666666,3,0.0,1.0,1.0
qwen3_8b,GoTPlainLLM,3,deepseek-coder:6.7b,0.61,3,1.0,0.5,0.33
qwen3_8b,GoTPlainLLM,4,deepseek-coder:6.7b,0.6666666666666666,3,0.0,1.0,1.0
qwen3_8b,GoTPlainLLM,5,deepseek-coder:6.7b,0.9166666666666666,3,1.0,0.75,1.0
qwen3_8b,GoTPlainLLM,6,deepseek-coder:6.7b,1.0,3,1.0,1.0,1.0
qwen3_8b,GoTPlainLLM,7,deepseek-coder:6.7b,0.7666666666666666,3,0.5,0.8,1.0
qwen3_8b,GoTPlainLLM,8,deepseek-coder:6.7b,0.8333333333333334,3,1.0,1.0,0.5
qwen3_8b,GoTPlainLLM,9,deepseek-coder:6.7b,1.0,3,1.0,1.0,1.0
qwen3_8b,GoTPlainLLM,10,deepseek-coder:6.7b,0.8333333333333334,3,1.0,1.0,0.5
qwen3_8b,GoTPlainLLM,11,deepseek-coder:6.7b,0.5333333333333333,3,0.85,0.75,0.0
qwen3_8b,GoTPlainLLM,12,deepseek-coder:6.7b,0.8333333333333334,3,1.0,0.5,1.0
qwen3_8b,GoTPlainLLM,13,deepseek-coder:6.7b,0.9166666666666666,3,1.0,0.75,1.0
qwen3_8b,GoTPlainLLM,14,deepseek-coder:6.7b,0.9833333333333334,3,1.0,0.95,1.0
qwen3_8b,GoTPlainLLM,15,deepseek-coder:6.7b,0.7666666666666666,3,1.0,0.5,0.8
qwen3_8b,GoTPlainLLM,16,deepseek-coder:6.7b,1.0,3,1.0,1.0,1.0
qwen3_8b,GoTPlainLLM,17,deepseek-coder:6.7b,1.0,3,1.0,1.0,1.0
qwen3_8b,GoTPlainLLM,18,deepseek-coder:6.7b,0.8333333333333334,3,1.0,1.0,0.5
qwen3_8b,GoTPlainLLM,19,deepseek-coder:6.7b,0.7000000000000001,3,1.0,0.5,0.6
qwen3_8b,GoTPlainLLM,20,deepseek-coder:6.7b,0.8522222222222222,3,0.6666666666666666,0.89,1.0
qwen3_8b,GoTPlainLLM,21,deepseek-coder:6.7b,0.8333333333333334,3,0.5,1.0,1.0
qwen3_8b,GoTPlainLLM,22,deepseek-coder:6.7b,0.5933333333333334,3,0.03,0.75,1.0
qwen3_8b,GoTPlainLLM,23,deepseek-coder:6.7b,1.0,3,1.0,1.0,1.0
qwen3_8b,GoTPlainLLM,24,deepseek-coder:6.7b,0.8066666666666666,3,0.67,0.75,1.0
qwen3_8b,GoTPlainLLM,25,deepseek-coder:6.7b,0.6666666666666666,3,0.5,1.0,0.5
qwen3_8b,GoTPlainLLM,26,deepseek-coder:6.7b,1.0,3,1.0,1.0,1.0
qwen3_8b,GoTPlainLLM,27,deepseek-coder:6.7b,0.9583333333333334,3,1.0,1.0,0.875
qwen3_8b,GoTPlainLLM,28,deepseek-coder:6.7b,0.8333333333333334,3,0.5,1.0,1.0
qwen3_8b,GoTPlainLLM,29,deepseek-coder:6.7b,1.0,3,1.0,1.0,1.0
qwen3_8b,GoTPlainLLM,30,deepseek-coder:6.7b,1.0,3,1.0,1.0,1.0
qwen3_8b,GoTPlainLLM,31,deepseek-coder:6.7b,1.0,3,1.0,1.0,1.0
qwen3_8b,GoTPlainLLM,32,deepseek-coder:6.7b,0.6666666666666666,3,1.0,1.0,0.0
qwen3_8b,GoTPlainLLM,33,deepseek-coder:6.7b,0.3333333333333333,3,0.5,0.0,0.5
qwen3_8b,GoTPlainLLM,34,deepseek-coder:6.7b,0.8333333333333334,3,0.5,1.0,1.0
qwen3_8b,GoTPlainLLM,35,deepseek-coder:6.7b,0.6222222222222222,3,0.8666666666666667,0.0,1.0
qwen3_8b,GoTPlainLLM,36,deepseek-coder:6.7b,0.1733333333333333,3,0.5,0.01,0.01
qwen3_8b,GoTPlainLLM,37,deepseek-coder:6.7b,0.9333333333333332,3,1.0,1.0,0.8
qwen3_8b,GoTPlainLLM,38,deepseek-coder:6.7b,1.0,3,1.0,1.0,1.0
qwen3_8b,GoTPlainLLM,39,deepseek-coder:6.7b,0.8333333333333334,3,0.5,1.0,1.0
qwen3_8b,GoTPlainLLM,40,deepseek-coder:6.7b,0.6666666666666666,3,1.0,1.0,0.0
qwen3_8b,GoTPlainLLM,41,deepseek-coder:6.7b,0.8333333333333334,3,1.0,0.5,1.0
qwen3_8b,GoTPlainLLM,42,deepseek-coder:6.7b,0.7833333333333333,3,0.85,0.5,1.0
qwen3_8b,GoTPlainLLM,43,deepseek-coder:6.7b,0.8483333333333333,3,0.875,0.67,1.0
qwen3_8b,GoTPlainLLM,44,deepseek-coder:6.7b,0.3333333333333333,3,1.0,0.0,0.0
qwen3_8b,GoTPlainLLM,45,deepseek-coder:6.7b,1.0,3,1.0,1.0,1.0
qwen3_8b,GoTPlainLLM,46,deepseek-coder:6.7b,1.0,3,1.0,1.0,1.0
qwen3_8b,GoTPlainLLM,47,deepseek-coder:6.7b,0.9,3,1.0,0.7,1.0
qwen3_8b,GoTPlainLLM,48,deepseek-coder:6.7b,1.0,3,1.0,1.0,1.0
qwen3_8b,GoTPlainLLM,49,deepseek-coder:6.7b,0.89,3,1.0,1.0,0.67
qwen3_8b,GoTPlainLLM,50,deepseek-coder:6.7b,0.8333333333333334,3,0.5,1.0,1.0
qwen3_8b,GoTPlainLLM,51,deepseek-coder:6.7b,0.75,3,0.75,0.5,1.0
qwen3_8b,GoTPlainLLM,52,deepseek-coder:6.7b,0.9166666666666666,3,0.75,1.0,1.0
qwen3_8b,GoTPlainLLM,53,deepseek-coder:6.7b,0.9666666666666668,3,0.9,1.0,1.0
qwen3_8b,GoTPlainLLM,54,deepseek-coder:6.7b,0.8666666666666667,3,0.75,1.0,0.85
qwen3_8b,GoTPlainLLM,55,deepseek-coder:6.7b,1.0,3,1.0,1.0,1.0
qwen3_8b,GoTPlainLLM,56,deepseek-coder:6.7b,0.3366666666666666,3,1.0,0.0,0.01
qwen3_8b,GoTPlainLLM,57,deepseek-coder:6.7b,0.8333333333333334,3,0.5,1.0,1.0
qwen3_8b,GoTPlainLLM,58,deepseek-coder:6.7b,1.0,3,1.0,1.0,1.0
qwen3_8b,GoTPlainLLM,59,deepseek-coder:6.7b,0.8333333333333334,3,1.0,0.5,1.0
qwen3_8b,GoTPlainLLM,60,deepseek-coder:6.7b,1.0,3,1.0,1.0,1.0
qwen3_8b,GoTPlainLLM,61,deepseek-coder:6.7b,1.0,3,1.0,1.0,1.0
qwen3_8b,GoTPlainLLM,62,deepseek-coder:6.7b,0.3433333333333333,3,1.0,0.0,0.03
qwen3_8b,GoTPlainLLM,63,deepseek-coder:6.7b,0.8333333333333334,3,1.0,1.0,0.5
qwen3_8b,GoTPlainLLM,64,deepseek-coder:6.7b,0.8222222222222223,3,1.0,0.8,0.6666666666666666
qwen3_8b,GoTPlainLLM,65,deepseek-coder:6.7b,1.0,3,1.0,1.0,1.0
qwen3_8b,GoTPlainLLM,66,deepseek-coder:6.7b,0.8666666666666667,3,0.8,0.8,1.0
llama3_2_latest,ToTSelfCorrectionRAG,0,qwen3:8b,0.1666666666666666,3,0.0,0.5,0.0
llama3_2_latest,ToTSelfCorrectionRAG,1,qwen3:8b,0.5,3,0.5,0.5,0.5
llama3_2_latest,ToTSelfCorrectionRAG,2,qwen3:8b,0.3333333333333333,3,0.5,0.0,0.5
llama3_2_latest,ToTSelfCorrectionRAG,3,qwen3:8b,0.1666666666666666,3,0.0,0.5,0.0
llama3_2_latest,ToTSelfCorrectionRAG,4,qwen3:8b,0.3333333333333333,3,0.0,0.5,0.5
llama3_2_latest,ToTSelfCorrectionRAG,5,qwen3:8b,0.6666666666666666,3,0.5,1.0,0.5
llama3_2_latest,ToTSelfCorrectionRAG,6,qwen3:8b,0.3333333333333333,3,0.5,0.5,0.0
llama3_2_latest,ToTSelfCorrectionRAG,7,qwen3:8b,0.3333333333333333,3,0.5,0.5,0.0
llama3_2_latest,ToTSelfCorrectionRAG,8,qwen3:8b,0.0,3,0.0,0.0,0.0
llama3_2_latest,ToTSelfCorrectionRAG,9,qwen3:8b,0.5,3,0.5,0.5,0.5
llama3_2_latest,ToTSelfCorrectionRAG,10,qwen3:8b,0.5,3,0.5,0.5,0.5
llama3_2_latest,ToTSelfCorrectionRAG,11,qwen3:8b,0.5,3,0.5,0.5,0.5
llama3_2_latest,ToTSelfCorrectionRAG,12,qwen3:8b,0.1666666666666666,3,0.0,0.0,0.5
llama3_2_latest,ToTSelfCorrectionRAG,13,qwen3:8b,0.0,3,0.0,0.0,0.0
llama3_2_latest,ToTSelfCorrectionRAG,14,qwen3:8b,0.0,3,0.0,0.0,0.0
llama3_2_latest,ToTSelfCorrectionRAG,15,qwen3:8b,0.3333333333333333,3,0.5,0.5,0.0
llama3_2_latest,ToTSelfCorrectionRAG,16,qwen3:8b,0.5,3,0.5,0.5,0.5
llama3_2_latest,ToTSelfCorrectionRAG,17,qwen3:8b,0.3333333333333333,3,0.5,0.5,0.0
llama3_2_latest,ToTSelfCorrectionRAG,18,qwen3:8b,0.0,3,0.0,0.0,0.0
llama3_2_latest,ToTSelfCorrectionRAG,19,qwen3:8b,0.1666666666666666,3,0.0,0.5,0.0
llama3_2_latest,ToTSelfCorrectionRAG,20,qwen3:8b,0.0,3,0.0,0.0,0.0
llama3_2_latest,ToTSelfCorrectionRAG,21,qwen3:8b,0.1666666666666666,3,0.0,0.0,0.5
llama3_2_latest,ToTSelfCorrectionRAG,22,qwen3:8b,0.5,3,0.5,0.5,0.5
llama3_2_latest,ToTSelfCorrectionRAG,23,qwen3:8b,0.3333333333333333,3,0.0,0.5,0.5
llama3_2_latest,ToTSelfCorrectionRAG,24,qwen3:8b,0.5,3,0.5,0.5,0.5
llama3_2_latest,ToTSelfCorrectionRAG,25,qwen3:8b,0.5,3,0.5,0.5,0.5
llama3_2_latest,ToTSelfCorrectionRAG,26,qwen3:8b,0.3333333333333333,3,0.5,0.5,0.0
llama3_2_latest,ToTSelfCorrectionRAG,27,qwen3:8b,0.5,3,0.5,0.5,0.5
llama3_2_latest,ToTSelfCorrectionRAG,28,qwen3:8b,0.1666666666666666,3,0.0,0.5,0.0
llama3_2_latest,ToTSelfCorrectionRAG,29,qwen3:8b,0.0,3,0.0,0.0,0.0
llama3_2_latest,ToTSelfCorrectionRAG,30,qwen3:8b,0.0,3,0.0,0.0,0.0
llama3_2_latest,ToTSelfCorrectionRAG,31,qwen3:8b,0.0,3,0.0,0.0,0.0
llama3_2_latest,ToTSelfCorrectionRAG,32,qwen3:8b,0.5,3,0.5,0.5,0.5
llama3_2_latest,ToTSelfCorrectionRAG,33,qwen3:8b,0.5,3,0.5,0.5,0.5
llama3_2_latest,ToTSelfCorrectionRAG,34,qwen3:8b,0.1666666666666666,3,0.0,0.0,0.5
llama3_2_latest,ToTSelfCorrectionRAG,35,qwen3:8b,0.1666666666666666,3,0.0,0.5,0.0
llama3_2_latest,ToTSelfCorrectionRAG,36,qwen3:8b,0.5,3,0.5,0.5,0.5
llama3_2_latest,ToTSelfCorrectionRAG,37,qwen3:8b,0.0,3,0.0,0.0,0.0
llama3_2_latest,ToTSelfCorrectionRAG,38,qwen3:8b,0.5,3,0.5,0.5,0.5
llama3_2_latest,ToTSelfCorrectionRAG,39,qwen3:8b,0.5,3,0.5,0.5,0.5
llama3_2_latest,ToTSelfCorrectionRAG,40,qwen3:8b,0.3333333333333333,3,0.0,0.5,0.5
llama3_2_latest,ToTSelfCorrectionRAG,41,qwen3:8b,0.3333333333333333,3,0.5,0.5,0.0
llama3_2_latest,ToTSelfCorrectionRAG,42,qwen3:8b,0.3333333333333333,3,0.0,0.5,0.5
llama3_2_latest,ToTSelfCorrectionRAG,43,qwen3:8b,0.1666666666666666,3,0.0,0.0,0.5
llama3_2_latest,ToTSelfCorrectionRAG,44,qwen3:8b,0.3333333333333333,3,0.5,0.5,0.0
llama3_2_latest,ToTSelfCorrectionRAG,45,qwen3:8b,0.3333333333333333,3,0.5,0.5,0.0
llama3_2_latest,ToTSelfCorrectionRAG,46,qwen3:8b,0.1666666666666666,3,0.0,0.0,0.5
llama3_2_latest,ToTSelfCorrectionRAG,47,qwen3:8b,0.5,3,0.5,0.5,0.5
llama3_2_latest,ToTSelfCorrectionRAG,48,qwen3:8b,0.0,3,0.0,0.0,0.0
llama3_2_latest,ToTSelfCorrectionRAG,49,qwen3:8b,0.5,3,0.5,0.5,0.5
llama3_2_latest,ToTSelfCorrectionRAG,50,qwen3:8b,0.0,3,0.0,0.0,0.0
llama3_2_latest,ToTSelfCorrectionRAG,51,qwen3:8b,0.3333333333333333,3,0.5,0.0,0.5
llama3_2_latest,ToTSelfCorrectionRAG,52,qwen3:8b,0.0,3,0.0,0.0,0.0
llama3_2_latest,ToTSelfCorrectionRAG,53,qwen3:8b,0.5,3,0.5,0.5,0.5
llama3_2_latest,ToTSelfCorrectionRAG,54,qwen3:8b,0.5,3,0.5,0.5,0.5
llama3_2_latest,ToTSelfCorrectionRAG,55,qwen3:8b,0.0,3,0.0,0.0,0.0
llama3_2_latest,ToTSelfCorrectionRAG,56,qwen3:8b,0.1666666666666666,3,0.0,0.5,0.0
llama3_2_latest,ToTSelfCorrectionRAG,57,qwen3:8b,0.5,3,0.5,0.5,0.5
llama3_2_latest,ToTSelfCorrectionRAG,58,qwen3:8b,0.0,3,0.0,0.0,0.0
llama3_2_latest,ToTSelfCorrectionRAG,59,qwen3:8b,0.5,3,0.5,0.5,0.5
llama3_2_latest,ToTSelfCorrectionRAG,60,qwen3:8b,0.1666666666666666,3,0.5,0.0,0.0
llama3_2_latest,ToTSelfCorrectionRAG,61,qwen3:8b,0.0,3,0.0,0.0,0.0
llama3_2_latest,ToTSelfCorrectionRAG,62,qwen3:8b,0.3333333333333333,3,0.5,0.0,0.5
llama3_2_latest,ToTSelfCorrectionRAG,63,qwen3:8b,0.5,3,0.5,0.5,0.5
llama3_2_latest,ToTSelfCorrectionRAG,64,qwen3:8b,0.5,3,0.5,0.5,0.5
llama3_2_latest,ToTSelfCorrectionRAG,65,qwen3:8b,0.5,3,0.5,0.5,0.5
llama3_2_latest,ToTSelfCorrectionRAG,66,qwen3:8b,0.3333333333333333,3,0.5,0.5,0.0
phi4_14b,GoTPlainLLM,0,qwen3:8b,0.5,3,0.5,0.5,0.5
phi4_14b,GoTPlainLLM,1,qwen3:8b,0.3333333333333333,3,0.5,0.0,0.5
phi4_14b,GoTPlainLLM,2,qwen3:8b,0.3333333333333333,3,0.0,0.5,0.5
phi4_14b,GoTPlainLLM,3,qwen3:8b,0.5,3,0.5,0.5,0.5
phi4_14b,GoTPlainLLM,4,qwen3:8b,0.5,3,0.5,0.5,0.5
phi4_14b,GoTPlainLLM,5,qwen3:8b,0.5,3,0.5,0.5,0.5
phi4_14b,GoTPlainLLM,6,qwen3:8b,0.1666666666666666,3,0.0,0.0,0.5
phi4_14b,GoTPlainLLM,7,qwen3:8b,0.5,3,0.5,0.5,0.5
phi4_14b,GoTPlainLLM,8,qwen3:8b,0.5,3,0.5,0.5,0.5
phi4_14b,GoTPlainLLM,9,qwen3:8b,0.3333333333333333,3,0.5,0.0,0.5
phi4_14b,GoTPlainLLM,10,qwen3:8b,0.3333333333333333,3,0.0,0.5,0.5
phi4_14b,GoTPlainLLM,11,qwen3:8b,0.5,3,0.5,0.5,0.5
phi4_14b,GoTPlainLLM,12,qwen3:8b,0.5,3,0.5,0.5,0.5
phi4_14b,GoTPlainLLM,13,qwen3:8b,0.5,3,0.5,0.5,0.5
phi4_14b,GoTPlainLLM,14,qwen3:8b,0.5,3,0.5,0.5,0.5
phi4_14b,GoTPlainLLM,15,qwen3:8b,0.1666666666666666,3,0.5,0.0,0.0
phi4_14b,GoTPlainLLM,16,qwen3:8b,0.5,3,0.5,0.5,0.5
phi4_14b,GoTPlainLLM,17,qwen3:8b,0.1666666666666666,3,0.0,0.5,0.0
phi4_14b,GoTPlainLLM,18,qwen3:8b,0.5,3,0.5,0.5,0.5
phi4_14b,GoTPlainLLM,19,qwen3:8b,0.1666666666666666,3,0.0,0.5,0.0
phi4_14b,GoTPlainLLM,20,qwen3:8b,0.3333333333333333,3,0.5,0.5,0.0
phi4_14b,GoTPlainLLM,21,qwen3:8b,0.5,3,0.5,0.5,0.5
phi4_14b,GoTPlainLLM,22,qwen3:8b,0.5,3,0.5,0.5,0.5
phi4_14b,GoTPlainLLM,23,qwen3:8b,0.5,3,0.5,0.5,0.5
phi4_14b,GoTPlainLLM,24,qwen3:8b,0.5,3,0.5,0.5,0.5
phi4_14b,GoTPlainLLM,25,qwen3:8b,0.5,3,0.5,0.5,0.5
phi4_14b,GoTPlainLLM,26,qwen3:8b,0.5,3,0.5,0.5,0.5
phi4_14b,GoTPlainLLM,27,qwen3:8b,0.5,3,0.5,0.5,0.5
phi4_14b,GoTPlainLLM,28,qwen3:8b,0.6666666666666666,3,0.5,0.5,1.0
phi4_14b,GoTPlainLLM,29,qwen3:8b,0.5,3,0.5,0.5,0.5
phi4_14b,GoTPlainLLM,30,qwen3:8b,0.5,3,0.5,0.5,0.5
phi4_14b,GoTPlainLLM,31,qwen3:8b,0.5,3,0.5,0.5,0.5
phi4_14b,GoTPlainLLM,32,qwen3:8b,0.3333333333333333,3,0.0,0.5,0.5
phi4_14b,GoTPlainLLM,33,qwen3:8b,0.5,3,0.5,0.5,0.5
phi4_14b,GoTPlainLLM,34,qwen3:8b,0.5,3,0.5,0.5,0.5
phi4_14b,GoTPlainLLM,35,qwen3:8b,0.5,3,0.0,0.5,1.0
phi4_14b,GoTPlainLLM,36,qwen3:8b,0.3333333333333333,3,0.5,0.0,0.5
phi4_14b,GoTPlainLLM,37,qwen3:8b,0.5,3,0.5,0.5,0.5
phi4_14b,GoTPlainLLM,38,qwen3:8b,0.5,3,0.5,0.5,0.5
phi4_14b,GoTPlainLLM,39,qwen3:8b,0.5,3,0.5,0.5,0.5
phi4_14b,GoTPlainLLM,40,qwen3:8b,0.3333333333333333,3,0.5,0.5,0.0
phi4_14b,GoTPlainLLM,41,qwen3:8b,0.3333333333333333,3,0.5,0.0,0.5
phi4_14b,GoTPlainLLM,42,qwen3:8b,0.3333333333333333,3,0.5,0.5,0.0
phi4_14b,GoTPlainLLM,43,qwen3:8b,0.1666666666666666,3,0.0,0.0,0.5
phi4_14b,GoTPlainLLM,44,qwen3:8b,1.0,3,1.0,1.0,1.0
phi4_14b,GoTPlainLLM,45,qwen3:8b,0.5,3,0.5,0.5,0.5
phi4_14b,GoTPlainLLM,46,qwen3:8b,0.5,3,0.5,0.5,0.5
phi4_14b,GoTPlainLLM,47,qwen3:8b,0.3333333333333333,3,0.5,0.5,0.0
phi4_14b,GoTPlainLLM,48,qwen3:8b,0.3333333333333333,3,0.5,0.0,0.5
phi4_14b,GoTPlainLLM,49,qwen3:8b,0.5,3,0.5,0.5,0.5
phi4_14b,GoTPlainLLM,50,qwen3:8b,0.5,3,0.5,0.5,0.5
phi4_14b,GoTPlainLLM,51,qwen3:8b,0.1666666666666666,3,0.5,0.0,0.0
phi4_14b,GoTPlainLLM,52,qwen3:8b,0.5,3,0.5,0.5,0.5
phi4_14b,GoTPlainLLM,53,qwen3:8b,0.5,3,0.5,0.5,0.5
phi4_14b,GoTPlainLLM,54,qwen3:8b,0.5,3,0.5,0.5,0.5
phi4_14b,GoTPlainLLM,55,qwen3:8b,0.3333333333333333,3,0.5,0.5,0.0
phi4_14b,GoTPlainLLM,56,qwen3:8b,0.5,3,0.5,0.5,0.5
phi4_14b,GoTPlainLLM,57,qwen3:8b,0.1666666666666666,3,0.0,0.0,0.5
phi4_14b,GoTPlainLLM,58,qwen3:8b,0.5,3,0.5,0.5,0.5
phi4_14b,GoTPlainLLM,59,qwen3:8b,0.5,3,0.5,0.5,0.5
phi4_14b,GoTPlainLLM,60,qwen3:8b,0.5,3,0.5,0.5,0.5
phi4_14b,GoTPlainLLM,61,qwen3:8b,1.0,3,1.0,1.0,1.0
phi4_14b,GoTPlainLLM,62,qwen3:8b,0.5,3,0.5,0.5,0.5
phi4_14b,GoTPlainLLM,63,qwen3:8b,0.5,3,0.5,0.5,0.5
phi4_14b,GoTPlainLLM,64,qwen3:8b,0.5,3,0.5,0.5,0.5
phi4_14b,GoTPlainLLM,65,qwen3:8b,0.5,3,0.5,0.5,0.5
phi4_14b,GoTPlainLLM,66,qwen3:8b,0.5,3,0.5,0.5,0.5
qwen3_8b,ToTSelfCorrectionRAG,0,deepseek-coder:6.7b,0.9166666666666666,3,0.75,1.0,1.0
qwen3_8b,ToTSelfCorrectionRAG,1,deepseek-coder:6.7b,0.6333333333333333,3,0.0,1.0,0.9
qwen3_8b,ToTSelfCorrectionRAG,2,deepseek-coder:6.7b,0.6666666666666666,3,1.0,0.5,0.5
qwen3_8b,ToTSelfCorrectionRAG,3,deepseek-coder:6.7b,0.9166666666666666,3,1.0,0.75,1.0
qwen3_8b,ToTSelfCorrectionRAG,4,deepseek-coder:6.7b,1.0,3,1.0,1.0,1.0
qwen3_8b,ToTSelfCorrectionRAG,5,deepseek-coder:6.7b,0.9666666666666668,3,1.0,1.0,0.9
qwen3_8b,ToTSelfCorrectionRAG,6,deepseek-coder:6.7b,0.95,3,1.0,0.85,1.0
qwen3_8b,ToTSelfCorrectionRAG,7,deepseek-coder:6.7b,0.7000000000000001,3,0.1,1.0,1.0
qwen3_8b,ToTSelfCorrectionRAG,8,deepseek-coder:6.7b,0.8333333333333334,3,1.0,1.0,0.5
qwen3_8b,ToTSelfCorrectionRAG,9,deepseek-coder:6.7b,0.4533333333333333,3,0.5,0.67,0.19
qwen3_8b,ToTSelfCorrectionRAG,10,deepseek-coder:6.7b,0.8166666666666668,3,1.0,0.5,0.95
qwen3_8b,ToTSelfCorrectionRAG,11,deepseek-coder:6.7b,0.8333333333333334,3,0.5,1.0,1.0
qwen3_8b,ToTSelfCorrectionRAG,12,deepseek-coder:6.7b,0.6666666666666666,3,0.0,1.0,1.0
qwen3_8b,ToTSelfCorrectionRAG,13,deepseek-coder:6.7b,1.0,3,1.0,1.0,1.0
qwen3_8b,ToTSelfCorrectionRAG,14,deepseek-coder:6.7b,1.0,3,1.0,1.0,1.0
qwen3_8b,ToTSelfCorrectionRAG,15,deepseek-coder:6.7b,1.0,3,1.0,1.0,1.0
qwen3_8b,ToTSelfCorrectionRAG,16,deepseek-coder:6.7b,0.9166666666666666,3,0.75,1.0,1.0
qwen3_8b,ToTSelfCorrectionRAG,17,deepseek-coder:6.7b,0.5166666666666667,3,0.05,1.0,0.5
qwen3_8b,ToTSelfCorrectionRAG,18,deepseek-coder:6.7b,0.45,3,0.5,0.85,0.0
qwen3_8b,ToTSelfCorrectionRAG,19,deepseek-coder:6.7b,0.9,3,0.95,1.0,0.75
qwen3_8b,ToTSelfCorrectionRAG,20,deepseek-coder:6.7b,1.0,3,1.0,1.0,1.0
qwen3_8b,ToTSelfCorrectionRAG,21,deepseek-coder:6.7b,0.8333333333333334,3,1.0,1.0,0.5
qwen3_8b,ToTSelfCorrectionRAG,22,deepseek-coder:6.7b,0.8333333333333334,3,1.0,0.5,1.0
qwen3_8b,ToTSelfCorrectionRAG,23,deepseek-coder:6.7b,1.0,3,1.0,1.0,1.0
qwen3_8b,ToTSelfCorrectionRAG,24,deepseek-coder:6.7b,0.9166666666666666,3,1.0,1.0,0.75
qwen3_8b,ToTSelfCorrectionRAG,25,deepseek-coder:6.7b,0.8333333333333334,3,1.0,0.5,1.0
qwen3_8b,ToTSelfCorrectionRAG,26,deepseek-coder:6.7b,0.3333333333333333,3,0.5,0.0,0.5
qwen3_8b,ToTSelfCorrectionRAG,27,deepseek-coder:6.7b,1.0,3,1.0,1.0,1.0
qwen3_8b,ToTSelfCorrectionRAG,28,deepseek-coder:6.7b,0.9833333333333334,3,1.0,1.0,0.95
qwen3_8b,ToTSelfCorrectionRAG,29,deepseek-coder:6.7b,0.8333333333333334,3,1.0,1.0,0.5
qwen3_8b,ToTSelfCorrectionRAG,30,deepseek-coder:6.7b,0.8333333333333334,3,1.0,0.5,1.0
qwen3_8b,ToTSelfCorrectionRAG,31,deepseek-coder:6.7b,1.0,3,1.0,1.0,1.0
qwen3_8b,ToTSelfCorrectionRAG,32,deepseek-coder:6.7b,0.7999999999999999,3,1.0,0.5,0.9
qwen3_8b,ToTSelfCorrectionRAG,33,deepseek-coder:6.7b,0.6666666666666666,3,1.0,1.0,0.0
qwen3_8b,ToTSelfCorrectionRAG,34,deepseek-coder:6.7b,0.9833333333333334,3,1.0,0.95,1.0
qwen3_8b,ToTSelfCorrectionRAG,35,deepseek-coder:6.7b,0.9666666666666668,3,1.0,0.9,1.0
qwen3_8b,ToTSelfCorrectionRAG,36,deepseek-coder:6.7b,0.5033333333333333,3,0.01,0.5,1.0
qwen3_8b,ToTSelfCorrectionRAG,37,deepseek-coder:6.7b,1.0,3,1.0,1.0,1.0
qwen3_8b,ToTSelfCorrectionRAG,38,deepseek-coder:6.7b,1.0,3,1.0,1.0,1.0
qwen3_8b,ToTSelfCorrectionRAG,39,deepseek-coder:6.7b,0.9,3,1.0,1.0,0.7
qwen3_8b,ToTSelfCorrectionRAG,40,deepseek-coder:6.7b,0.5566666666666666,3,0.67,0.5,0.5
qwen3_8b,ToTSelfCorrectionRAG,41,deepseek-coder:6.7b,0.5116666666666666,3,0.035,0.5,1.0
qwen3_8b,ToTSelfCorrectionRAG,42,deepseek-coder:6.7b,1.0,3,1.0,1.0,1.0
qwen3_8b,ToTSelfCorrectionRAG,43,deepseek-coder:6.7b,0.8083333333333332,3,0.675,1.0,0.75
qwen3_8b,ToTSelfCorrectionRAG,44,deepseek-coder:6.7b,0.89,3,1.0,0.67,1.0
qwen3_8b,ToTSelfCorrectionRAG,45,deepseek-coder:6.7b,0.99,3,1.0,0.97,1.0
qwen3_8b,ToTSelfCorrectionRAG,46,deepseek-coder:6.7b,0.5,3,0.5,0.5,0.5
qwen3_8b,ToTSelfCorrectionRAG,47,deepseek-coder:6.7b,1.0,3,1.0,1.0,1.0
qwen3_8b,ToTSelfCorrectionRAG,48,deepseek-coder:6.7b,0.8166666666666668,3,0.65,0.85,0.95
qwen3_8b,ToTSelfCorrectionRAG,49,deepseek-coder:6.7b,0.5,3,1.0,0.0,0.5
qwen3_8b,ToTSelfCorrectionRAG,50,deepseek-coder:6.7b,1.0,3,1.0,1.0,1.0
qwen3_8b,ToTSelfCorrectionRAG,51,deepseek-coder:6.7b,0.6666666666666666,3,0.0,1.0,1.0
qwen3_8b,ToTSelfCorrectionRAG,52,deepseek-coder:6.7b,1.0,3,1.0,1.0,1.0
qwen3_8b,ToTSelfCorrectionRAG,53,deepseek-coder:6.7b,0.89,3,0.67,1.0,1.0
qwen3_8b,ToTSelfCorrectionRAG,54,deepseek-coder:6.7b,0.9333333333333332,3,1.0,0.8,1.0
qwen3_8b,ToTSelfCorrectionRAG,55,deepseek-coder:6.7b,0.9166666666666666,3,0.75,1.0,1.0
qwen3_8b,ToTSelfCorrectionRAG,56,deepseek-coder:6.7b,0.5555555555555555,3,0.6666666666666666,0.0,1.0
qwen3_8b,ToTSelfCorrectionRAG,57,deepseek-coder:6.7b,1.0,3,1.0,1.0,1.0
qwen3_8b,ToTSelfCorrectionRAG,58,deepseek-coder:6.7b,0.7999999999999999,3,0.5,1.0,0.9
qwen3_8b,ToTSelfCorrectionRAG,59,deepseek-coder:6.7b,1.0,3,1.0,1.0,1.0
qwen3_8b,ToTSelfCorrectionRAG,60,deepseek-coder:6.7b,1.0,3,1.0,1.0,1.0
qwen3_8b,ToTSelfCorrectionRAG,61,deepseek-coder:6.7b,1.0,3,1.0,1.0,1.0
qwen3_8b,ToTSelfCorrectionRAG,62,deepseek-coder:6.7b,0.8333333333333334,3,0.75,0.75,1.0
qwen3_8b,ToTSelfCorrectionRAG,63,deepseek-coder:6.7b,0.8333333333333334,3,1.0,0.5,1.0
qwen3_8b,ToTSelfCorrectionRAG,64,deepseek-coder:6.7b,0.6666666666666666,3,0.7,0.8,0.5
qwen3_8b,ToTSelfCorrectionRAG,65,deepseek-coder:6.7b,0.5,3,0.5,1.0,0.0
qwen3_8b,ToTSelfCorrectionRAG,66,deepseek-coder:6.7b,0.6666666666666666,3,1.0,0.5,0.5
phi4_14b,CoTSelfCorrectionRAG,0,deepseek-coder:6.7b,0.6666666666666666,3,0.0,1.0,1.0
phi4_14b,CoTSelfCorrectionRAG,1,deepseek-coder:6.7b,0.6266666666666666,3,0.0,1.0,0.88
phi4_14b,CoTSelfCorrectionRAG,2,deepseek-coder:6.7b,0.8333333333333334,3,1.0,0.5,1.0
phi4_14b,CoTSelfCorrectionRAG,3,deepseek-coder:6.7b,0.8888888888888888,3,0.6666666666666666,1.0,1.0
phi4_14b,CoTSelfCorrectionRAG,4,deepseek-coder:6.7b,0.8333333333333334,3,1.0,0.5,1.0
phi4_14b,CoTSelfCorrectionRAG,5,deepseek-coder:6.7b,0.6666666666666666,3,1.0,0.5,0.5
phi4_14b,CoTSelfCorrectionRAG,6,deepseek-coder:6.7b,0.8333333333333334,3,0.5,1.0,1.0
phi4_14b,CoTSelfCorrectionRAG,7,deepseek-coder:6.7b,0.8333333333333334,3,0.5,1.0,1.0
phi4_14b,CoTSelfCorrectionRAG,8,deepseek-coder:6.7b,1.0,3,1.0,1.0,1.0
phi4_14b,CoTSelfCorrectionRAG,9,deepseek-coder:6.7b,0.9,3,1.0,0.7,1.0
phi4_14b,CoTSelfCorrectionRAG,10,deepseek-coder:6.7b,0.9166666666666666,3,1.0,0.75,1.0
phi4_14b,CoTSelfCorrectionRAG,11,deepseek-coder:6.7b,0.3433333333333333,3,0.03,0.0,1.0
phi4_14b,CoTSelfCorrectionRAG,12,deepseek-coder:6.7b,0.4266666666666667,3,0.03,0.5,0.75
phi4_14b,CoTSelfCorrectionRAG,13,deepseek-coder:6.7b,0.6666666666666666,3,1.0,1.0,0.0
phi4_14b,CoTSelfCorrectionRAG,14,deepseek-coder:6.7b,0.8333333333333334,3,1.0,0.5,1.0
phi4_14b,CoTSelfCorrectionRAG,15,deepseek-coder:6.7b,0.6666666666666666,3,0.5,1.0,0.5
phi4_14b,CoTSelfCorrectionRAG,16,deepseek-coder:6.7b,0.6666666666666666,3,1.0,0.0,1.0
phi4_14b,CoTSelfCorrectionRAG,17,deepseek-coder:6.7b,1.0,3,1.0,1.0,1.0
phi4_14b,CoTSelfCorrectionRAG,18,deepseek-coder:6.7b,0.8333333333333334,3,1.0,1.0,0.5
phi4_14b,CoTSelfCorrectionRAG,19,deepseek-coder:6.7b,0.7833333333333333,3,0.5,0.95,0.9
phi4_14b,CoTSelfCorrectionRAG,20,deepseek-coder:6.7b,1.0,3,1.0,1.0,1.0
phi4_14b,CoTSelfCorrectionRAG,21,deepseek-coder:6.7b,0.7166666666666667,3,1.0,0.65,0.5
phi4_14b,CoTSelfCorrectionRAG,22,deepseek-coder:6.7b,0.6666666666666666,3,0.0,1.0,1.0
phi4_14b,CoTSelfCorrectionRAG,23,deepseek-coder:6.7b,0.6166666666666667,3,0.0,1.0,0.85
phi4_14b,CoTSelfCorrectionRAG,24,deepseek-coder:6.7b,0.8333333333333334,3,1.0,0.5,1.0
phi4_14b,CoTSelfCorrectionRAG,25,deepseek-coder:6.7b,0.75,3,1.0,0.75,0.5
phi4_14b,CoTSelfCorrectionRAG,26,deepseek-coder:6.7b,0.9166666666666666,3,1.0,1.0,0.75
phi4_14b,CoTSelfCorrectionRAG,27,deepseek-coder:6.7b,0.6666666666666666,3,1.0,0.5,0.5
phi4_14b,CoTSelfCorrectionRAG,28,deepseek-coder:6.7b,1.0,3,1.0,1.0,1.0
phi4_14b,CoTSelfCorrectionRAG,29,deepseek-coder:6.7b,0.8333333333333334,3,1.0,0.5,1.0
phi4_14b,CoTSelfCorrectionRAG,30,deepseek-coder:6.7b,0.9,3,1.0,1.0,0.7
phi4_14b,CoTSelfCorrectionRAG,31,deepseek-coder:6.7b,0.2833333333333333,3,0.85,0.0,0.0
phi4_14b,CoTSelfCorrectionRAG,32,deepseek-coder:6.7b,0.61,3,0.83,0.0,1.0
phi4_14b,CoTSelfCorrectionRAG,33,deepseek-coder:6.7b,0.9,3,1.0,0.7,1.0
phi4_14b,CoTSelfCorrectionRAG,34,deepseek-coder:6.7b,0.61,3,0.5,1.0,0.33
phi4_14b,CoTSelfCorrectionRAG,35,deepseek-coder:6.7b,0.6666666666666666,3,0.5,0.5,1.0
phi4_14b,CoTSelfCorrectionRAG,36,deepseek-coder:6.7b,1.0,3,1.0,1.0,1.0
phi4_14b,CoTSelfCorrectionRAG,37,deepseek-coder:6.7b,1.0,3,1.0,1.0,1.0
phi4_14b,CoTSelfCorrectionRAG,38,deepseek-coder:6.7b,0.6748333333333334,3,0.0245,1.0,1.0
phi4_14b,CoTSelfCorrectionRAG,39,deepseek-coder:6.7b,0.75,3,0.75,0.5,1.0
phi4_14b,CoTSelfCorrectionRAG,40,deepseek-coder:6.7b,0.8333333333333334,3,1.0,1.0,0.5
phi4_14b,CoTSelfCorrectionRAG,41,deepseek-coder:6.7b,0.9833333333333334,3,1.0,0.95,1.0
phi4_14b,CoTSelfCorrectionRAG,42,deepseek-coder:6.7b,0.9166666666666666,3,1.0,0.75,1.0
phi4_14b,CoTSelfCorrectionRAG,43,deepseek-coder:6.7b,0.3333333333333333,3,1.0,0.0,0.0
phi4_14b,CoTSelfCorrectionRAG,44,deepseek-coder:6.7b,1.0,3,1.0,1.0,1.0
phi4_14b,CoTSelfCorrectionRAG,45,deepseek-coder:6.7b,0.6666666666666666,3,1.0,0.0,1.0
phi4_14b,CoTSelfCorrectionRAG,46,deepseek-coder:6.7b,0.6,3,0.8,0.0,1.0
phi4_14b,CoTSelfCorrectionRAG,47,deepseek-coder:6.7b,0.6666666666666666,3,0.5,1.0,0.5
phi4_14b,CoTSelfCorrectionRAG,48,deepseek-coder:6.7b,0.5,3,1.0,0.5,0.0
phi4_14b,CoTSelfCorrectionRAG,49,deepseek-coder:6.7b,0.6666666666666666,3,0.5,0.5,1.0
phi4_14b,CoTSelfCorrectionRAG,50,deepseek-coder:6.7b,0.8333333333333334,3,1.0,0.5,1.0
phi4_14b,CoTSelfCorrectionRAG,51,deepseek-coder:6.7b,0.6666666666666666,3,1.0,0.0,1.0
phi4_14b,CoTSelfCorrectionRAG,52,deepseek-coder:6.7b,1.0,3,1.0,1.0,1.0
phi4_14b,CoTSelfCorrectionRAG,53,deepseek-coder:6.7b,1.0,3,1.0,1.0,1.0
phi4_14b,CoTSelfCorrectionRAG,54,deepseek-coder:6.7b,0.6666666666666666,3,0.0,1.0,1.0
phi4_14b,CoTSelfCorrectionRAG,55,deepseek-coder:6.7b,1.0,3,1.0,1.0,1.0
phi4_14b,CoTSelfCorrectionRAG,56,deepseek-coder:6.7b,0.3366666666666666,3,0.0,0.01,1.0
phi4_14b,CoTSelfCorrectionRAG,57,deepseek-coder:6.7b,0.5566666666666666,3,0.01,0.67,0.99
phi4_14b,CoTSelfCorrectionRAG,58,deepseek-coder:6.7b,0.9166666666666666,3,1.0,0.75,1.0
phi4_14b,CoTSelfCorrectionRAG,59,deepseek-coder:6.7b,0.8333333333333334,3,1.0,1.0,0.5
phi4_14b,CoTSelfCorrectionRAG,60,deepseek-coder:6.7b,0.9166666666666666,3,1.0,0.75,1.0
phi4_14b,CoTSelfCorrectionRAG,61,deepseek-coder:6.7b,1.0,3,1.0,1.0,1.0
phi4_14b,CoTSelfCorrectionRAG,62,deepseek-coder:6.7b,1.0,3,1.0,1.0,1.0
phi4_14b,CoTSelfCorrectionRAG,63,deepseek-coder:6.7b,0.6766666666666666,3,1.0,0.03,1.0
phi4_14b,CoTSelfCorrectionRAG,64,deepseek-coder:6.7b,0.8333333333333334,3,1.0,1.0,0.5
phi4_14b,CoTSelfCorrectionRAG,65,deepseek-coder:6.7b,0.625,3,1.0,0.5,0.375
phi4_14b,CoTSelfCorrectionRAG,66,deepseek-coder:6.7b,0.8333333333333334,3,1.0,0.5,1.0
qwen3_8b,CoTSelfCorrectionRAG,0,qwen3:8b,0.5,3,0.5,0.5,0.5
qwen3_8b,CoTSelfCorrectionRAG,1,qwen3:8b,0.5,3,0.5,0.5,0.5
qwen3_8b,CoTSelfCorrectionRAG,2,qwen3:8b,0.5,3,0.5,0.5,0.5
qwen3_8b,CoTSelfCorrectionRAG,3,qwen3:8b,0.5,3,0.5,0.5,0.5
qwen3_8b,CoTSelfCorrectionRAG,4,qwen3:8b,0.5,3,0.5,0.5,0.5
qwen3_8b,CoTSelfCorrectionRAG,5,qwen3:8b,0.5,3,0.5,0.5,0.5
qwen3_8b,CoTSelfCorrectionRAG,6,qwen3:8b,0.3333333333333333,3,0.5,0.5,0.0
qwen3_8b,CoTSelfCorrectionRAG,7,qwen3:8b,0.3333333333333333,3,0.5,0.5,0.0
qwen3_8b,CoTSelfCorrectionRAG,8,qwen3:8b,0.5,3,0.5,0.5,0.5
qwen3_8b,CoTSelfCorrectionRAG,9,qwen3:8b,0.1666666666666666,3,0.0,0.0,0.5
qwen3_8b,CoTSelfCorrectionRAG,10,qwen3:8b,0.3333333333333333,3,0.0,0.5,0.5
qwen3_8b,CoTSelfCorrectionRAG,11,qwen3:8b,0.3333333333333333,3,0.5,0.5,0.0
qwen3_8b,CoTSelfCorrectionRAG,12,qwen3:8b,0.1666666666666666,3,0.0,0.0,0.5
qwen3_8b,CoTSelfCorrectionRAG,13,qwen3:8b,0.5,3,0.5,0.5,0.5
qwen3_8b,CoTSelfCorrectionRAG,14,qwen3:8b,0.5,3,0.5,0.5,0.5
qwen3_8b,CoTSelfCorrectionRAG,15,qwen3:8b,0.5,3,0.5,0.5,0.5
qwen3_8b,CoTSelfCorrectionRAG,16,qwen3:8b,0.5,3,0.5,0.5,0.5
qwen3_8b,CoTSelfCorrectionRAG,17,qwen3:8b,0.5,3,0.5,0.5,0.5
qwen3_8b,CoTSelfCorrectionRAG,18,qwen3:8b,0.5,3,0.5,0.5,0.5
qwen3_8b,CoTSelfCorrectionRAG,19,qwen3:8b,0.3333333333333333,3,0.5,0.5,0.0
qwen3_8b,CoTSelfCorrectionRAG,20,qwen3:8b,0.0,3,0.0,0.0,0.0
qwen3_8b,CoTSelfCorrectionRAG,21,qwen3:8b,0.5,3,0.5,0.5,0.5
qwen3_8b,CoTSelfCorrectionRAG,22,qwen3:8b,0.5,3,0.5,0.5,0.5
qwen3_8b,CoTSelfCorrectionRAG,23,qwen3:8b,1.0,3,1.0,1.0,1.0
qwen3_8b,CoTSelfCorrectionRAG,24,qwen3:8b,0.5,3,0.5,0.5,0.5
qwen3_8b,CoTSelfCorrectionRAG,25,qwen3:8b,0.5,3,0.5,0.5,0.5
qwen3_8b,CoTSelfCorrectionRAG,26,qwen3:8b,0.5,3,0.5,0.5,0.5
qwen3_8b,CoTSelfCorrectionRAG,27,qwen3:8b,0.5,3,0.5,0.5,0.5
qwen3_8b,CoTSelfCorrectionRAG,28,qwen3:8b,0.5,3,0.5,0.5,0.5
qwen3_8b,CoTSelfCorrectionRAG,29,qwen3:8b,0.5,3,0.5,0.5,0.5
qwen3_8b,CoTSelfCorrectionRAG,30,qwen3:8b,0.5,3,0.5,0.5,0.5
qwen3_8b,CoTSelfCorrectionRAG,31,qwen3:8b,0.6666666666666666,3,0.5,0.5,1.0
qwen3_8b,CoTSelfCorrectionRAG,32,qwen3:8b,0.5,3,0.5,0.5,0.5
qwen3_8b,CoTSelfCorrectionRAG,33,qwen3:8b,0.5,3,0.5,0.5,0.5
qwen3_8b,CoTSelfCorrectionRAG,34,qwen3:8b,0.3333333333333333,3,0.5,0.5,0.0
qwen3_8b,CoTSelfCorrectionRAG,35,qwen3:8b,0.5,3,0.5,0.5,0.5
qwen3_8b,CoTSelfCorrectionRAG,36,qwen3:8b,0.5,3,0.5,0.5,0.5
qwen3_8b,CoTSelfCorrectionRAG,37,qwen3:8b,0.6666666666666666,3,0.5,0.5,1.0
qwen3_8b,CoTSelfCorrectionRAG,38,qwen3:8b,0.1666666666666666,3,0.0,0.5,0.0
qwen3_8b,CoTSelfCorrectionRAG,39,qwen3:8b,0.5,3,0.5,0.5,0.5
qwen3_8b,CoTSelfCorrectionRAG,40,qwen3:8b,0.5,3,0.5,0.5,0.5
qwen3_8b,CoTSelfCorrectionRAG,41,qwen3:8b,0.3333333333333333,3,0.0,0.5,0.5
qwen3_8b,CoTSelfCorrectionRAG,42,qwen3:8b,0.3333333333333333,3,0.5,0.0,0.5
qwen3_8b,CoTSelfCorrectionRAG,43,qwen3:8b,0.8333333333333334,3,1.0,1.0,0.5
qwen3_8b,CoTSelfCorrectionRAG,44,qwen3:8b,0.5,3,0.5,0.5,0.5
qwen3_8b,CoTSelfCorrectionRAG,45,qwen3:8b,0.5,3,0.5,0.5,0.5
qwen3_8b,CoTSelfCorrectionRAG,46,qwen3:8b,0.3333333333333333,3,0.0,0.5,0.5
qwen3_8b,CoTSelfCorrectionRAG,47,qwen3:8b,0.1666666666666666,3,0.0,0.5,0.0
qwen3_8b,CoTSelfCorrectionRAG,48,qwen3:8b,0.3333333333333333,3,0.5,0.5,0.0
qwen3_8b,CoTSelfCorrectionRAG,49,qwen3:8b,0.5,3,0.5,0.5,0.5
qwen3_8b,CoTSelfCorrectionRAG,50,qwen3:8b,0.5,3,0.5,0.5,0.5
qwen3_8b,CoTSelfCorrectionRAG,51,qwen3:8b,0.5,3,0.5,0.5,0.5
qwen3_8b,CoTSelfCorrectionRAG,52,qwen3:8b,0.5,3,0.5,0.5,0.5
qwen3_8b,CoTSelfCorrectionRAG,53,qwen3:8b,0.5,3,0.5,0.5,0.5
qwen3_8b,CoTSelfCorrectionRAG,54,qwen3:8b,0.5,3,0.5,0.5,0.5
qwen3_8b,CoTSelfCorrectionRAG,55,qwen3:8b,0.1666666666666666,3,0.5,0.0,0.0
qwen3_8b,CoTSelfCorrectionRAG,56,qwen3:8b,0.5,3,0.5,0.5,0.5
qwen3_8b,CoTSelfCorrectionRAG,57,qwen3:8b,0.5,3,0.5,0.5,0.5
qwen3_8b,CoTSelfCorrectionRAG,58,qwen3:8b,0.5,3,0.5,0.5,0.5
qwen3_8b,CoTSelfCorrectionRAG,59,qwen3:8b,0.5,3,0.5,0.5,0.5
qwen3_8b,CoTSelfCorrectionRAG,60,qwen3:8b,0.5,3,0.5,0.5,0.5
qwen3_8b,CoTSelfCorrectionRAG,61,qwen3:8b,0.5,3,0.5,0.5,0.5
qwen3_8b,CoTSelfCorrectionRAG,62,qwen3:8b,0.5,3,0.5,0.5,0.5
qwen3_8b,CoTSelfCorrectionRAG,63,qwen3:8b,0.5,3,0.5,0.5,0.5
qwen3_8b,CoTSelfCorrectionRAG,64,qwen3:8b,0.5,3,0.5,0.5,0.5
qwen3_8b,CoTSelfCorrectionRAG,65,qwen3:8b,0.5,3,0.5,0.5,0.5
qwen3_8b,CoTSelfCorrectionRAG,66,qwen3:8b,0.3333333333333333,3,0.0,0.5,0.5
phi4_14b,ToTRAG,0,qwen3:8b,0.0,3,0.0,0.0,0.0
phi4_14b,ToTRAG,1,qwen3:8b,0.5,3,0.5,0.5,0.5
phi4_14b,ToTRAG,2,qwen3:8b,0.6666666666666666,3,1.0,0.5,0.5
phi4_14b,ToTRAG,3,qwen3:8b,0.6666666666666666,3,0.5,0.5,1.0
phi4_14b,ToTRAG,4,qwen3:8b,0.3333333333333333,3,0.5,0.5,0.0
phi4_14b,ToTRAG,5,qwen3:8b,0.5,3,0.5,0.5,0.5
phi4_14b,ToTRAG,6,qwen3:8b,0.5,3,0.5,0.5,0.5
phi4_14b,ToTRAG,7,qwen3:8b,1.0,3,1.0,1.0,1.0
phi4_14b,ToTRAG,8,qwen3:8b,0.5,3,0.5,0.5,0.5
phi4_14b,ToTRAG,9,qwen3:8b,0.5,3,0.5,0.5,0.5
phi4_14b,ToTRAG,10,qwen3:8b,0.0,3,0.0,0.0,0.0
phi4_14b,ToTRAG,11,qwen3:8b,0.5,3,1.0,0.0,0.5
phi4_14b,ToTRAG,12,qwen3:8b,0.5,3,0.5,0.5,0.5
phi4_14b,ToTRAG,13,qwen3:8b,0.8333333333333334,3,1.0,1.0,0.5
phi4_14b,ToTRAG,14,qwen3:8b,0.3333333333333333,3,0.5,0.0,0.5
phi4_14b,ToTRAG,15,qwen3:8b,0.5,3,0.5,0.5,0.5
phi4_14b,ToTRAG,16,qwen3:8b,0.6666666666666666,3,1.0,0.5,0.5
phi4_14b,ToTRAG,17,qwen3:8b,0.0,3,0.0,0.0,0.0
phi4_14b,ToTRAG,18,qwen3:8b,0.0,3,0.0,0.0,0.0
phi4_14b,ToTRAG,19,qwen3:8b,0.5,3,0.5,0.5,0.5
phi4_14b,ToTRAG,20,qwen3:8b,0.6666666666666666,3,0.5,1.0,0.5
phi4_14b,ToTRAG,21,qwen3:8b,0.5,3,0.5,0.5,0.5
phi4_14b,ToTRAG,22,qwen3:8b,0.3333333333333333,3,0.5,0.5,0.0
phi4_14b,ToTRAG,23,qwen3:8b,0.5,3,0.5,0.5,0.5
phi4_14b,ToTRAG,24,qwen3:8b,0.1666666666666666,3,0.5,0.0,0.0
phi4_14b,ToTRAG,25,qwen3:8b,0.5,3,0.5,0.5,0.5
phi4_14b,ToTRAG,26,qwen3:8b,0.5,3,0.5,0.5,0.5
phi4_14b,ToTRAG,27,qwen3:8b,0.5,3,0.5,0.5,0.5
phi4_14b,ToTRAG,28,qwen3:8b,0.1666666666666666,3,0.0,0.5,0.0
phi4_14b,ToTRAG,29,qwen3:8b,0.6666666666666666,3,1.0,0.5,0.5
phi4_14b,ToTRAG,30,qwen3:8b,0.5,3,0.5,0.5,0.5
phi4_14b,ToTRAG,31,qwen3:8b,0.1666666666666666,3,0.0,0.5,0.0
phi4_14b,ToTRAG,32,qwen3:8b,0.0,3,0.0,0.0,0.0
phi4_14b,ToTRAG,33,qwen3:8b,0.5,3,0.5,0.5,0.5
phi4_14b,ToTRAG,34,qwen3:8b,1.0,3,1.0,1.0,1.0
phi4_14b,ToTRAG,35,qwen3:8b,0.5,3,0.5,0.5,0.5
phi4_14b,ToTRAG,36,qwen3:8b,0.0,3,0.0,0.0,0.0
phi4_14b,ToTRAG,37,qwen3:8b,0.5,3,0.5,0.5,0.5
phi4_14b,ToTRAG,38,qwen3:8b,0.5,3,0.5,0.5,0.5
phi4_14b,ToTRAG,39,qwen3:8b,0.5,3,0.5,0.5,0.5
phi4_14b,ToTRAG,40,qwen3:8b,0.5,3,0.5,0.5,0.5
phi4_14b,ToTRAG,41,qwen3:8b,0.1666666666666666,3,0.0,0.0,0.5
phi4_14b,ToTRAG,42,qwen3:8b,0.5,3,0.5,0.5,0.5
phi4_14b,ToTRAG,43,qwen3:8b,0.1666666666666666,3,0.0,0.5,0.0
phi4_14b,ToTRAG,44,qwen3:8b,0.5,3,0.5,0.5,0.5
phi4_14b,ToTRAG,45,qwen3:8b,0.3333333333333333,3,0.0,0.5,0.5
phi4_14b,ToTRAG,46,qwen3:8b,0.0,3,0.0,0.0,0.0
phi4_14b,ToTRAG,47,qwen3:8b,0.5,3,0.5,0.5,0.5
phi4_14b,ToTRAG,48,qwen3:8b,0.5,3,0.5,0.5,0.5
phi4_14b,ToTRAG,49,qwen3:8b,0.0,3,0.0,0.0,0.0
phi4_14b,ToTRAG,50,qwen3:8b,0.5,3,0.5,0.5,0.5
phi4_14b,ToTRAG,51,qwen3:8b,0.5,3,0.5,0.5,0.5
phi4_14b,ToTRAG,52,qwen3:8b,0.5,3,0.5,0.5,0.5
phi4_14b,ToTRAG,53,qwen3:8b,0.0,3,0.0,0.0,0.0
phi4_14b,ToTRAG,54,qwen3:8b,0.3333333333333333,3,0.0,0.5,0.5
phi4_14b,ToTRAG,55,qwen3:8b,0.3333333333333333,3,0.5,0.5,0.0
phi4_14b,ToTRAG,56,qwen3:8b,0.5,3,0.5,0.5,0.5
phi4_14b,ToTRAG,57,qwen3:8b,0.5,3,0.5,0.5,0.5
phi4_14b,ToTRAG,58,qwen3:8b,0.3333333333333333,3,0.5,0.5,0.0
phi4_14b,ToTRAG,59,qwen3:8b,0.3333333333333333,3,0.5,0.5,0.0
phi4_14b,ToTRAG,60,qwen3:8b,0.0,3,0.0,0.0,0.0
phi4_14b,ToTRAG,61,qwen3:8b,0.5,3,0.5,0.5,0.5
phi4_14b,ToTRAG,62,qwen3:8b,0.5,3,0.5,0.5,0.5
phi4_14b,ToTRAG,63,qwen3:8b,0.5,3,0.5,0.5,0.5
phi4_14b,ToTRAG,64,qwen3:8b,0.5,3,0.5,0.5,0.5
phi4_14b,ToTRAG,65,qwen3:8b,0.5,3,0.5,0.5,0.5
phi4_14b,ToTRAG,66,qwen3:8b,0.5,3,0.5,0.5,0.5
phi4_14b,SimpleRAG,0,qwen3:8b,0.3333333333333333,3,0.5,0.5,0.0
phi4_14b,SimpleRAG,1,qwen3:8b,0.5,3,0.5,0.5,0.5
phi4_14b,SimpleRAG,2,qwen3:8b,0.6666666666666666,3,0.5,0.5,1.0
phi4_14b,SimpleRAG,3,qwen3:8b,0.5,3,0.5,0.5,0.5
phi4_14b,SimpleRAG,4,qwen3:8b,0.5,3,0.5,0.5,0.5
phi4_14b,SimpleRAG,5,qwen3:8b,0.5,3,0.5,0.5,0.5
phi4_14b,SimpleRAG,6,qwen3:8b,0.5,3,0.5,0.5,0.5
phi4_14b,SimpleRAG,7,qwen3:8b,0.3333333333333333,3,0.5,0.5,0.0
phi4_14b,SimpleRAG,8,qwen3:8b,0.5,3,0.5,0.5,0.5
phi4_14b,SimpleRAG,9,qwen3:8b,0.5,3,0.5,0.5,0.5
phi4_14b,SimpleRAG,10,qwen3:8b,0.5,3,0.5,0.5,0.5
phi4_14b,SimpleRAG,11,qwen3:8b,0.3333333333333333,3,0.5,0.5,0.0
phi4_14b,SimpleRAG,12,qwen3:8b,0.5,3,0.5,0.5,0.5
phi4_14b,SimpleRAG,13,qwen3:8b,0.5,3,0.5,0.5,0.5
phi4_14b,SimpleRAG,14,qwen3:8b,0.6666666666666666,3,1.0,0.5,0.5
phi4_14b,SimpleRAG,15,qwen3:8b,0.5,3,0.5,0.5,0.5
phi4_14b,SimpleRAG,16,qwen3:8b,0.5,3,0.5,0.5,0.5
phi4_14b,SimpleRAG,17,qwen3:8b,0.5,3,0.5,0.5,0.5
phi4_14b,SimpleRAG,18,qwen3:8b,0.5,3,0.5,0.5,0.5
phi4_14b,SimpleRAG,19,qwen3:8b,0.3333333333333333,3,0.5,0.0,0.5
phi4_14b,SimpleRAG,20,qwen3:8b,0.5,3,0.5,0.5,0.5
phi4_14b,SimpleRAG,21,qwen3:8b,0.5,3,0.5,0.5,0.5
phi4_14b,SimpleRAG,22,qwen3:8b,0.5,3,0.5,0.5,0.5
phi4_14b,SimpleRAG,23,qwen3:8b,0.5,3,0.5,0.5,0.5
phi4_14b,SimpleRAG,24,qwen3:8b,0.5,3,0.5,0.5,0.5
phi4_14b,SimpleRAG,25,qwen3:8b,0.5,3,0.5,0.5,0.5
phi4_14b,SimpleRAG,26,qwen3:8b,0.5,3,0.5,0.5,0.5
phi4_14b,SimpleRAG,27,qwen3:8b,0.5,3,0.5,0.5,0.5
phi4_14b,SimpleRAG,28,qwen3:8b,0.5,3,0.5,0.5,0.5
phi4_14b,SimpleRAG,29,qwen3:8b,0.5,3,0.5,0.5,0.5
phi4_14b,SimpleRAG,30,qwen3:8b,0.5,3,0.5,0.5,0.5
phi4_14b,SimpleRAG,31,qwen3:8b,0.3333333333333333,3,0.5,0.5,0.0
phi4_14b,SimpleRAG,32,qwen3:8b,0.5,3,0.5,0.5,0.5
phi4_14b,SimpleRAG,33,qwen3:8b,0.5,3,0.5,0.5,0.5
phi4_14b,SimpleRAG,34,qwen3:8b,0.5,3,0.5,0.5,0.5
phi4_14b,SimpleRAG,35,qwen3:8b,0.3333333333333333,3,0.0,0.5,0.5
phi4_14b,SimpleRAG,36,qwen3:8b,0.0,3,0.0,0.0,0.0
phi4_14b,SimpleRAG,37,qwen3:8b,0.5,3,0.5,0.5,0.5
phi4_14b,SimpleRAG,38,qwen3:8b,0.5,3,0.5,0.5,0.5
phi4_14b,SimpleRAG,39,qwen3:8b,0.5,3,0.5,0.5,0.5
phi4_14b,SimpleRAG,40,qwen3:8b,0.5,3,0.5,0.5,0.5
phi4_14b,SimpleRAG,41,qwen3:8b,0.3333333333333333,3,0.5,0.5,0.0
phi4_14b,SimpleRAG,42,qwen3:8b,0.5,3,0.5,0.5,0.5
phi4_14b,SimpleRAG,43,qwen3:8b,0.3333333333333333,3,0.5,0.0,0.5
phi4_14b,SimpleRAG,44,qwen3:8b,0.5,3,0.5,0.5,0.5
phi4_14b,SimpleRAG,45,qwen3:8b,0.3333333333333333,3,0.0,0.5,0.5
phi4_14b,SimpleRAG,46,qwen3:8b,0.3333333333333333,3,0.5,0.5,0.0
phi4_14b,SimpleRAG,47,qwen3:8b,0.3333333333333333,3,0.5,0.0,0.5
phi4_14b,SimpleRAG,48,qwen3:8b,0.5,3,0.5,0.5,0.5
phi4_14b,SimpleRAG,49,qwen3:8b,0.0,3,0.0,0.0,0.0
phi4_14b,SimpleRAG,50,qwen3:8b,0.5,3,0.5,0.5,0.5
phi4_14b,SimpleRAG,51,qwen3:8b,0.5,3,0.5,0.5,0.5
phi4_14b,SimpleRAG,52,qwen3:8b,0.3333333333333333,3,0.5,0.5,0.0
phi4_14b,SimpleRAG,53,qwen3:8b,0.3333333333333333,3,0.5,0.0,0.5
phi4_14b,SimpleRAG,54,qwen3:8b,0.5,3,0.5,0.5,0.5
phi4_14b,SimpleRAG,55,qwen3:8b,0.5,3,0.5,0.5,0.5
phi4_14b,SimpleRAG,56,qwen3:8b,0.5,3,0.5,0.5,0.5
phi4_14b,SimpleRAG,57,qwen3:8b,0.0,3,0.0,0.0,0.0
phi4_14b,SimpleRAG,58,qwen3:8b,0.5,3,0.5,0.5,0.5
phi4_14b,SimpleRAG,59,qwen3:8b,0.3333333333333333,3,0.0,0.5,0.5
phi4_14b,SimpleRAG,60,qwen3:8b,0.5,3,0.5,0.5,0.5
phi4_14b,SimpleRAG,61,qwen3:8b,0.5,3,0.5,0.5,0.5
phi4_14b,SimpleRAG,62,qwen3:8b,0.5,3,0.5,0.5,0.5
phi4_14b,SimpleRAG,63,qwen3:8b,0.6666666666666666,3,1.0,0.5,0.5
phi4_14b,SimpleRAG,64,qwen3:8b,0.5,3,0.5,0.5,0.5
phi4_14b,SimpleRAG,65,qwen3:8b,0.5,3,0.5,0.5,0.5
phi4_14b,SimpleRAG,66,qwen3:8b,0.1666666666666666,3,0.5,0.0,0.0
phi4_14b,FewShotPlainLLM,0,qwen3:8b,0.0,3,0.0,0.0,0.0
phi4_14b,FewShotPlainLLM,1,qwen3:8b,0.5,3,0.5,0.5,0.5
phi4_14b,FewShotPlainLLM,2,qwen3:8b,0.5,3,0.5,0.5,0.5
phi4_14b,FewShotPlainLLM,3,qwen3:8b,0.3333333333333333,3,0.5,0.5,0.0
phi4_14b,FewShotPlainLLM,4,qwen3:8b,0.5,3,0.5,0.5,0.5
phi4_14b,FewShotPlainLLM,5,qwen3:8b,0.0,3,0.0,0.0,0.0
phi4_14b,FewShotPlainLLM,6,qwen3:8b,0.0,3,0.0,0.0,0.0
phi4_14b,FewShotPlainLLM,7,qwen3:8b,0.3333333333333333,3,0.5,0.5,0.0
phi4_14b,FewShotPlainLLM,8,qwen3:8b,0.3333333333333333,3,0.5,0.0,0.5
phi4_14b,FewShotPlainLLM,9,qwen3:8b,0.1666666666666666,3,0.5,0.0,0.0
phi4_14b,FewShotPlainLLM,10,qwen3:8b,0.1666666666666666,3,0.0,0.0,0.5
phi4_14b,FewShotPlainLLM,11,qwen3:8b,0.3333333333333333,3,0.5,0.0,0.5
phi4_14b,FewShotPlainLLM,12,qwen3:8b,0.3333333333333333,3,0.5,0.5,0.0
phi4_14b,FewShotPlainLLM,13,qwen3:8b,0.0,3,0.0,0.0,0.0
phi4_14b,FewShotPlainLLM,14,qwen3:8b,0.5,3,0.5,0.5,0.5
phi4_14b,FewShotPlainLLM,15,qwen3:8b,0.1666666666666666,3,0.5,0.0,0.0
phi4_14b,FewShotPlainLLM,16,qwen3:8b,0.0,3,0.0,0.0,0.0
phi4_14b,FewShotPlainLLM,17,qwen3:8b,0.5,3,0.5,0.5,0.5
phi4_14b,FewShotPlainLLM,18,qwen3:8b,0.5,3,0.5,0.5,0.5
phi4_14b,FewShotPlainLLM,19,qwen3:8b,0.1666666666666666,3,0.5,0.0,0.0
phi4_14b,FewShotPlainLLM,20,qwen3:8b,0.3333333333333333,3,0.0,0.5,0.5
phi4_14b,FewShotPlainLLM,21,qwen3:8b,0.6666666666666666,3,1.0,0.5,0.5
phi4_14b,FewShotPlainLLM,22,qwen3:8b,0.5,3,0.5,0.5,0.5
phi4_14b,FewShotPlainLLM,23,qwen3:8b,0.5,3,0.5,0.5,0.5
phi4_14b,FewShotPlainLLM,24,qwen3:8b,0.5,3,0.5,0.5,0.5
phi4_14b,FewShotPlainLLM,25,qwen3:8b,0.3333333333333333,3,0.5,0.5,0.0
phi4_14b,FewShotPlainLLM,26,qwen3:8b,0.5,3,0.5,0.5,0.5
phi4_14b,FewShotPlainLLM,27,qwen3:8b,0.5,3,0.5,0.5,0.5
phi4_14b,FewShotPlainLLM,28,qwen3:8b,0.5,3,0.5,0.5,0.5
phi4_14b,FewShotPlainLLM,29,qwen3:8b,0.5,3,0.5,0.5,0.5
phi4_14b,FewShotPlainLLM,30,qwen3:8b,0.5,3,0.5,0.5,0.5
phi4_14b,FewShotPlainLLM,31,qwen3:8b,0.1666666666666666,3,0.0,0.0,0.5
phi4_14b,FewShotPlainLLM,32,qwen3:8b,0.3333333333333333,3,0.0,0.5,0.5
phi4_14b,FewShotPlainLLM,33,qwen3:8b,0.5,3,0.5,0.5,0.5
phi4_14b,FewShotPlainLLM,34,qwen3:8b,0.1666666666666666,3,0.0,0.0,0.5
phi4_14b,FewShotPlainLLM,35,qwen3:8b,0.5,3,0.5,0.5,0.5
phi4_14b,FewShotPlainLLM,36,qwen3:8b,0.3333333333333333,3,0.0,0.5,0.5
phi4_14b,FewShotPlainLLM,37,qwen3:8b,1.0,3,1.0,1.0,1.0
phi4_14b,FewShotPlainLLM,38,qwen3:8b,0.3333333333333333,3,0.0,0.5,0.5
phi4_14b,FewShotPlainLLM,39,qwen3:8b,0.5,3,0.5,0.5,0.5
phi4_14b,FewShotPlainLLM,40,qwen3:8b,0.5,3,0.5,0.5,0.5
phi4_14b,FewShotPlainLLM,41,qwen3:8b,0.3333333333333333,3,0.5,0.0,0.5
phi4_14b,FewShotPlainLLM,42,qwen3:8b,0.1666666666666666,3,0.0,0.0,0.5
phi4_14b,FewShotPlainLLM,43,qwen3:8b,0.3333333333333333,3,0.5,0.5,0.0
phi4_14b,FewShotPlainLLM,44,qwen3:8b,0.0,3,0.0,0.0,0.0
phi4_14b,FewShotPlainLLM,45,qwen3:8b,0.0,3,0.0,0.0,0.0
phi4_14b,FewShotPlainLLM,46,qwen3:8b,0.0,3,0.0,0.0,0.0
phi4_14b,FewShotPlainLLM,47,qwen3:8b,0.3333333333333333,3,0.5,0.5,0.0
phi4_14b,FewShotPlainLLM,48,qwen3:8b,0.3333333333333333,3,0.5,0.0,0.5
phi4_14b,FewShotPlainLLM,49,qwen3:8b,0.1666666666666666,3,0.0,0.5,0.0
phi4_14b,FewShotPlainLLM,50,qwen3:8b,0.1666666666666666,3,0.0,0.5,0.0
phi4_14b,FewShotPlainLLM,51,qwen3:8b,0.6666666666666666,3,0.5,0.5,1.0
phi4_14b,FewShotPlainLLM,52,qwen3:8b,0.5,3,0.5,0.5,0.5
phi4_14b,FewShotPlainLLM,53,qwen3:8b,0.3333333333333333,3,0.5,0.5,0.0
phi4_14b,FewShotPlainLLM,54,qwen3:8b,0.5,3,0.5,0.5,0.5
phi4_14b,FewShotPlainLLM,55,qwen3:8b,0.3333333333333333,3,0.0,0.5,0.5
phi4_14b,FewShotPlainLLM,56,qwen3:8b,0.5,3,0.5,0.5,0.5
phi4_14b,FewShotPlainLLM,57,qwen3:8b,0.5,3,0.5,0.5,0.5
phi4_14b,FewShotPlainLLM,58,qwen3:8b,0.3333333333333333,3,0.0,0.5,0.5
phi4_14b,FewShotPlainLLM,59,qwen3:8b,0.3333333333333333,3,0.5,0.0,0.5
phi4_14b,FewShotPlainLLM,60,qwen3:8b,0.0,3,0.0,0.0,0.0
phi4_14b,FewShotPlainLLM,61,qwen3:8b,0.1666666666666666,3,0.0,0.0,0.5
phi4_14b,FewShotPlainLLM,62,qwen3:8b,0.5,3,0.5,0.5,0.5
phi4_14b,FewShotPlainLLM,63,qwen3:8b,0.5,3,0.5,0.5,0.5
phi4_14b,FewShotPlainLLM,64,qwen3:8b,0.3333333333333333,3,0.5,0.5,0.0
phi4_14b,FewShotPlainLLM,65,qwen3:8b,0.0,3,0.0,0.0,0.0
phi4_14b,FewShotPlainLLM,66,qwen3:8b,0.3333333333333333,3,0.5,0.0,0.5
llama3_2_latest,CoTRAG,0,qwen3:8b,0.3333333333333333,3,0.5,0.0,0.5
llama3_2_latest,CoTRAG,1,qwen3:8b,0.1666666666666666,3,0.0,0.5,0.0
llama3_2_latest,CoTRAG,2,qwen3:8b,0.3333333333333333,3,0.5,0.0,0.5
llama3_2_latest,CoTRAG,3,qwen3:8b,0.3333333333333333,3,0.0,0.5,0.5
llama3_2_latest,CoTRAG,4,qwen3:8b,0.5,3,0.5,0.5,0.5
llama3_2_latest,CoTRAG,5,qwen3:8b,0.0,3,0.0,0.0,0.0
llama3_2_latest,CoTRAG,6,qwen3:8b,0.0,3,0.0,0.0,0.0
llama3_2_latest,CoTRAG,7,qwen3:8b,0.0,3,0.0,0.0,0.0
llama3_2_latest,CoTRAG,8,qwen3:8b,0.0,3,0.0,0.0,0.0
llama3_2_latest,CoTRAG,9,qwen3:8b,0.1666666666666666,3,0.0,0.5,0.0
llama3_2_latest,CoTRAG,10,qwen3:8b,0.3333333333333333,3,0.5,0.0,0.5
llama3_2_latest,CoTRAG,11,qwen3:8b,0.3333333333333333,3,0.5,0.0,0.5
llama3_2_latest,CoTRAG,12,qwen3:8b,0.3333333333333333,3,0.0,0.5,0.5
llama3_2_latest,CoTRAG,13,qwen3:8b,0.0,3,0.0,0.0,0.0
llama3_2_latest,CoTRAG,14,qwen3:8b,0.3333333333333333,3,0.5,0.0,0.5
llama3_2_latest,CoTRAG,15,qwen3:8b,0.5,3,0.5,0.5,0.5
llama3_2_latest,CoTRAG,16,qwen3:8b,0.0,3,0.0,0.0,0.0
llama3_2_latest,CoTRAG,17,qwen3:8b,0.1666666666666666,3,0.0,0.0,0.5
llama3_2_latest,CoTRAG,18,qwen3:8b,0.1666666666666666,3,0.0,0.0,0.5
llama3_2_latest,CoTRAG,19,qwen3:8b,0.0,3,0.0,0.0,0.0
llama3_2_latest,CoTRAG,20,qwen3:8b,0.0,3,0.0,0.0,0.0
llama3_2_latest,CoTRAG,21,qwen3:8b,0.6666666666666666,3,1.0,0.5,0.5
llama3_2_latest,CoTRAG,22,qwen3:8b,0.1666666666666666,3,0.0,0.5,0.0
llama3_2_latest,CoTRAG,23,qwen3:8b,0.3333333333333333,3,0.5,0.5,0.0
llama3_2_latest,CoTRAG,24,qwen3:8b,0.5,3,0.5,0.5,0.5
llama3_2_latest,CoTRAG,25,qwen3:8b,0.3333333333333333,3,0.0,0.5,0.5
llama3_2_latest,CoTRAG,26,qwen3:8b,0.5,3,0.5,0.5,0.5
llama3_2_latest,CoTRAG,27,qwen3:8b,0.1666666666666666,3,0.0,0.0,0.5
llama3_2_latest,CoTRAG,28,qwen3:8b,0.3333333333333333,3,0.5,0.0,0.5
llama3_2_latest,CoTRAG,29,qwen3:8b,0.0,3,0.0,0.0,0.0
llama3_2_latest,CoTRAG,30,qwen3:8b,0.1666666666666666,3,0.5,0.0,0.0
llama3_2_latest,CoTRAG,31,qwen3:8b,0.0,3,0.0,0.0,0.0
llama3_2_latest,CoTRAG,32,qwen3:8b,0.1666666666666666,3,0.5,0.0,0.0
llama3_2_latest,CoTRAG,33,qwen3:8b,0.0,3,0.0,0.0,0.0
llama3_2_latest,CoTRAG,34,qwen3:8b,0.3333333333333333,3,0.5,0.0,0.5
llama3_2_latest,CoTRAG,35,qwen3:8b,0.0,3,0.0,0.0,0.0
llama3_2_latest,CoTRAG,36,qwen3:8b,0.1666666666666666,3,0.0,0.0,0.5
llama3_2_latest,CoTRAG,37,qwen3:8b,0.1666666666666666,3,0.0,0.0,0.5
llama3_2_latest,CoTRAG,38,qwen3:8b,0.5,3,0.5,0.5,0.5
llama3_2_latest,CoTRAG,39,qwen3:8b,0.5,3,0.5,0.5,0.5
llama3_2_latest,CoTRAG,40,qwen3:8b,0.5,3,0.5,0.5,0.5
llama3_2_latest,CoTRAG,41,qwen3:8b,0.0,3,0.0,0.0,0.0
llama3_2_latest,CoTRAG,42,qwen3:8b,0.0,3,0.0,0.0,0.0
llama3_2_latest,CoTRAG,43,qwen3:8b,0.0,3,0.0,0.0,0.0
llama3_2_latest,CoTRAG,44,qwen3:8b,0.3333333333333333,3,0.0,0.5,0.5
llama3_2_latest,CoTRAG,45,qwen3:8b,0.5,3,0.5,0.5,0.5
llama3_2_latest,CoTRAG,46,qwen3:8b,0.0,3,0.0,0.0,0.0
llama3_2_latest,CoTRAG,47,qwen3:8b,0.3333333333333333,3,0.5,0.5,0.0
llama3_2_latest,CoTRAG,48,qwen3:8b,0.3333333333333333,3,0.0,0.5,0.5
llama3_2_latest,CoTRAG,49,qwen3:8b,0.0,3,0.0,0.0,0.0
llama3_2_latest,CoTRAG,50,qwen3:8b,0.0,3,0.0,0.0,0.0
llama3_2_latest,CoTRAG,51,qwen3:8b,0.0,3,0.0,0.0,0.0
llama3_2_latest,CoTRAG,52,qwen3:8b,0.1666666666666666,3,0.0,0.0,0.5
llama3_2_latest,CoTRAG,53,qwen3:8b,0.0,3,0.0,0.0,0.0
llama3_2_latest,CoTRAG,54,qwen3:8b,0.3333333333333333,3,0.5,0.0,0.5
llama3_2_latest,CoTRAG,55,qwen3:8b,0.0,3,0.0,0.0,0.0
llama3_2_latest,CoTRAG,56,qwen3:8b,0.0,3,0.0,0.0,0.0
llama3_2_latest,CoTRAG,57,qwen3:8b,0.0,3,0.0,0.0,0.0
llama3_2_latest,CoTRAG,58,qwen3:8b,0.0,3,0.0,0.0,0.0
llama3_2_latest,CoTRAG,59,qwen3:8b,0.1666666666666666,3,0.0,0.5,0.0
llama3_2_latest,CoTRAG,60,qwen3:8b,0.0,3,0.0,0.0,0.0
llama3_2_latest,CoTRAG,61,qwen3:8b,0.0,3,0.0,0.0,0.0
llama3_2_latest,CoTRAG,62,qwen3:8b,0.0,3,0.0,0.0,0.0
llama3_2_latest,CoTRAG,63,qwen3:8b,0.0,3,0.0,0.0,0.0
llama3_2_latest,CoTRAG,64,qwen3:8b,0.5,3,0.5,0.5,0.5
llama3_2_latest,CoTRAG,65,qwen3:8b,0.5,3,0.5,0.5,0.5
llama3_2_latest,CoTRAG,66,qwen3:8b,0.1666666666666666,3,0.5,0.0,0.0
phi4_14b,CoTPlainLLM,0,deepseek-coder:6.7b,1.0,3,1.0,1.0,1.0
phi4_14b,CoTPlainLLM,1,deepseek-coder:6.7b,0.5833333333333334,3,0.75,0.0,1.0
phi4_14b,CoTPlainLLM,2,deepseek-coder:6.7b,1.0,3,1.0,1.0,1.0
phi4_14b,CoTPlainLLM,3,deepseek-coder:6.7b,0.9166666666666666,3,1.0,0.75,1.0
phi4_14b,CoTPlainLLM,4,deepseek-coder:6.7b,1.0,3,1.0,1.0,1.0
phi4_14b,CoTPlainLLM,5,deepseek-coder:6.7b,0.7666666666666666,3,0.3,1.0,1.0
phi4_14b,CoTPlainLLM,6,deepseek-coder:6.7b,0.8333333333333334,3,1.0,1.0,0.5
phi4_14b,CoTPlainLLM,7,deepseek-coder:6.7b,0.8166666666666668,3,1.0,0.5,0.95
phi4_14b,CoTPlainLLM,8,deepseek-coder:6.7b,0.9,3,1.0,1.0,0.7
phi4_14b,CoTPlainLLM,9,deepseek-coder:6.7b,1.0,3,1.0,1.0,1.0
phi4_14b,CoTPlainLLM,10,deepseek-coder:6.7b,0.5555555555555555,3,1.0,0.6666666666666666,0.0
phi4_14b,CoTPlainLLM,11,deepseek-coder:6.7b,0.9166666666666666,3,1.0,1.0,0.75
phi4_14b,CoTPlainLLM,12,deepseek-coder:6.7b,0.6666666666666666,3,1.0,0.5,0.5
phi4_14b,CoTPlainLLM,13,deepseek-coder:6.7b,1.0,3,1.0,1.0,1.0
phi4_14b,CoTPlainLLM,14,deepseek-coder:6.7b,0.85,3,1.0,0.8,0.75
phi4_14b,CoTPlainLLM,15,deepseek-coder:6.7b,1.0,3,1.0,1.0,1.0
phi4_14b,CoTPlainLLM,16,deepseek-coder:6.7b,0.6833333333333332,3,0.05,1.0,1.0
phi4_14b,CoTPlainLLM,17,deepseek-coder:6.7b,1.0,3,1.0,1.0,1.0
phi4_14b,CoTPlainLLM,18,deepseek-coder:6.7b,0.9,3,1.0,0.75,0.95
phi4_14b,CoTPlainLLM,19,deepseek-coder:6.7b,0.6666666666666666,3,1.0,0.5,0.5
phi4_14b,CoTPlainLLM,20,deepseek-coder:6.7b,0.9666666666666668,3,0.9,1.0,1.0
phi4_14b,CoTPlainLLM,21,deepseek-coder:6.7b,0.7166666666666667,3,1.0,0.5,0.65
phi4_14b,CoTPlainLLM,22,deepseek-coder:6.7b,0.85,3,1.0,0.75,0.8
phi4_14b,CoTPlainLLM,23,deepseek-coder:6.7b,0.8333333333333334,3,1.0,0.5,1.0
phi4_14b,CoTPlainLLM,24,deepseek-coder:6.7b,1.0,3,1.0,1.0,1.0
phi4_14b,CoTPlainLLM,25,deepseek-coder:6.7b,0.99,3,1.0,0.97,1.0
phi4_14b,CoTPlainLLM,26,deepseek-coder:6.7b,0.75,3,1.0,0.75,0.5
phi4_14b,CoTPlainLLM,27,deepseek-coder:6.7b,1.0,3,1.0,1.0,1.0
phi4_14b,CoTPlainLLM,28,deepseek-coder:6.7b,1.0,3,1.0,1.0,1.0
phi4_14b,CoTPlainLLM,29,deepseek-coder:6.7b,1.0,3,1.0,1.0,1.0
phi4_14b,CoTPlainLLM,30,deepseek-coder:6.7b,0.8333333333333334,3,1.0,0.5,1.0
phi4_14b,CoTPlainLLM,31,deepseek-coder:6.7b,0.1666666666666666,3,0.0,0.0,0.5
phi4_14b,CoTPlainLLM,32,deepseek-coder:6.7b,0.9,3,1.0,0.75,0.95
phi4_14b,CoTPlainLLM,33,deepseek-coder:6.7b,0.6666666666666666,3,1.0,0.0,1.0
phi4_14b,CoTPlainLLM,34,deepseek-coder:6.7b,0.5566666666666666,3,0.67,1.0,0.0
phi4_14b,CoTPlainLLM,35,deepseek-coder:6.7b,1.0,3,1.0,1.0,1.0
phi4_14b,CoTPlainLLM,36,deepseek-coder:6.7b,0.0066666666666666,3,0.01,0.01,0.0
phi4_14b,CoTPlainLLM,37,deepseek-coder:6.7b,0.9666666666666668,3,1.0,0.9,1.0
phi4_14b,CoTPlainLLM,38,deepseek-coder:6.7b,0.7466666666666667,3,0.74,1.0,0.5
phi4_14b,CoTPlainLLM,39,deepseek-coder:6.7b,0.5,3,0.0,0.5,1.0
phi4_14b,CoTPlainLLM,40,deepseek-coder:6.7b,1.0,3,1.0,1.0,1.0
phi4_14b,CoTPlainLLM,41,deepseek-coder:6.7b,0.6666666666666666,3,1.0,1.0,0.0
phi4_14b,CoTPlainLLM,42,deepseek-coder:6.7b,0.5,3,1.0,0.5,0.0
phi4_14b,CoTPlainLLM,43,deepseek-coder:6.7b,0.8833333333333333,3,0.95,1.0,0.7
phi4_14b,CoTPlainLLM,44,deepseek-coder:6.7b,0.7999999999999999,3,1.0,0.9,0.5
phi4_14b,CoTPlainLLM,45,deepseek-coder:6.7b,0.6166666666666667,3,0.5,0.6,0.75
phi4_14b,CoTPlainLLM,46,deepseek-coder:6.7b,0.7333333333333334,3,1.0,0.7,0.5
phi4_14b,CoTPlainLLM,47,deepseek-coder:6.7b,1.0,3,1.0,1.0,1.0
phi4_14b,CoTPlainLLM,48,deepseek-coder:6.7b,1.0,3,1.0,1.0,1.0
phi4_14b,CoTPlainLLM,49,deepseek-coder:6.7b,0.8888888888888888,3,0.6666666666666666,1.0,1.0
phi4_14b,CoTPlainLLM,50,deepseek-coder:6.7b,0.5003333333333333,3,0.5,1.0,0.001
phi4_14b,CoTPlainLLM,51,deepseek-coder:6.7b,0.8333333333333334,3,1.0,0.5,1.0
phi4_14b,CoTPlainLLM,52,deepseek-coder:6.7b,0.9,3,1.0,1.0,0.7
phi4_14b,CoTPlainLLM,53,deepseek-coder:6.7b,0.5,3,1.0,0.0,0.5
phi4_14b,CoTPlainLLM,54,deepseek-coder:6.7b,0.8333333333333334,3,0.5,1.0,1.0
phi4_14b,CoTPlainLLM,55,deepseek-coder:6.7b,0.6666666666666666,3,1.0,0.0,1.0
phi4_14b,CoTPlainLLM,56,deepseek-coder:6.7b,0.5046666666666667,3,0.0139999999999999,1.0,0.5
phi4_14b,CoTPlainLLM,57,deepseek-coder:6.7b,0.5033333333333333,3,0.01,0.5,1.0
phi4_14b,CoTPlainLLM,58,deepseek-coder:6.7b,0.4833333333333333,3,0.0,0.5,0.95
phi4_14b,CoTPlainLLM,59,deepseek-coder:6.7b,1.0,3,1.0,1.0,1.0
phi4_14b,CoTPlainLLM,60,deepseek-coder:6.7b,0.5,3,1.0,0.5,0.0
phi4_14b,CoTPlainLLM,61,deepseek-coder:6.7b,0.9166666666666666,3,1.0,1.0,0.75
phi4_14b,CoTPlainLLM,62,deepseek-coder:6.7b,0.95,3,1.0,1.0,0.85
phi4_14b,CoTPlainLLM,63,deepseek-coder:6.7b,0.8333333333333334,3,1.0,1.0,0.5
phi4_14b,CoTPlainLLM,64,deepseek-coder:6.7b,0.833333,3,0.5,1.0,0.999999
phi4_14b,CoTPlainLLM,65,deepseek-coder:6.7b,0.8333333333333334,3,1.0,0.5,1.0
phi4_14b,CoTPlainLLM,66,deepseek-coder:6.7b,0.8333333333333334,3,0.5,1.0,1.0
phi4_14b,GoTRAG,0,deepseek-coder:6.7b,0.0006666666666666,3,0.001,0.0,0.001
phi4_14b,GoTRAG,1,deepseek-coder:6.7b,0.5,3,0.0,0.5,1.0
phi4_14b,GoTRAG,2,deepseek-coder:6.7b,0.95,3,1.0,0.85,1.0
phi4_14b,GoTRAG,3,deepseek-coder:6.7b,0.8333333333333334,3,1.0,1.0,0.5
phi4_14b,GoTRAG,4,deepseek-coder:6.7b,1.0,3,1.0,1.0,1.0
phi4_14b,GoTRAG,5,deepseek-coder:6.7b,0.9166666666666666,3,1.0,0.75,1.0
phi4_14b,GoTRAG,6,deepseek-coder:6.7b,1.0,3,1.0,1.0,1.0
phi4_14b,GoTRAG,7,deepseek-coder:6.7b,1.0,3,1.0,1.0,1.0
phi4_14b,GoTRAG,8,deepseek-coder:6.7b,1.0,3,1.0,1.0,1.0
phi4_14b,GoTRAG,9,deepseek-coder:6.7b,1.0,3,1.0,1.0,1.0
phi4_14b,GoTRAG,10,deepseek-coder:6.7b,1.0,3,1.0,1.0,1.0
phi4_14b,GoTRAG,11,deepseek-coder:6.7b,1.0,3,1.0,1.0,1.0
phi4_14b,GoTRAG,12,deepseek-coder:6.7b,1.0,3,1.0,1.0,1.0
phi4_14b,GoTRAG,13,deepseek-coder:6.7b,0.8333333333333334,3,0.5,1.0,1.0
phi4_14b,GoTRAG,14,deepseek-coder:6.7b,0.9333333333333332,3,1.0,1.0,0.8
phi4_14b,GoTRAG,15,deepseek-coder:6.7b,1.0,3,1.0,1.0,1.0
phi4_14b,GoTRAG,16,deepseek-coder:6.7b,0.8333333333333334,3,0.5,1.0,1.0
phi4_14b,GoTRAG,17,deepseek-coder:6.7b,0.9666666666666668,3,1.0,1.0,0.9
phi4_14b,GoTRAG,18,deepseek-coder:6.7b,0.9166666666666666,3,1.0,0.75,1.0
phi4_14b,GoTRAG,19,deepseek-coder:6.7b,1.0,3,1.0,1.0,1.0
phi4_14b,GoTRAG,20,deepseek-coder:6.7b,0.7666666666666666,3,0.5,0.8,1.0
phi4_14b,GoTRAG,21,deepseek-coder:6.7b,0.75,3,0.5,0.75,1.0
phi4_14b,GoTRAG,22,deepseek-coder:6.7b,1.0,3,1.0,1.0,1.0
phi4_14b,GoTRAG,23,deepseek-coder:6.7b,0.7233333333333333,3,1.0,0.5,0.67
phi4_14b,GoTRAG,24,deepseek-coder:6.7b,0.8888888888888888,3,1.0,0.6666666666666666,1.0
phi4_14b,GoTRAG,25,deepseek-coder:6.7b,0.8333333333333334,3,1.0,0.5,1.0
phi4_14b,GoTRAG,26,deepseek-coder:6.7b,1.0,3,1.0,1.0,1.0
phi4_14b,GoTRAG,27,deepseek-coder:6.7b,1.0,3,1.0,1.0,1.0
phi4_14b,GoTRAG,28,deepseek-coder:6.7b,1.0,3,1.0,1.0,1.0
phi4_14b,GoTRAG,29,deepseek-coder:6.7b,0.8333333333333334,3,0.5,1.0,1.0
phi4_14b,GoTRAG,30,deepseek-coder:6.7b,0.6666666666666666,3,1.0,1.0,0.0
phi4_14b,GoTRAG,31,deepseek-coder:6.7b,0.8833333333333333,3,1.0,0.75,0.9
phi4_14b,GoTRAG,32,deepseek-coder:6.7b,0.5066666666666667,3,0.5,1.0,0.02
phi4_14b,GoTRAG,33,deepseek-coder:6.7b,0.9166666666666666,3,1.0,1.0,0.75
phi4_14b,GoTRAG,34,deepseek-coder:6.7b,0.7999999999999999,3,0.9,1.0,0.5
phi4_14b,GoTRAG,35,deepseek-coder:6.7b,0.6666666666666666,3,1.0,0.0,1.0
phi4_14b,GoTRAG,36,deepseek-coder:6.7b,0.6233333333333334,3,0.5,0.5,0.87
phi4_14b,GoTRAG,37,deepseek-coder:6.7b,1.0,3,1.0,1.0,1.0
phi4_14b,GoTRAG,38,deepseek-coder:6.7b,0.7766666666666667,3,1.0,0.33,1.0
phi4_14b,GoTRAG,39,deepseek-coder:6.7b,1.0,3,1.0,1.0,1.0
phi4_14b,GoTRAG,40,deepseek-coder:6.7b,0.9666666666666668,3,0.9,1.0,1.0
phi4_14b,GoTRAG,41,deepseek-coder:6.7b,0.51,3,0.5,1.0,0.03
phi4_14b,GoTRAG,42,deepseek-coder:6.7b,0.6122222222222222,3,0.67,0.5,0.6666666666666666
phi4_14b,GoTRAG,43,deepseek-coder:6.7b,0.4333333333333333,3,0.3,0.5,0.5
phi4_14b,GoTRAG,44,deepseek-coder:6.7b,0.75,3,0.5,1.0,0.75
phi4_14b,GoTRAG,45,deepseek-coder:6.7b,0.5555555555555555,3,0.6666666666666666,1.0,0.0
phi4_14b,GoTRAG,46,deepseek-coder:6.7b,1.0,3,1.0,1.0,1.0
phi4_14b,GoTRAG,47,deepseek-coder:6.7b,0.6666666666666666,3,1.0,0.5,0.5
phi4_14b,GoTRAG,48,deepseek-coder:6.7b,1.0,3,1.0,1.0,1.0
phi4_14b,GoTRAG,49,deepseek-coder:6.7b,1.0,3,1.0,1.0,1.0
phi4_14b,GoTRAG,50,deepseek-coder:6.7b,0.3336666666666666,3,1.0,0.0,0.001
phi4_14b,GoTRAG,51,deepseek-coder:6.7b,0.4863333333333333,3,0.429,1.0,0.03
phi4_14b,GoTRAG,52,deepseek-coder:6.7b,0.5880952380952381,3,1.0,0.75,0.0142857142857142
phi4_14b,GoTRAG,53,deepseek-coder:6.7b,0.9333333333333332,3,0.8,1.0,1.0
phi4_14b,GoTRAG,54,deepseek-coder:6.7b,0.5833333333333334,3,0.75,0.0,1.0
phi4_14b,GoTRAG,55,deepseek-coder:6.7b,0.6666666666666666,3,0.0,1.0,1.0
phi4_14b,GoTRAG,56,deepseek-coder:6.7b,0.8666666666666667,3,0.75,1.0,0.85
phi4_14b,GoTRAG,57,deepseek-coder:6.7b,0.6699999999999999,3,0.01,1.0,1.0
phi4_14b,GoTRAG,58,deepseek-coder:6.7b,0.8333333333333334,3,1.0,1.0,0.5
phi4_14b,GoTRAG,59,deepseek-coder:6.7b,0.6666666666666666,3,0.0,1.0,1.0
phi4_14b,GoTRAG,60,deepseek-coder:6.7b,0.8333333333333334,3,1.0,0.5,1.0
phi4_14b,GoTRAG,61,deepseek-coder:6.7b,0.9166666666666666,3,1.0,0.75,1.0
phi4_14b,GoTRAG,62,deepseek-coder:6.7b,1.0,3,1.0,1.0,1.0
phi4_14b,GoTRAG,63,deepseek-coder:6.7b,0.9,3,1.0,0.7,1.0
phi4_14b,GoTRAG,64,deepseek-coder:6.7b,0.6666666666666666,3,0.5,0.5,1.0
phi4_14b,GoTRAG,65,deepseek-coder:6.7b,0.912962962962963,3,1.0,0.8888888888888888,0.85
phi4_14b,GoTRAG,66,deepseek-coder:6.7b,0.2333333333333333,3,0.0,0.0,0.7
llama3_2_latest,SelfCorrectionRAG,0,deepseek-coder:6.7b,1.0,3,1.0,1.0,1.0
llama3_2_latest,SelfCorrectionRAG,1,deepseek-coder:6.7b,0.6666666666666666,3,0.5,0.5,1.0
llama3_2_latest,SelfCorrectionRAG,2,deepseek-coder:6.7b,0.6666666666666666,3,1.0,0.5,0.5
llama3_2_latest,SelfCorrectionRAG,3,deepseek-coder:6.7b,1.0,3,1.0,1.0,1.0
llama3_2_latest,SelfCorrectionRAG,4,deepseek-coder:6.7b,0.8333333333333334,3,1.0,1.0,0.5
llama3_2_latest,SelfCorrectionRAG,5,deepseek-coder:6.7b,0.5,3,0.5,0.5,0.5
llama3_2_latest,SelfCorrectionRAG,6,deepseek-coder:6.7b,0.6666666666666666,3,1.0,0.0,1.0
llama3_2_latest,SelfCorrectionRAG,7,deepseek-coder:6.7b,0.6666666666666666,3,1.0,0.5,0.5
llama3_2_latest,SelfCorrectionRAG,8,deepseek-coder:6.7b,0.6666666666666666,3,0.5,0.5,1.0
llama3_2_latest,SelfCorrectionRAG,9,deepseek-coder:6.7b,0.9166666666666666,3,0.75,1.0,1.0
llama3_2_latest,SelfCorrectionRAG,10,deepseek-coder:6.7b,0.6666666666666666,3,1.0,1.0,0.0
llama3_2_latest,SelfCorrectionRAG,11,deepseek-coder:6.7b,0.43,3,0.04,0.75,0.5
llama3_2_latest,SelfCorrectionRAG,12,deepseek-coder:6.7b,0.8333333333333334,3,1.0,0.5,1.0
llama3_2_latest,SelfCorrectionRAG,13,deepseek-coder:6.7b,0.5,3,1.0,0.0,0.5
llama3_2_latest,SelfCorrectionRAG,14,deepseek-coder:6.7b,0.5666666666666667,3,1.0,0.7,0.0
llama3_2_latest,SelfCorrectionRAG,15,deepseek-coder:6.7b,1.0,3,1.0,1.0,1.0
llama3_2_latest,SelfCorrectionRAG,16,deepseek-coder:6.7b,0.6666666666666666,3,1.0,0.5,0.5
llama3_2_latest,SelfCorrectionRAG,17,deepseek-coder:6.7b,0.75,3,0.5,0.75,1.0
llama3_2_latest,SelfCorrectionRAG,18,deepseek-coder:6.7b,0.5,3,1.0,0.5,0.0
llama3_2_latest,SelfCorrectionRAG,19,deepseek-coder:6.7b,0.6666666666666666,3,0.5,1.0,0.5
llama3_2_latest,SelfCorrectionRAG,20,deepseek-coder:6.7b,0.9666666666666668,3,1.0,0.9,1.0
llama3_2_latest,SelfCorrectionRAG,21,deepseek-coder:6.7b,0.9166666666666666,3,1.0,0.75,1.0
llama3_2_latest,SelfCorrectionRAG,22,deepseek-coder:6.7b,1.0,3,1.0,1.0,1.0
llama3_2_latest,SelfCorrectionRAG,23,deepseek-coder:6.7b,0.6666666666666666,3,1.0,0.5,0.5
llama3_2_latest,SelfCorrectionRAG,24,deepseek-coder:6.7b,1.0,3,1.0,1.0,1.0
llama3_2_latest,SelfCorrectionRAG,25,deepseek-coder:6.7b,0.7233333333333333,3,1.0,0.67,0.5
llama3_2_latest,SelfCorrectionRAG,26,deepseek-coder:6.7b,0.8333333333333334,3,1.0,0.5,1.0
llama3_2_latest,SelfCorrectionRAG,27,deepseek-coder:6.7b,0.6728999999999999,3,0.0187,1.0,1.0
llama3_2_latest,SelfCorrectionRAG,28,deepseek-coder:6.7b,1.0,3,1.0,1.0,1.0
llama3_2_latest,SelfCorrectionRAG,29,deepseek-coder:6.7b,0.8833333333333333,3,1.0,1.0,0.65
llama3_2_latest,SelfCorrectionRAG,30,deepseek-coder:6.7b,0.8333333333333334,3,1.0,1.0,0.5
llama3_2_latest,SelfCorrectionRAG,31,deepseek-coder:6.7b,0.5,3,0.5,1.0,0.0
llama3_2_latest,SelfCorrectionRAG,32,deepseek-coder:6.7b,0.3333333333333333,3,0.0,0.0,1.0
llama3_2_latest,SelfCorrectionRAG,33,deepseek-coder:6.7b,0.8333333333333334,3,1.0,0.5,1.0
llama3_2_latest,SelfCorrectionRAG,34,deepseek-coder:6.7b,0.6666666666666666,3,0.5,0.5,1.0
llama3_2_latest,SelfCorrectionRAG,35,deepseek-coder:6.7b,0.6666666666666666,3,0.5,0.5,1.0
llama3_2_latest,SelfCorrectionRAG,36,deepseek-coder:6.7b,0.8333333333333334,3,1.0,1.0,0.5
llama3_2_latest,SelfCorrectionRAG,37,deepseek-coder:6.7b,0.9583333333333334,3,0.875,1.0,1.0
llama3_2_latest,SelfCorrectionRAG,38,deepseek-coder:6.7b,0.9166666666666666,3,1.0,0.75,1.0
llama3_2_latest,SelfCorrectionRAG,39,deepseek-coder:6.7b,0.8333333333333334,3,0.5,1.0,1.0
llama3_2_latest,SelfCorrectionRAG,40,deepseek-coder:6.7b,1.0,3,1.0,1.0,1.0
llama3_2_latest,SelfCorrectionRAG,41,deepseek-coder:6.7b,0.6566666666666666,3,1.0,0.97,0.0
llama3_2_latest,SelfCorrectionRAG,42,deepseek-coder:6.7b,0.6666666666666666,3,0.5,0.5,1.0
llama3_2_latest,SelfCorrectionRAG,43,deepseek-coder:6.7b,0.8333333333333334,3,1.0,0.5,1.0
llama3_2_latest,SelfCorrectionRAG,44,deepseek-coder:6.7b,0.5,3,1.0,0.5,0.0
llama3_2_latest,SelfCorrectionRAG,45,deepseek-coder:6.7b,0.1744166666666666,3,0.5,0.0,0.02325
llama3_2_latest,SelfCorrectionRAG,46,deepseek-coder:6.7b,0.99,3,1.0,0.97,1.0
llama3_2_latest,SelfCorrectionRAG,47,deepseek-coder:6.7b,0.8333333333333334,3,0.5,1.0,1.0
llama3_2_latest,SelfCorrectionRAG,48,deepseek-coder:6.7b,0.5833333333333334,3,1.0,0.75,0.0
llama3_2_latest,SelfCorrectionRAG,49,deepseek-coder:6.7b,0.5833333333333334,3,0.0,0.75,1.0
llama3_2_latest,SelfCorrectionRAG,50,deepseek-coder:6.7b,0.8666666666666667,3,1.0,0.85,0.75
llama3_2_latest,SelfCorrectionRAG,51,deepseek-coder:6.7b,0.9833333333333334,3,0.95,1.0,1.0
llama3_2_latest,SelfCorrectionRAG,52,deepseek-coder:6.7b,0.9833333333333334,3,0.95,1.0,1.0
llama3_2_latest,SelfCorrectionRAG,53,deepseek-coder:6.7b,0.8333333333333334,3,1.0,1.0,0.5
llama3_2_latest,SelfCorrectionRAG,54,deepseek-coder:6.7b,0.7999999999999999,3,0.7,1.0,0.7
llama3_2_latest,SelfCorrectionRAG,55,deepseek-coder:6.7b,0.5,3,1.0,0.5,0.0
llama3_2_latest,SelfCorrectionRAG,56,deepseek-coder:6.7b,0.6699999999999999,3,0.01,1.0,1.0
llama3_2_latest,SelfCorrectionRAG,57,deepseek-coder:6.7b,0.3333333333333333,3,0.5,0.0,0.5
llama3_2_latest,SelfCorrectionRAG,58,deepseek-coder:6.7b,0.9,3,0.7,1.0,1.0
llama3_2_latest,SelfCorrectionRAG,59,deepseek-coder:6.7b,0.8333333333333334,3,1.0,0.5,1.0
llama3_2_latest,SelfCorrectionRAG,60,deepseek-coder:6.7b,0.8166666666666668,3,0.5,0.95,1.0
llama3_2_latest,SelfCorrectionRAG,61,deepseek-coder:6.7b,0.6666666666666666,3,1.0,0.0,1.0
llama3_2_latest,SelfCorrectionRAG,62,deepseek-coder:6.7b,0.3666666666666667,3,0.0,0.5,0.6
llama3_2_latest,SelfCorrectionRAG,63,deepseek-coder:6.7b,1.0,3,1.0,1.0,1.0
llama3_2_latest,SelfCorrectionRAG,64,deepseek-coder:6.7b,0.8333333333333334,3,1.0,1.0,0.5
llama3_2_latest,SelfCorrectionRAG,65,deepseek-coder:6.7b,0.9166666666666666,3,1.0,1.0,0.75
llama3_2_latest,SelfCorrectionRAG,66,deepseek-coder:6.7b,0.5,3,0.5,0.5,0.5
phi4_14b,PlainLLM,0,qwen3:8b,0.5,3,0.5,0.5,0.5
phi4_14b,PlainLLM,1,qwen3:8b,0.5,3,0.5,0.5,0.5
phi4_14b,PlainLLM,2,qwen3:8b,0.5,3,0.5,0.5,0.5
phi4_14b,PlainLLM,3,qwen3:8b,0.1666666666666666,3,0.0,0.5,0.0
phi4_14b,PlainLLM,4,qwen3:8b,0.5,3,0.5,0.5,0.5
phi4_14b,PlainLLM,5,qwen3:8b,0.1666666666666666,3,0.0,0.0,0.5
phi4_14b,PlainLLM,6,qwen3:8b,0.3333333333333333,3,0.5,0.0,0.5
phi4_14b,PlainLLM,7,qwen3:8b,0.5,3,0.5,0.5,0.5
phi4_14b,PlainLLM,8,qwen3:8b,0.3333333333333333,3,0.5,0.5,0.0
phi4_14b,PlainLLM,9,qwen3:8b,0.5,3,0.5,0.5,0.5
phi4_14b,PlainLLM,10,qwen3:8b,0.1666666666666666,3,0.0,0.0,0.5
phi4_14b,PlainLLM,11,qwen3:8b,0.6666666666666666,3,0.5,0.5,1.0
phi4_14b,PlainLLM,12,qwen3:8b,0.3333333333333333,3,0.5,0.0,0.5
phi4_14b,PlainLLM,13,qwen3:8b,0.5,3,0.5,0.5,0.5
phi4_14b,PlainLLM,14,qwen3:8b,0.5,3,0.5,0.5,0.5
phi4_14b,PlainLLM,15,qwen3:8b,0.1666666666666666,3,0.5,0.0,0.0
phi4_14b,PlainLLM,16,qwen3:8b,0.3333333333333333,3,0.5,0.0,0.5
phi4_14b,PlainLLM,17,qwen3:8b,0.5,3,0.5,0.5,0.5
phi4_14b,PlainLLM,18,qwen3:8b,0.3333333333333333,3,0.5,0.0,0.5
phi4_14b,PlainLLM,19,qwen3:8b,0.0,3,0.0,0.0,0.0
phi4_14b,PlainLLM,20,qwen3:8b,0.0,3,0.0,0.0,0.0
phi4_14b,PlainLLM,21,qwen3:8b,0.5,3,0.5,0.5,0.5
phi4_14b,PlainLLM,22,qwen3:8b,0.5,3,0.5,0.5,0.5
phi4_14b,PlainLLM,23,qwen3:8b,0.5,3,0.5,0.5,0.5
phi4_14b,PlainLLM,24,qwen3:8b,0.5,3,0.5,0.5,0.5
phi4_14b,PlainLLM,25,qwen3:8b,0.5,3,0.5,0.5,0.5
phi4_14b,PlainLLM,26,qwen3:8b,0.5,3,0.5,0.5,0.5
phi4_14b,PlainLLM,27,qwen3:8b,0.5,3,0.5,0.5,0.5
phi4_14b,PlainLLM,28,qwen3:8b,0.5,3,0.5,0.5,0.5
phi4_14b,PlainLLM,29,qwen3:8b,0.5,3,0.5,0.5,0.5
phi4_14b,PlainLLM,30,qwen3:8b,0.5,3,0.5,0.5,0.5
phi4_14b,PlainLLM,31,qwen3:8b,0.1666666666666666,3,0.0,0.5,0.0
phi4_14b,PlainLLM,32,qwen3:8b,0.0,3,0.0,0.0,0.0
phi4_14b,PlainLLM,33,qwen3:8b,0.1666666666666666,3,0.0,0.0,0.5
phi4_14b,PlainLLM,34,qwen3:8b,0.3333333333333333,3,0.0,0.5,0.5
phi4_14b,PlainLLM,35,qwen3:8b,0.0,3,0.0,0.0,0.0
phi4_14b,PlainLLM,36,qwen3:8b,0.0,3,0.0,0.0,0.0
phi4_14b,PlainLLM,37,qwen3:8b,0.5,3,0.5,0.5,0.5
phi4_14b,PlainLLM,38,qwen3:8b,0.5,3,0.5,0.5,0.5
phi4_14b,PlainLLM,39,qwen3:8b,0.5,3,0.5,0.5,0.5
phi4_14b,PlainLLM,40,qwen3:8b,0.5,3,0.5,0.5,0.5
phi4_14b,PlainLLM,41,qwen3:8b,0.5,3,0.5,0.5,0.5
phi4_14b,PlainLLM,42,qwen3:8b,0.0,3,0.0,0.0,0.0
phi4_14b,PlainLLM,43,qwen3:8b,0.0,3,0.0,0.0,0.0
phi4_14b,PlainLLM,44,qwen3:8b,0.3333333333333333,3,0.0,0.5,0.5
phi4_14b,PlainLLM,45,qwen3:8b,0.1666666666666666,3,0.0,0.0,0.5
phi4_14b,PlainLLM,46,qwen3:8b,0.5,3,0.5,0.5,0.5
phi4_14b,PlainLLM,47,qwen3:8b,0.1666666666666666,3,0.5,0.0,0.0
phi4_14b,PlainLLM,48,qwen3:8b,0.5,3,0.5,0.5,0.5
phi4_14b,PlainLLM,49,qwen3:8b,0.1666666666666666,3,0.5,0.0,0.0
phi4_14b,PlainLLM,50,qwen3:8b,0.5,3,0.5,0.5,0.5
phi4_14b,PlainLLM,51,qwen3:8b,0.0,3,0.0,0.0,0.0
phi4_14b,PlainLLM,52,qwen3:8b,0.5,3,0.5,0.5,0.5
phi4_14b,PlainLLM,53,qwen3:8b,0.0,3,0.0,0.0,0.0
phi4_14b,PlainLLM,54,qwen3:8b,0.3333333333333333,3,0.5,0.5,0.0
phi4_14b,PlainLLM,55,qwen3:8b,0.1666666666666666,3,0.0,0.5,0.0
phi4_14b,PlainLLM,56,qwen3:8b,0.5,3,0.5,0.5,0.5
phi4_14b,PlainLLM,57,qwen3:8b,0.1666666666666666,3,0.0,0.0,0.5
phi4_14b,PlainLLM,58,qwen3:8b,0.5,3,0.5,0.5,0.5
phi4_14b,PlainLLM,59,qwen3:8b,0.1666666666666666,3,0.0,0.0,0.5
phi4_14b,PlainLLM,60,qwen3:8b,0.5,3,0.5,0.5,0.5
phi4_14b,PlainLLM,61,qwen3:8b,0.5,3,0.5,0.5,0.5
phi4_14b,PlainLLM,62,qwen3:8b,0.5,3,0.5,0.5,0.5
phi4_14b,PlainLLM,63,qwen3:8b,0.5,3,0.5,0.5,0.5
phi4_14b,PlainLLM,64,qwen3:8b,0.5,3,0.5,0.5,0.5
phi4_14b,PlainLLM,65,qwen3:8b,0.5,3,0.5,0.5,0.5
phi4_14b,PlainLLM,66,qwen3:8b,0.0,3,0.0,0.0,0.0
qwen3_8b,SimpleRAG,0,deepseek-coder:6.7b,0.224,3,0.001,0.67,0.001
qwen3_8b,SimpleRAG,1,deepseek-coder:6.7b,0.6666666666666666,3,0.0,1.0,1.0
qwen3_8b,SimpleRAG,2,deepseek-coder:6.7b,0.7333333333333334,3,0.7,0.5,1.0
qwen3_8b,SimpleRAG,3,deepseek-coder:6.7b,0.8333333333333334,3,1.0,1.0,0.5
qwen3_8b,SimpleRAG,4,deepseek-coder:6.7b,0.8888888888888888,3,0.6666666666666666,1.0,1.0
qwen3_8b,SimpleRAG,5,deepseek-coder:6.7b,0.8333333333333334,3,0.5,1.0,1.0
qwen3_8b,SimpleRAG,6,deepseek-coder:6.7b,0.8333333333333334,3,0.5,1.0,1.0
qwen3_8b,SimpleRAG,7,deepseek-coder:6.7b,1.0,3,1.0,1.0,1.0
qwen3_8b,SimpleRAG,8,deepseek-coder:6.7b,0.8833333333333333,3,0.9,1.0,0.75
qwen3_8b,SimpleRAG,9,deepseek-coder:6.7b,0.5,3,0.5,0.0,1.0
qwen3_8b,SimpleRAG,10,deepseek-coder:6.7b,0.7766666666666667,3,1.0,1.0,0.33
qwen3_8b,SimpleRAG,11,deepseek-coder:6.7b,0.8333333333333334,3,1.0,1.0,0.5
qwen3_8b,SimpleRAG,12,deepseek-coder:6.7b,0.6666666666666666,3,1.0,0.5,0.5
qwen3_8b,SimpleRAG,13,deepseek-coder:6.7b,0.8333333333333334,3,1.0,1.0,0.5
qwen3_8b,SimpleRAG,14,deepseek-coder:6.7b,1.0,3,1.0,1.0,1.0
qwen3_8b,SimpleRAG,15,deepseek-coder:6.7b,1.0,3,1.0,1.0,1.0
qwen3_8b,SimpleRAG,16,deepseek-coder:6.7b,0.7333333333333334,3,1.0,0.7,0.5
qwen3_8b,SimpleRAG,17,deepseek-coder:6.7b,0.8333333333333334,3,0.5,1.0,1.0
qwen3_8b,SimpleRAG,18,deepseek-coder:6.7b,0.4433333333333333,3,0.83,0.5,0.0
qwen3_8b,SimpleRAG,19,deepseek-coder:6.7b,0.6666666666666666,3,0.5,0.5,1.0
qwen3_8b,SimpleRAG,20,deepseek-coder:6.7b,0.7833333333333333,3,0.85,0.5,1.0
qwen3_8b,SimpleRAG,21,deepseek-coder:6.7b,0.5,3,0.5,0.5,0.5
qwen3_8b,SimpleRAG,22,deepseek-coder:6.7b,0.9166666666666666,3,0.75,1.0,1.0
qwen3_8b,SimpleRAG,23,deepseek-coder:6.7b,0.5666666666666667,3,1.0,0.0,0.7
qwen3_8b,SimpleRAG,24,deepseek-coder:6.7b,1.0,3,1.0,1.0,1.0
qwen3_8b,SimpleRAG,25,deepseek-coder:6.7b,0.8333333333333334,3,1.0,0.5,1.0
qwen3_8b,SimpleRAG,26,deepseek-coder:6.7b,0.9333333333333332,3,1.0,1.0,0.8
qwen3_8b,SimpleRAG,27,deepseek-coder:6.7b,1.0,3,1.0,1.0,1.0
qwen3_8b,SimpleRAG,28,deepseek-coder:6.7b,0.8333333333333334,3,0.5,1.0,1.0
qwen3_8b,SimpleRAG,29,deepseek-coder:6.7b,0.3333333333333333,3,0.0,0.5,0.5
qwen3_8b,SimpleRAG,30,deepseek-coder:6.7b,0.8333333333333334,3,1.0,1.0,0.5
qwen3_8b,SimpleRAG,31,deepseek-coder:6.7b,0.9833333333333334,3,1.0,0.95,1.0
qwen3_8b,SimpleRAG,32,deepseek-coder:6.7b,0.6666666666666666,3,0.5,0.5,1.0
qwen3_8b,SimpleRAG,33,deepseek-coder:6.7b,0.7233333333333333,3,0.67,0.5,1.0
qwen3_8b,SimpleRAG,34,deepseek-coder:6.7b,0.8666666666666667,3,1.0,0.75,0.85
qwen3_8b,SimpleRAG,35,deepseek-coder:6.7b,0.8333333333333334,3,1.0,0.5,1.0
qwen3_8b,SimpleRAG,36,deepseek-coder:6.7b,0.6666666666666666,3,1.0,0.5,0.5
qwen3_8b,SimpleRAG,37,deepseek-coder:6.7b,0.95,3,1.0,1.0,0.85
qwen3_8b,SimpleRAG,38,deepseek-coder:6.7b,1.0,3,1.0,1.0,1.0
qwen3_8b,SimpleRAG,39,deepseek-coder:6.7b,0.9166666666666666,3,0.75,1.0,1.0
qwen3_8b,SimpleRAG,40,deepseek-coder:6.7b,0.8333333333333334,3,1.0,1.0,0.5
qwen3_8b,SimpleRAG,41,deepseek-coder:6.7b,0.3333333333333333,3,0.0,0.0,1.0
qwen3_8b,SimpleRAG,42,deepseek-coder:6.7b,0.4166666666666667,3,0.5,0.0,0.75
qwen3_8b,SimpleRAG,43,deepseek-coder:6.7b,0.8333333333333334,3,0.75,1.0,0.75
qwen3_8b,SimpleRAG,44,deepseek-coder:6.7b,1.0,3,1.0,1.0,1.0
qwen3_8b,SimpleRAG,45,deepseek-coder:6.7b,1.0,3,1.0,1.0,1.0
qwen3_8b,SimpleRAG,46,deepseek-coder:6.7b,0.89,3,1.0,0.67,1.0
qwen3_8b,SimpleRAG,47,deepseek-coder:6.7b,0.6666666666666666,3,0.0,1.0,1.0
qwen3_8b,SimpleRAG,48,deepseek-coder:6.7b,0.8333333333333334,3,1.0,1.0,0.5
qwen3_8b,SimpleRAG,49,deepseek-coder:6.7b,1.0,3,1.0,1.0,1.0
qwen3_8b,SimpleRAG,50,deepseek-coder:6.7b,0.9033333333333332,3,1.0,1.0,0.71
qwen3_8b,SimpleRAG,51,deepseek-coder:6.7b,0.8333333333333334,3,1.0,1.0,0.5
qwen3_8b,SimpleRAG,52,deepseek-coder:6.7b,0.8333333333333334,3,1.0,0.5,1.0
qwen3_8b,SimpleRAG,53,deepseek-coder:6.7b,0.6333333333333333,3,0.5,0.9,0.5
qwen3_8b,SimpleRAG,54,deepseek-coder:6.7b,0.75,3,0.75,0.5,1.0
qwen3_8b,SimpleRAG,55,deepseek-coder:6.7b,0.7833333333333333,3,0.5,1.0,0.85
qwen3_8b,SimpleRAG,56,deepseek-coder:6.7b,0.6666666666666666,3,1.0,0.5,0.5
qwen3_8b,SimpleRAG,57,deepseek-coder:6.7b,1.0,3,1.0,1.0,1.0
qwen3_8b,SimpleRAG,58,deepseek-coder:6.7b,0.9833333333333334,3,1.0,0.95,1.0
qwen3_8b,SimpleRAG,59,deepseek-coder:6.7b,0.8333333333333334,3,1.0,1.0,0.5
qwen3_8b,SimpleRAG,60,deepseek-coder:6.7b,1.0,3,1.0,1.0,1.0
qwen3_8b,SimpleRAG,61,deepseek-coder:6.7b,1.0,3,1.0,1.0,1.0
qwen3_8b,SimpleRAG,62,deepseek-coder:6.7b,0.8333333333333334,3,1.0,0.5,1.0
qwen3_8b,SimpleRAG,63,deepseek-coder:6.7b,1.0,3,1.0,1.0,1.0
qwen3_8b,SimpleRAG,64,deepseek-coder:6.7b,1.0,3,1.0,1.0,1.0
qwen3_8b,SimpleRAG,65,deepseek-coder:6.7b,0.8166666666666668,3,1.0,0.95,0.5
qwen3_8b,SimpleRAG,66,deepseek-coder:6.7b,0.3333333333333333,3,0.0,0.0,1.0
phi4_14b,ToTPlainLLM,0,qwen3:8b,0.0,3,0.0,0.0,0.0
phi4_14b,ToTPlainLLM,1,qwen3:8b,0.5,3,0.5,0.5,0.5
phi4_14b,ToTPlainLLM,2,qwen3:8b,0.3333333333333333,3,0.5,0.5,0.0
phi4_14b,ToTPlainLLM,3,qwen3:8b,0.5,3,0.5,0.5,0.5
phi4_14b,ToTPlainLLM,4,qwen3:8b,0.5,3,0.5,0.5,0.5
phi4_14b,ToTPlainLLM,5,qwen3:8b,0.3333333333333333,3,0.5,0.0,0.5
phi4_14b,ToTPlainLLM,6,qwen3:8b,0.5,3,0.5,0.5,0.5
phi4_14b,ToTPlainLLM,7,qwen3:8b,0.1666666666666666,3,0.5,0.0,0.0
phi4_14b,ToTPlainLLM,8,qwen3:8b,0.5,3,0.5,0.5,0.5
phi4_14b,ToTPlainLLM,9,qwen3:8b,0.5,3,0.5,0.5,0.5
phi4_14b,ToTPlainLLM,10,qwen3:8b,0.5,3,0.5,0.5,0.5
phi4_14b,ToTPlainLLM,11,qwen3:8b,0.1666666666666666,3,0.0,0.5,0.0
phi4_14b,ToTPlainLLM,12,qwen3:8b,0.5,3,0.5,0.5,0.5
phi4_14b,ToTPlainLLM,13,qwen3:8b,0.3333333333333333,3,0.5,0.5,0.0
phi4_14b,ToTPlainLLM,14,qwen3:8b,0.5,3,0.5,0.5,0.5
phi4_14b,ToTPlainLLM,15,qwen3:8b,0.1666666666666666,3,0.5,0.0,0.0
phi4_14b,ToTPlainLLM,16,qwen3:8b,0.5,3,0.5,0.5,0.5
phi4_14b,ToTPlainLLM,17,qwen3:8b,0.0,3,0.0,0.0,0.0
phi4_14b,ToTPlainLLM,18,qwen3:8b,0.5,3,0.5,0.5,0.5
phi4_14b,ToTPlainLLM,19,qwen3:8b,0.1666666666666666,3,0.5,0.0,0.0
phi4_14b,ToTPlainLLM,20,qwen3:8b,0.3333333333333333,3,0.5,0.5,0.0
phi4_14b,ToTPlainLLM,21,qwen3:8b,0.1666666666666666,3,0.0,0.0,0.5
phi4_14b,ToTPlainLLM,22,qwen3:8b,0.3333333333333333,3,0.0,0.5,0.5
phi4_14b,ToTPlainLLM,23,qwen3:8b,0.6666666666666666,3,0.5,1.0,0.5
phi4_14b,ToTPlainLLM,24,qwen3:8b,0.5,3,0.5,0.5,0.5
phi4_14b,ToTPlainLLM,25,qwen3:8b,0.5,3,0.5,0.5,0.5
phi4_14b,ToTPlainLLM,26,qwen3:8b,0.5,3,0.5,0.5,0.5
phi4_14b,ToTPlainLLM,27,qwen3:8b,0.6,3,0.8,0.5,0.5
phi4_14b,ToTPlainLLM,28,qwen3:8b,0.5,3,0.5,0.5,0.5
phi4_14b,ToTPlainLLM,29,qwen3:8b,0.5,3,0.5,0.5,0.5
phi4_14b,ToTPlainLLM,30,qwen3:8b,0.3333333333333333,3,0.0,0.5,0.5
phi4_14b,ToTPlainLLM,31,qwen3:8b,0.3333333333333333,3,0.5,0.5,0.0
phi4_14b,ToTPlainLLM,32,qwen3:8b,0.0,3,0.0,0.0,0.0
phi4_14b,ToTPlainLLM,33,qwen3:8b,0.5,3,0.5,0.5,0.5
phi4_14b,ToTPlainLLM,34,qwen3:8b,0.5,3,0.5,0.5,0.5
phi4_14b,ToTPlainLLM,35,qwen3:8b,0.5,3,0.5,0.5,0.5
phi4_14b,ToTPlainLLM,36,qwen3:8b,0.5,3,0.5,0.5,0.5
phi4_14b,ToTPlainLLM,37,qwen3:8b,0.5,3,0.5,0.5,0.5
phi4_14b,ToTPlainLLM,38,qwen3:8b,0.5,3,0.5,0.5,0.5
phi4_14b,ToTPlainLLM,39,qwen3:8b,0.5,3,0.5,0.5,0.5
phi4_14b,ToTPlainLLM,40,qwen3:8b,0.5,3,0.5,0.5,0.5
phi4_14b,ToTPlainLLM,41,qwen3:8b,0.3333333333333333,3,0.5,0.0,0.5
phi4_14b,ToTPlainLLM,42,qwen3:8b,0.5,3,0.5,0.5,0.5
phi4_14b,ToTPlainLLM,43,qwen3:8b,0.5,3,0.5,0.5,0.5
phi4_14b,ToTPlainLLM,44,qwen3:8b,0.6666666666666666,3,0.5,1.0,0.5
phi4_14b,ToTPlainLLM,45,qwen3:8b,0.6666666666666666,3,1.0,0.5,0.5
phi4_14b,ToTPlainLLM,46,qwen3:8b,0.6666666666666666,3,1.0,0.5,0.5
phi4_14b,ToTPlainLLM,47,qwen3:8b,0.5,3,0.5,0.5,0.5
phi4_14b,ToTPlainLLM,48,qwen3:8b,0.5,3,0.5,0.5,0.5
phi4_14b,ToTPlainLLM,49,qwen3:8b,0.1666666666666666,3,0.0,0.0,0.5
phi4_14b,ToTPlainLLM,50,qwen3:8b,0.5,3,0.5,0.5,0.5
phi4_14b,ToTPlainLLM,51,qwen3:8b,0.5,3,0.5,0.5,0.5
phi4_14b,ToTPlainLLM,52,qwen3:8b,0.5,3,0.5,0.5,0.5
phi4_14b,ToTPlainLLM,53,qwen3:8b,0.5,3,0.5,0.5,0.5
phi4_14b,ToTPlainLLM,54,qwen3:8b,0.5,3,0.5,0.5,0.5
phi4_14b,ToTPlainLLM,55,qwen3:8b,0.5,3,0.5,0.5,0.5
phi4_14b,ToTPlainLLM,56,qwen3:8b,0.5,3,0.5,0.5,0.5
phi4_14b,ToTPlainLLM,57,qwen3:8b,0.0,3,0.0,0.0,0.0
phi4_14b,ToTPlainLLM,58,qwen3:8b,0.1666666666666666,3,0.0,0.0,0.5
phi4_14b,ToTPlainLLM,59,qwen3:8b,0.0,3,0.0,0.0,0.0
phi4_14b,ToTPlainLLM,60,qwen3:8b,0.5,3,0.5,0.5,0.5
phi4_14b,ToTPlainLLM,61,qwen3:8b,0.5,3,0.5,0.5,0.5
phi4_14b,ToTPlainLLM,62,qwen3:8b,0.8333333333333334,3,0.5,1.0,1.0
phi4_14b,ToTPlainLLM,63,qwen3:8b,0.5,3,0.5,0.5,0.5
phi4_14b,ToTPlainLLM,64,qwen3:8b,0.1666666666666666,3,0.0,0.0,0.5
phi4_14b,ToTPlainLLM,65,qwen3:8b,0.6666666666666666,3,1.0,0.5,0.5
phi4_14b,ToTPlainLLM,66,qwen3:8b,0.5,3,0.5,0.5,0.5
llama3_2_latest,GoTPlainLLM,0,deepseek-coder:6.7b,0.7183333333333333,3,0.285,1.0,0.87
llama3_2_latest,GoTPlainLLM,1,deepseek-coder:6.7b,1.0,3,1.0,1.0,1.0
llama3_2_latest,GoTPlainLLM,2,deepseek-coder:6.7b,0.6666666666666666,3,0.5,1.0,0.5
llama3_2_latest,GoTPlainLLM,3,deepseek-coder:6.7b,0.9166666666666666,3,1.0,0.75,1.0
llama3_2_latest,GoTPlainLLM,4,deepseek-coder:6.7b,0.7833333333333333,3,1.0,0.5,0.85
llama3_2_latest,GoTPlainLLM,5,deepseek-coder:6.7b,0.8333333333333334,3,1.0,1.0,0.5
llama3_2_latest,GoTPlainLLM,6,deepseek-coder:6.7b,0.8333333333333334,3,1.0,0.5,1.0
llama3_2_latest,GoTPlainLLM,7,deepseek-coder:6.7b,0.6666666666666666,3,0.5,0.5,1.0
llama3_2_latest,GoTPlainLLM,8,deepseek-coder:6.7b,0.6211111111111111,3,0.85,1.0,0.0133333333333333
llama3_2_latest,GoTPlainLLM,9,deepseek-coder:6.7b,1.0,3,1.0,1.0,1.0
llama3_2_latest,GoTPlainLLM,10,deepseek-coder:6.7b,0.8333333333333334,3,0.5,1.0,1.0
llama3_2_latest,GoTPlainLLM,11,deepseek-coder:6.7b,1.0,3,1.0,1.0,1.0
llama3_2_latest,GoTPlainLLM,12,deepseek-coder:6.7b,0.6666666666666666,3,1.0,0.5,0.5
llama3_2_latest,GoTPlainLLM,13,deepseek-coder:6.7b,1.0,3,1.0,1.0,1.0
llama3_2_latest,GoTPlainLLM,14,deepseek-coder:6.7b,0.9333333333333332,3,0.8,1.0,1.0
llama3_2_latest,GoTPlainLLM,15,deepseek-coder:6.7b,1.0,3,1.0,1.0,1.0
llama3_2_latest,GoTPlainLLM,16,deepseek-coder:6.7b,0.5833333333333334,3,0.5,0.75,0.5
llama3_2_latest,GoTPlainLLM,17,deepseek-coder:6.7b,0.75,3,0.5,0.75,1.0
llama3_2_latest,GoTPlainLLM,18,deepseek-coder:6.7b,0.8333333333333334,3,1.0,1.0,0.5
llama3_2_latest,GoTPlainLLM,19,deepseek-coder:6.7b,0.8166666666666668,3,0.95,0.5,1.0
llama3_2_latest,GoTPlainLLM,20,deepseek-coder:6.7b,1.0,3,1.0,1.0,1.0
llama3_2_latest,GoTPlainLLM,21,deepseek-coder:6.7b,0.6666666666666666,3,0.5,0.5,1.0
llama3_2_latest,GoTPlainLLM,22,deepseek-coder:6.7b,0.9333333333333332,3,1.0,0.8,1.0
llama3_2_latest,GoTPlainLLM,23,deepseek-coder:6.7b,0.3666666666666667,3,0.1,1.0,0.0
llama3_2_latest,GoTPlainLLM,24,deepseek-coder:6.7b,0.8889999999999999,3,1.0,0.667,1.0
llama3_2_latest,GoTPlainLLM,25,deepseek-coder:6.7b,0.8333333333333334,3,1.0,1.0,0.5
llama3_2_latest,GoTPlainLLM,26,deepseek-coder:6.7b,0.8333333333333334,3,1.0,0.5,1.0
llama3_2_latest,GoTPlainLLM,27,deepseek-coder:6.7b,1.0,3,1.0,1.0,1.0
llama3_2_latest,GoTPlainLLM,28,deepseek-coder:6.7b,1.0,3,1.0,1.0,1.0
llama3_2_latest,GoTPlainLLM,29,deepseek-coder:6.7b,0.5,3,0.0,0.5,1.0
llama3_2_latest,GoTPlainLLM,30,deepseek-coder:6.7b,1.0,3,1.0,1.0,1.0
llama3_2_latest,GoTPlainLLM,31,deepseek-coder:6.7b,1.0,3,1.0,1.0,1.0
llama3_2_latest,GoTPlainLLM,32,deepseek-coder:6.7b,0.89,3,1.0,1.0,0.67
llama3_2_latest,GoTPlainLLM,33,deepseek-coder:6.7b,0.5,3,1.0,0.0,0.5
llama3_2_latest,GoTPlainLLM,34,deepseek-coder:6.7b,0.8333333333333334,3,1.0,0.5,1.0
llama3_2_latest,GoTPlainLLM,35,deepseek-coder:6.7b,0.57,3,0.01,1.0,0.7
llama3_2_latest,GoTPlainLLM,36,deepseek-coder:6.7b,1.0,3,1.0,1.0,1.0
llama3_2_latest,GoTPlainLLM,37,deepseek-coder:6.7b,0.5,3,0.5,0.5,0.5
llama3_2_latest,GoTPlainLLM,38,deepseek-coder:6.7b,0.61,3,1.0,0.03,0.8
llama3_2_latest,GoTPlainLLM,39,deepseek-coder:6.7b,1.0,3,1.0,1.0,1.0
llama3_2_latest,GoTPlainLLM,40,deepseek-coder:6.7b,1.0,3,1.0,1.0,1.0
llama3_2_latest,GoTPlainLLM,41,deepseek-coder:6.7b,0.8333333333333334,3,0.5,1.0,1.0
llama3_2_latest,GoTPlainLLM,42,deepseek-coder:6.7b,0.3333333333333333,3,0.5,0.5,0.0
llama3_2_latest,GoTPlainLLM,43,deepseek-coder:6.7b,1.0,3,1.0,1.0,1.0
llama3_2_latest,GoTPlainLLM,44,deepseek-coder:6.7b,0.6666666666666666,3,0.0,1.0,1.0
llama3_2_latest,GoTPlainLLM,45,deepseek-coder:6.7b,1.0,3,1.0,1.0,1.0
llama3_2_latest,GoTPlainLLM,46,deepseek-coder:6.7b,0.4166666666666667,3,0.5,0.25,0.5
llama3_2_latest,GoTPlainLLM,47,deepseek-coder:6.7b,1.0,3,1.0,1.0,1.0
llama3_2_latest,GoTPlainLLM,48,deepseek-coder:6.7b,0.8109999999999999,3,0.5,1.0,0.933
llama3_2_latest,GoTPlainLLM,49,deepseek-coder:6.7b,0.5,3,1.0,0.0,0.5
llama3_2_latest,GoTPlainLLM,50,deepseek-coder:6.7b,1.0,3,1.0,1.0,1.0
llama3_2_latest,GoTPlainLLM,51,deepseek-coder:6.7b,0.5,3,1.0,0.0,0.5
llama3_2_latest,GoTPlainLLM,52,deepseek-coder:6.7b,1.0,3,1.0,1.0,1.0
llama3_2_latest,GoTPlainLLM,53,deepseek-coder:6.7b,0.8333333333333334,3,1.0,1.0,0.5
llama3_2_latest,GoTPlainLLM,54,deepseek-coder:6.7b,0.8333333333333334,3,0.5,1.0,1.0
llama3_2_latest,GoTPlainLLM,55,deepseek-coder:6.7b,1.0,3,1.0,1.0,1.0
llama3_2_latest,GoTPlainLLM,56,deepseek-coder:6.7b,1.0,3,1.0,1.0,1.0
llama3_2_latest,GoTPlainLLM,57,deepseek-coder:6.7b,0.99,3,1.0,0.97,1.0
llama3_2_latest,GoTPlainLLM,58,deepseek-coder:6.7b,0.75,3,1.0,0.75,0.5
llama3_2_latest,GoTPlainLLM,59,deepseek-coder:6.7b,0.6666666666666666,3,1.0,0.0,1.0
llama3_2_latest,GoTPlainLLM,60,deepseek-coder:6.7b,1.0,3,1.0,1.0,1.0
llama3_2_latest,GoTPlainLLM,61,deepseek-coder:6.7b,0.9666666666666668,3,0.9,1.0,1.0
llama3_2_latest,GoTPlainLLM,62,deepseek-coder:6.7b,1.0,3,1.0,1.0,1.0
llama3_2_latest,GoTPlainLLM,63,deepseek-coder:6.7b,0.75,3,0.75,0.5,1.0
llama3_2_latest,GoTPlainLLM,64,deepseek-coder:6.7b,0.3333333333333333,3,0.0,0.0,1.0
llama3_2_latest,GoTPlainLLM,65,deepseek-coder:6.7b,0.9,3,1.0,1.0,0.7
llama3_2_latest,GoTPlainLLM,66,deepseek-coder:6.7b,0.95,3,1.0,0.85,1.0
phi4_14b,SelfCorrectionRAG,0,qwen3:8b,0.5,3,0.5,0.5,0.5
phi4_14b,SelfCorrectionRAG,1,qwen3:8b,0.5,3,0.5,0.5,0.5
phi4_14b,SelfCorrectionRAG,2,qwen3:8b,0.1666666666666666,3,0.0,0.5,0.0
phi4_14b,SelfCorrectionRAG,3,qwen3:8b,0.5,3,0.5,0.5,0.5
phi4_14b,SelfCorrectionRAG,4,qwen3:8b,0.5,3,0.5,0.5,0.5
phi4_14b,SelfCorrectionRAG,5,qwen3:8b,0.5,3,0.5,0.5,0.5
phi4_14b,SelfCorrectionRAG,6,qwen3:8b,0.5,3,0.5,0.5,0.5
phi4_14b,SelfCorrectionRAG,7,qwen3:8b,0.5,3,0.5,0.5,0.5
phi4_14b,SelfCorrectionRAG,8,qwen3:8b,0.5,3,0.5,0.5,0.5
phi4_14b,SelfCorrectionRAG,9,qwen3:8b,0.3333333333333333,3,0.0,0.5,0.5
phi4_14b,SelfCorrectionRAG,10,qwen3:8b,0.3333333333333333,3,0.5,0.5,0.0
phi4_14b,SelfCorrectionRAG,11,qwen3:8b,0.1666666666666666,3,0.0,0.5,0.0
phi4_14b,SelfCorrectionRAG,12,qwen3:8b,0.5,3,0.5,0.5,0.5
phi4_14b,SelfCorrectionRAG,13,qwen3:8b,0.5,3,0.5,0.5,0.5
phi4_14b,SelfCorrectionRAG,14,qwen3:8b,0.5,3,0.5,0.5,0.5
phi4_14b,SelfCorrectionRAG,15,qwen3:8b,0.5,3,0.5,0.5,0.5
phi4_14b,SelfCorrectionRAG,16,qwen3:8b,0.5,3,0.5,0.5,0.5
phi4_14b,SelfCorrectionRAG,17,qwen3:8b,0.5,3,0.5,0.5,0.5
phi4_14b,SelfCorrectionRAG,18,qwen3:8b,0.5,3,0.5,0.5,0.5
phi4_14b,SelfCorrectionRAG,19,qwen3:8b,0.1666666666666666,3,0.0,0.5,0.0
phi4_14b,SelfCorrectionRAG,20,qwen3:8b,0.5,3,0.5,0.5,0.5
phi4_14b,SelfCorrectionRAG,21,qwen3:8b,0.5,3,0.0,1.0,0.5
phi4_14b,SelfCorrectionRAG,22,qwen3:8b,0.5,3,0.5,0.5,0.5
phi4_14b,SelfCorrectionRAG,23,qwen3:8b,0.5,3,0.5,0.5,0.5
phi4_14b,SelfCorrectionRAG,24,qwen3:8b,0.5,3,0.5,0.5,0.5
phi4_14b,SelfCorrectionRAG,25,qwen3:8b,0.6666666666666666,3,0.5,0.5,1.0
phi4_14b,SelfCorrectionRAG,26,qwen3:8b,0.5,3,0.5,0.5,0.5
phi4_14b,SelfCorrectionRAG,27,qwen3:8b,0.5,3,0.5,0.5,0.5
phi4_14b,SelfCorrectionRAG,28,qwen3:8b,0.5,3,0.5,0.5,0.5
phi4_14b,SelfCorrectionRAG,29,qwen3:8b,0.5,3,0.5,0.5,0.5
phi4_14b,SelfCorrectionRAG,30,qwen3:8b,0.5,3,0.5,0.5,0.5
phi4_14b,SelfCorrectionRAG,31,qwen3:8b,0.3333333333333333,3,0.0,0.5,0.5
phi4_14b,SelfCorrectionRAG,32,qwen3:8b,0.5,3,0.5,0.5,0.5
phi4_14b,SelfCorrectionRAG,33,qwen3:8b,0.5,3,0.5,0.5,0.5
phi4_14b,SelfCorrectionRAG,34,qwen3:8b,0.3333333333333333,3,0.5,0.0,0.5
phi4_14b,SelfCorrectionRAG,35,qwen3:8b,0.5,3,0.5,0.5,0.5
phi4_14b,SelfCorrectionRAG,36,qwen3:8b,0.3333333333333333,3,0.5,0.0,0.5
phi4_14b,SelfCorrectionRAG,37,qwen3:8b,0.5,3,0.5,0.5,0.5
phi4_14b,SelfCorrectionRAG,38,qwen3:8b,0.5,3,0.5,0.5,0.5
phi4_14b,SelfCorrectionRAG,39,qwen3:8b,0.5,3,0.5,0.5,0.5
phi4_14b,SelfCorrectionRAG,40,qwen3:8b,0.5,3,0.5,0.5,0.5
phi4_14b,SelfCorrectionRAG,41,qwen3:8b,0.5,3,0.5,0.5,0.5
phi4_14b,SelfCorrectionRAG,42,qwen3:8b,0.3333333333333333,3,0.0,0.5,0.5
phi4_14b,SelfCorrectionRAG,43,qwen3:8b,0.5,3,0.5,0.5,0.5
phi4_14b,SelfCorrectionRAG,44,qwen3:8b,0.5,3,0.5,0.5,0.5
phi4_14b,SelfCorrectionRAG,45,qwen3:8b,0.5,3,0.5,0.5,0.5
phi4_14b,SelfCorrectionRAG,46,qwen3:8b,0.5,3,0.5,0.5,0.5
phi4_14b,SelfCorrectionRAG,47,qwen3:8b,0.5,3,0.5,0.5,0.5
phi4_14b,SelfCorrectionRAG,48,qwen3:8b,0.3333333333333333,3,0.5,0.0,0.5
phi4_14b,SelfCorrectionRAG,49,qwen3:8b,0.0,3,0.0,0.0,0.0
phi4_14b,SelfCorrectionRAG,50,qwen3:8b,0.5,3,0.5,0.5,0.5
phi4_14b,SelfCorrectionRAG,51,qwen3:8b,0.5,3,0.5,0.5,0.5
phi4_14b,SelfCorrectionRAG,52,qwen3:8b,0.3333333333333333,3,0.0,0.5,0.5
phi4_14b,SelfCorrectionRAG,53,qwen3:8b,0.5,3,0.5,0.5,0.5
phi4_14b,SelfCorrectionRAG,54,qwen3:8b,0.3333333333333333,3,0.5,0.5,0.0
phi4_14b,SelfCorrectionRAG,55,qwen3:8b,0.1666666666666666,3,0.5,0.0,0.0
phi4_14b,SelfCorrectionRAG,56,qwen3:8b,0.5,3,0.5,0.5,0.5
phi4_14b,SelfCorrectionRAG,57,qwen3:8b,0.0,3,0.0,0.0,0.0
phi4_14b,SelfCorrectionRAG,58,qwen3:8b,0.3333333333333333,3,0.5,0.5,0.0
phi4_14b,SelfCorrectionRAG,59,qwen3:8b,0.5,3,0.5,0.5,0.5
phi4_14b,SelfCorrectionRAG,60,qwen3:8b,0.5,3,0.5,0.5,0.5
phi4_14b,SelfCorrectionRAG,61,qwen3:8b,0.5,3,0.5,0.5,0.5
phi4_14b,SelfCorrectionRAG,62,qwen3:8b,0.5,3,0.5,0.5,0.5
phi4_14b,SelfCorrectionRAG,63,qwen3:8b,0.5,3,0.5,0.5,0.5
phi4_14b,SelfCorrectionRAG,64,qwen3:8b,0.0,3,0.0,0.0,0.0
phi4_14b,SelfCorrectionRAG,65,qwen3:8b,0.5,3,0.5,0.5,0.5
phi4_14b,SelfCorrectionRAG,66,qwen3:8b,0.1666666666666666,3,0.0,0.5,0.0
qwen3_8b,GoTRAG,0,qwen3:8b,0.5,3,0.5,0.5,0.5
qwen3_8b,GoTRAG,1,qwen3:8b,0.6666666666666666,3,0.5,0.5,1.0
qwen3_8b,GoTRAG,2,qwen3:8b,0.5,3,0.5,0.5,0.5
qwen3_8b,GoTRAG,3,qwen3:8b,0.5,3,0.5,0.5,0.5
qwen3_8b,GoTRAG,4,qwen3:8b,1.0,3,1.0,1.0,1.0
qwen3_8b,GoTRAG,5,qwen3:8b,0.3333333333333333,3,0.5,0.0,0.5
qwen3_8b,GoTRAG,6,qwen3:8b,0.5,3,0.5,0.5,0.5
qwen3_8b,GoTRAG,7,qwen3:8b,0.5,3,0.5,0.5,0.5
qwen3_8b,GoTRAG,8,qwen3:8b,0.5,3,0.5,0.5,0.5
qwen3_8b,GoTRAG,9,qwen3:8b,0.5,3,0.5,0.5,0.5
qwen3_8b,GoTRAG,10,qwen3:8b,0.5,3,0.5,0.5,0.5
qwen3_8b,GoTRAG,11,qwen3:8b,0.8333333333333334,3,1.0,1.0,0.5
qwen3_8b,GoTRAG,12,qwen3:8b,0.5,3,0.5,0.5,0.5
qwen3_8b,GoTRAG,13,qwen3:8b,0.5,3,0.5,0.5,0.5
qwen3_8b,GoTRAG,14,qwen3:8b,0.6666666666666666,3,0.5,0.5,1.0
qwen3_8b,GoTRAG,15,qwen3:8b,0.5,3,0.5,0.5,0.5
qwen3_8b,GoTRAG,16,qwen3:8b,0.5,3,0.5,0.5,0.5
qwen3_8b,GoTRAG,17,qwen3:8b,0.5,3,0.5,0.5,0.5
qwen3_8b,GoTRAG,18,qwen3:8b,0.5,3,0.5,0.5,0.5
qwen3_8b,GoTRAG,19,qwen3:8b,0.5,3,0.5,0.5,0.5
qwen3_8b,GoTRAG,20,qwen3:8b,0.5,3,0.5,0.5,0.5
qwen3_8b,GoTRAG,21,qwen3:8b,0.6666666666666666,3,0.5,0.5,1.0
qwen3_8b,GoTRAG,22,qwen3:8b,0.5,3,0.5,0.5,0.5
qwen3_8b,GoTRAG,23,qwen3:8b,0.5,3,0.5,0.5,0.5
qwen3_8b,GoTRAG,24,qwen3:8b,0.5,3,0.5,0.5,0.5
qwen3_8b,GoTRAG,25,qwen3:8b,0.5,3,0.5,0.5,0.5
qwen3_8b,GoTRAG,26,qwen3:8b,0.5,3,0.5,0.5,0.5
qwen3_8b,GoTRAG,27,qwen3:8b,0.5,3,0.5,0.5,0.5
qwen3_8b,GoTRAG,28,qwen3:8b,0.5,3,0.5,0.5,0.5
qwen3_8b,GoTRAG,29,qwen3:8b,0.5,3,0.5,0.5,0.5
qwen3_8b,GoTRAG,30,qwen3:8b,0.5,3,0.5,0.5,0.5
qwen3_8b,GoTRAG,31,qwen3:8b,0.5,3,0.5,0.5,0.5
qwen3_8b,GoTRAG,32,qwen3:8b,0.6666666666666666,3,0.5,0.5,1.0
qwen3_8b,GoTRAG,33,qwen3:8b,0.5,3,0.5,0.5,0.5
qwen3_8b,GoTRAG,34,qwen3:8b,0.5,3,0.5,0.5,0.5
qwen3_8b,GoTRAG,35,qwen3:8b,0.5,3,0.5,0.5,0.5
qwen3_8b,GoTRAG,36,qwen3:8b,0.5,3,0.5,0.5,0.5
qwen3_8b,GoTRAG,37,qwen3:8b,0.5,3,0.5,0.5,0.5
qwen3_8b,GoTRAG,38,qwen3:8b,0.5,3,0.5,0.5,0.5
qwen3_8b,GoTRAG,39,qwen3:8b,0.5,3,0.5,0.5,0.5
qwen3_8b,GoTRAG,40,qwen3:8b,0.5,3,0.5,0.5,0.5
qwen3_8b,GoTRAG,41,qwen3:8b,0.5,3,0.5,0.5,0.5
qwen3_8b,GoTRAG,42,qwen3:8b,0.5,3,0.5,0.5,0.5
qwen3_8b,GoTRAG,43,qwen3:8b,0.5,3,0.5,0.5,0.5
qwen3_8b,GoTRAG,44,qwen3:8b,0.3333333333333333,3,0.5,0.0,0.5
qwen3_8b,GoTRAG,45,qwen3:8b,0.5,3,0.5,0.5,0.5
qwen3_8b,GoTRAG,46,qwen3:8b,0.5,3,0.5,0.5,0.5
qwen3_8b,GoTRAG,47,qwen3:8b,0.5,3,0.5,0.5,0.5
qwen3_8b,GoTRAG,48,qwen3:8b,0.5,3,0.5,0.5,0.5
qwen3_8b,GoTRAG,49,qwen3:8b,0.5,3,0.5,0.5,0.5
qwen3_8b,GoTRAG,50,qwen3:8b,0.3333333333333333,3,0.0,0.5,0.5
qwen3_8b,GoTRAG,51,qwen3:8b,0.5666666666666667,3,0.7,0.5,0.5
qwen3_8b,GoTRAG,52,qwen3:8b,0.5,3,0.5,0.5,0.5
qwen3_8b,GoTRAG,53,qwen3:8b,0.3333333333333333,3,0.5,0.5,0.0
qwen3_8b,GoTRAG,54,qwen3:8b,0.5,3,0.5,0.5,0.5
qwen3_8b,GoTRAG,55,qwen3:8b,0.1666666666666666,3,0.0,0.5,0.0
qwen3_8b,GoTRAG,56,qwen3:8b,0.5,3,0.5,0.5,0.5
qwen3_8b,GoTRAG,57,qwen3:8b,0.5,3,0.5,0.5,0.5
qwen3_8b,GoTRAG,58,qwen3:8b,0.5,3,0.5,0.5,0.5
qwen3_8b,GoTRAG,59,qwen3:8b,0.3333333333333333,3,0.5,0.0,0.5
qwen3_8b,GoTRAG,60,qwen3:8b,0.3333333333333333,3,0.5,0.0,0.5
qwen3_8b,GoTRAG,61,qwen3:8b,0.5,3,0.5,0.5,0.5
qwen3_8b,GoTRAG,62,qwen3:8b,0.6666666666666666,3,1.0,0.5,0.5
qwen3_8b,GoTRAG,63,qwen3:8b,0.5,3,0.5,0.5,0.5
qwen3_8b,GoTRAG,64,qwen3:8b,0.6666666666666666,3,0.5,0.5,1.0
qwen3_8b,GoTRAG,65,qwen3:8b,0.5,3,0.5,0.5,0.5
qwen3_8b,GoTRAG,66,qwen3:8b,0.5,3,0.5,0.5,0.5
qwen3_8b,SelfCorrectionRAG,0,qwen3:8b,0.5,3,0.5,0.5,0.5
qwen3_8b,SelfCorrectionRAG,1,qwen3:8b,0.3333333333333333,3,0.0,0.5,0.5
qwen3_8b,SelfCorrectionRAG,2,qwen3:8b,0.5,3,0.5,0.5,0.5
qwen3_8b,SelfCorrectionRAG,3,qwen3:8b,0.5,3,0.5,0.5,0.5
qwen3_8b,SelfCorrectionRAG,4,qwen3:8b,0.5,3,0.5,0.5,0.5
qwen3_8b,SelfCorrectionRAG,5,qwen3:8b,0.5,3,0.5,0.5,0.5
qwen3_8b,SelfCorrectionRAG,6,qwen3:8b,0.5,3,0.5,0.5,0.5
qwen3_8b,SelfCorrectionRAG,7,qwen3:8b,0.5,3,0.5,0.5,0.5
qwen3_8b,SelfCorrectionRAG,8,qwen3:8b,0.5,3,0.5,0.5,0.5
qwen3_8b,SelfCorrectionRAG,9,qwen3:8b,0.5,3,0.5,0.5,0.5
qwen3_8b,SelfCorrectionRAG,10,qwen3:8b,0.5,3,0.5,0.5,0.5
qwen3_8b,SelfCorrectionRAG,11,qwen3:8b,0.1666666666666666,3,0.5,0.0,0.0
qwen3_8b,SelfCorrectionRAG,12,qwen3:8b,0.5,3,0.5,0.5,0.5
qwen3_8b,SelfCorrectionRAG,13,qwen3:8b,0.5,3,0.5,0.5,0.5
qwen3_8b,SelfCorrectionRAG,14,qwen3:8b,0.5,3,0.5,0.5,0.5
qwen3_8b,SelfCorrectionRAG,15,qwen3:8b,0.5,3,0.5,0.5,0.5
qwen3_8b,SelfCorrectionRAG,16,qwen3:8b,0.1666666666666666,3,0.5,0.0,0.0
qwen3_8b,SelfCorrectionRAG,17,qwen3:8b,0.5,3,0.5,0.5,0.5
qwen3_8b,SelfCorrectionRAG,18,qwen3:8b,0.5,3,0.5,0.5,0.5
qwen3_8b,SelfCorrectionRAG,19,qwen3:8b,0.0,3,0.0,0.0,0.0
qwen3_8b,SelfCorrectionRAG,20,qwen3:8b,0.3333333333333333,3,0.5,0.0,0.5
qwen3_8b,SelfCorrectionRAG,21,qwen3:8b,0.5,3,0.5,0.5,0.5
qwen3_8b,SelfCorrectionRAG,22,qwen3:8b,0.5,3,0.5,0.5,0.5
qwen3_8b,SelfCorrectionRAG,23,qwen3:8b,0.5,3,0.5,0.5,0.5
qwen3_8b,SelfCorrectionRAG,24,qwen3:8b,0.5,3,0.5,0.5,0.5
qwen3_8b,SelfCorrectionRAG,25,qwen3:8b,0.6666666666666666,3,0.5,0.5,1.0
qwen3_8b,SelfCorrectionRAG,26,qwen3:8b,0.5,3,0.5,0.5,0.5
qwen3_8b,SelfCorrectionRAG,27,qwen3:8b,0.5,3,0.5,0.5,0.5
qwen3_8b,SelfCorrectionRAG,28,qwen3:8b,0.5,3,0.5,0.5,0.5
qwen3_8b,SelfCorrectionRAG,29,qwen3:8b,0.5,3,0.5,0.5,0.5
qwen3_8b,SelfCorrectionRAG,30,qwen3:8b,0.5,3,0.5,0.5,0.5
qwen3_8b,SelfCorrectionRAG,31,qwen3:8b,0.5,3,0.5,0.5,0.5
qwen3_8b,SelfCorrectionRAG,32,qwen3:8b,0.5,3,0.5,0.5,0.5
qwen3_8b,SelfCorrectionRAG,33,qwen3:8b,0.5,3,0.5,0.5,0.5
qwen3_8b,SelfCorrectionRAG,34,qwen3:8b,0.3333333333333333,3,0.5,0.0,0.5
qwen3_8b,SelfCorrectionRAG,35,qwen3:8b,0.1666666666666666,3,0.0,0.0,0.5
qwen3_8b,SelfCorrectionRAG,36,qwen3:8b,0.1666666666666666,3,0.0,0.0,0.5
qwen3_8b,SelfCorrectionRAG,37,qwen3:8b,0.5,3,0.5,0.5,0.5
qwen3_8b,SelfCorrectionRAG,38,qwen3:8b,0.3333333333333333,3,0.5,0.0,0.5
qwen3_8b,SelfCorrectionRAG,39,qwen3:8b,0.5,3,0.5,0.5,0.5
qwen3_8b,SelfCorrectionRAG,40,qwen3:8b,0.5,3,0.5,0.5,0.5
qwen3_8b,SelfCorrectionRAG,41,qwen3:8b,0.5,3,0.5,0.5,0.5
qwen3_8b,SelfCorrectionRAG,42,qwen3:8b,1.0,3,1.0,1.0,1.0
qwen3_8b,SelfCorrectionRAG,43,qwen3:8b,0.5,3,0.5,0.5,0.5
qwen3_8b,SelfCorrectionRAG,44,qwen3:8b,0.5,3,0.5,0.5,0.5
qwen3_8b,SelfCorrectionRAG,45,qwen3:8b,0.8333333333333334,3,0.5,1.0,1.0
qwen3_8b,SelfCorrectionRAG,46,qwen3:8b,0.5,3,0.5,0.5,0.5
qwen3_8b,SelfCorrectionRAG,47,qwen3:8b,0.3333333333333333,3,0.5,0.0,0.5
qwen3_8b,SelfCorrectionRAG,48,qwen3:8b,0.5,3,0.5,0.5,0.5
qwen3_8b,SelfCorrectionRAG,49,qwen3:8b,0.8333333333333334,3,1.0,1.0,0.5
qwen3_8b,SelfCorrectionRAG,50,qwen3:8b,0.5,3,0.5,0.5,0.5
qwen3_8b,SelfCorrectionRAG,51,qwen3:8b,0.5,3,0.5,0.5,0.5
qwen3_8b,SelfCorrectionRAG,52,qwen3:8b,0.5,3,0.5,0.5,0.5
qwen3_8b,SelfCorrectionRAG,53,qwen3:8b,0.3333333333333333,3,0.5,0.0,0.5
qwen3_8b,SelfCorrectionRAG,54,qwen3:8b,0.5,3,0.5,0.5,0.5
qwen3_8b,SelfCorrectionRAG,55,qwen3:8b,0.5,3,0.5,0.5,0.5
qwen3_8b,SelfCorrectionRAG,56,qwen3:8b,0.3333333333333333,3,0.5,0.0,0.5
qwen3_8b,SelfCorrectionRAG,57,qwen3:8b,0.3333333333333333,3,0.0,0.5,0.5
qwen3_8b,SelfCorrectionRAG,58,qwen3:8b,0.5,3,0.5,0.5,0.5
qwen3_8b,SelfCorrectionRAG,59,qwen3:8b,0.1666666666666666,3,0.0,0.5,0.0
qwen3_8b,SelfCorrectionRAG,60,qwen3:8b,0.5,3,0.5,0.5,0.5
qwen3_8b,SelfCorrectionRAG,61,qwen3:8b,0.5,3,0.5,0.5,0.5
qwen3_8b,SelfCorrectionRAG,62,qwen3:8b,0.5,3,0.5,0.5,0.5
qwen3_8b,SelfCorrectionRAG,63,qwen3:8b,0.5,3,0.5,0.5,0.5
qwen3_8b,SelfCorrectionRAG,64,qwen3:8b,0.5,3,0.5,0.5,0.5
qwen3_8b,SelfCorrectionRAG,65,qwen3:8b,0.5,3,0.5,0.5,0.5
qwen3_8b,SelfCorrectionRAG,66,qwen3:8b,0.3333333333333333,3,0.0,0.5,0.5
llama3_2_latest,SelfCorrectionRAG,0,qwen3:8b,0.0,3,0.0,0.0,0.0
llama3_2_latest,SelfCorrectionRAG,1,qwen3:8b,0.5,3,0.5,0.5,0.5
llama3_2_latest,SelfCorrectionRAG,2,qwen3:8b,0.5,3,0.5,0.5,0.5
llama3_2_latest,SelfCorrectionRAG,3,qwen3:8b,0.3333333333333333,3,0.5,0.5,0.0
llama3_2_latest,SelfCorrectionRAG,4,qwen3:8b,0.5,3,0.5,0.5,0.5
llama3_2_latest,SelfCorrectionRAG,5,qwen3:8b,0.0,3,0.0,0.0,0.0
llama3_2_latest,SelfCorrectionRAG,6,qwen3:8b,0.0,3,0.0,0.0,0.0
llama3_2_latest,SelfCorrectionRAG,7,qwen3:8b,0.1666666666666666,3,0.0,0.0,0.5
llama3_2_latest,SelfCorrectionRAG,8,qwen3:8b,0.0,3,0.0,0.0,0.0
llama3_2_latest,SelfCorrectionRAG,9,qwen3:8b,0.5,3,0.5,0.5,0.5
llama3_2_latest,SelfCorrectionRAG,10,qwen3:8b,0.0,3,0.0,0.0,0.0
llama3_2_latest,SelfCorrectionRAG,11,qwen3:8b,0.1666666666666666,3,0.0,0.5,0.0
llama3_2_latest,SelfCorrectionRAG,12,qwen3:8b,0.1666666666666666,3,0.5,0.0,0.0
llama3_2_latest,SelfCorrectionRAG,13,qwen3:8b,0.5,3,0.5,0.5,0.5
llama3_2_latest,SelfCorrectionRAG,14,qwen3:8b,0.5,3,0.5,0.5,0.5
llama3_2_latest,SelfCorrectionRAG,15,qwen3:8b,0.5,3,0.5,0.5,0.5
llama3_2_latest,SelfCorrectionRAG,16,qwen3:8b,0.3333333333333333,3,0.5,0.0,0.5
llama3_2_latest,SelfCorrectionRAG,17,qwen3:8b,0.1666666666666666,3,0.0,0.5,0.0
llama3_2_latest,SelfCorrectionRAG,18,qwen3:8b,0.0,3,0.0,0.0,0.0
llama3_2_latest,SelfCorrectionRAG,19,qwen3:8b,0.3333333333333333,3,0.5,0.0,0.5
llama3_2_latest,SelfCorrectionRAG,20,qwen3:8b,0.0,3,0.0,0.0,0.0
llama3_2_latest,SelfCorrectionRAG,21,qwen3:8b,0.1666666666666666,3,0.0,0.5,0.0
llama3_2_latest,SelfCorrectionRAG,22,qwen3:8b,0.3333333333333333,3,0.5,0.5,0.0
llama3_2_latest,SelfCorrectionRAG,23,qwen3:8b,0.5,3,0.5,0.5,0.5
llama3_2_latest,SelfCorrectionRAG,24,qwen3:8b,0.8333333333333334,3,1.0,1.0,0.5
llama3_2_latest,SelfCorrectionRAG,25,qwen3:8b,0.5,3,0.5,0.5,0.5
llama3_2_latest,SelfCorrectionRAG,26,qwen3:8b,0.5,3,0.5,0.5,0.5
llama3_2_latest,SelfCorrectionRAG,27,qwen3:8b,0.5,3,0.5,0.5,0.5
llama3_2_latest,SelfCorrectionRAG,28,qwen3:8b,0.5,3,0.5,0.5,0.5
llama3_2_latest,SelfCorrectionRAG,29,qwen3:8b,0.5,3,0.5,0.5,0.5
llama3_2_latest,SelfCorrectionRAG,30,qwen3:8b,0.6666666666666666,3,0.5,0.5,1.0
llama3_2_latest,SelfCorrectionRAG,31,qwen3:8b,0.5,3,0.5,0.5,0.5
llama3_2_latest,SelfCorrectionRAG,32,qwen3:8b,0.1666666666666666,3,0.5,0.0,0.0
llama3_2_latest,SelfCorrectionRAG,33,qwen3:8b,0.5,3,0.5,0.5,0.5
llama3_2_latest,SelfCorrectionRAG,34,qwen3:8b,0.1666666666666666,3,0.5,0.0,0.0
llama3_2_latest,SelfCorrectionRAG,35,qwen3:8b,0.6666666666666666,3,0.5,0.5,1.0
llama3_2_latest,SelfCorrectionRAG,36,qwen3:8b,0.1666666666666666,3,0.0,0.0,0.5
llama3_2_latest,SelfCorrectionRAG,37,qwen3:8b,0.5,3,0.5,0.5,0.5
llama3_2_latest,SelfCorrectionRAG,38,qwen3:8b,0.5,3,0.5,0.5,0.5
llama3_2_latest,SelfCorrectionRAG,39,qwen3:8b,0.3333333333333333,3,0.0,0.5,0.5
llama3_2_latest,SelfCorrectionRAG,40,qwen3:8b,0.5,3,0.5,0.5,0.5
llama3_2_latest,SelfCorrectionRAG,41,qwen3:8b,0.1666666666666666,3,0.0,0.5,0.0
llama3_2_latest,SelfCorrectionRAG,42,qwen3:8b,0.1666666666666666,3,0.0,0.0,0.5
llama3_2_latest,SelfCorrectionRAG,43,qwen3:8b,0.4333333333333333,3,0.5,0.5,0.3
llama3_2_latest,SelfCorrectionRAG,44,qwen3:8b,0.0,3,0.0,0.0,0.0
llama3_2_latest,SelfCorrectionRAG,45,qwen3:8b,0.1666666666666666,3,0.5,0.0,0.0
llama3_2_latest,SelfCorrectionRAG,46,qwen3:8b,0.3333333333333333,3,0.0,0.5,0.5
llama3_2_latest,SelfCorrectionRAG,47,qwen3:8b,0.5,3,0.5,0.5,0.5
llama3_2_latest,SelfCorrectionRAG,48,qwen3:8b,0.5,3,0.5,0.5,0.5
llama3_2_latest,SelfCorrectionRAG,49,qwen3:8b,0.5,3,0.5,0.5,0.5
llama3_2_latest,SelfCorrectionRAG,50,qwen3:8b,0.3333333333333333,3,0.5,0.0,0.5
llama3_2_latest,SelfCorrectionRAG,51,qwen3:8b,0.5,3,0.5,0.5,0.5
llama3_2_latest,SelfCorrectionRAG,52,qwen3:8b,0.5,3,0.5,0.5,0.5
llama3_2_latest,SelfCorrectionRAG,53,qwen3:8b,0.0,3,0.0,0.0,0.0
llama3_2_latest,SelfCorrectionRAG,54,qwen3:8b,0.5,3,0.5,0.5,0.5
llama3_2_latest,SelfCorrectionRAG,55,qwen3:8b,0.1666666666666666,3,0.5,0.0,0.0
llama3_2_latest,SelfCorrectionRAG,56,qwen3:8b,0.3333333333333333,3,0.5,0.0,0.5
llama3_2_latest,SelfCorrectionRAG,57,qwen3:8b,0.0,3,0.0,0.0,0.0
llama3_2_latest,SelfCorrectionRAG,58,qwen3:8b,0.0,3,0.0,0.0,0.0
llama3_2_latest,SelfCorrectionRAG,59,qwen3:8b,0.5,3,0.5,0.5,0.5
llama3_2_latest,SelfCorrectionRAG,60,qwen3:8b,0.5,3,0.5,0.5,0.5
llama3_2_latest,SelfCorrectionRAG,61,qwen3:8b,0.3333333333333333,3,0.0,0.5,0.5
llama3_2_latest,SelfCorrectionRAG,62,qwen3:8b,0.5,3,0.5,0.5,0.5
llama3_2_latest,SelfCorrectionRAG,63,qwen3:8b,0.3333333333333333,3,0.5,0.5,0.0
llama3_2_latest,SelfCorrectionRAG,64,qwen3:8b,0.5,3,0.5,0.5,0.5
llama3_2_latest,SelfCorrectionRAG,65,qwen3:8b,0.5,3,0.5,0.5,0.5
llama3_2_latest,SelfCorrectionRAG,66,qwen3:8b,0.0,3,0.0,0.0,0.0
llama3_2_latest,SimpleRAG,0,qwen3:8b,0.3333333333333333,3,0.0,0.5,0.5
llama3_2_latest,SimpleRAG,1,qwen3:8b,0.5,3,0.5,0.5,0.5
llama3_2_latest,SimpleRAG,2,qwen3:8b,0.5,3,0.5,0.5,0.5
llama3_2_latest,SimpleRAG,3,qwen3:8b,0.5,3,0.5,0.5,0.5
llama3_2_latest,SimpleRAG,4,qwen3:8b,0.5,3,0.5,0.5,0.5
llama3_2_latest,SimpleRAG,5,qwen3:8b,0.0,3,0.0,0.0,0.0
llama3_2_latest,SimpleRAG,6,qwen3:8b,0.1666666666666666,3,0.0,0.5,0.0
llama3_2_latest,SimpleRAG,7,qwen3:8b,0.3333333333333333,3,0.5,0.5,0.0
llama3_2_latest,SimpleRAG,8,qwen3:8b,0.5,3,0.5,0.5,0.5
llama3_2_latest,SimpleRAG,9,qwen3:8b,0.5,3,0.5,0.5,0.5
llama3_2_latest,SimpleRAG,10,qwen3:8b,0.0,3,0.0,0.0,0.0
llama3_2_latest,SimpleRAG,11,qwen3:8b,0.0,3,0.0,0.0,0.0
llama3_2_latest,SimpleRAG,12,qwen3:8b,0.0,3,0.0,0.0,0.0
llama3_2_latest,SimpleRAG,13,qwen3:8b,0.5,3,0.5,0.5,0.5
llama3_2_latest,SimpleRAG,14,qwen3:8b,0.0,3,0.0,0.0,0.0
llama3_2_latest,SimpleRAG,15,qwen3:8b,0.5,3,0.5,0.5,0.5
llama3_2_latest,SimpleRAG,16,qwen3:8b,0.1666666666666666,3,0.5,0.0,0.0
llama3_2_latest,SimpleRAG,17,qwen3:8b,0.1666666666666666,3,0.5,0.0,0.0
llama3_2_latest,SimpleRAG,18,qwen3:8b,0.0,3,0.0,0.0,0.0
llama3_2_latest,SimpleRAG,19,qwen3:8b,0.0,3,0.0,0.0,0.0
llama3_2_latest,SimpleRAG,20,qwen3:8b,0.5,3,0.5,0.5,0.5
llama3_2_latest,SimpleRAG,21,qwen3:8b,0.0,3,0.0,0.0,0.0
llama3_2_latest,SimpleRAG,22,qwen3:8b,0.5,3,0.5,0.5,0.5
llama3_2_latest,SimpleRAG,23,qwen3:8b,0.5,3,0.5,0.5,0.5
llama3_2_latest,SimpleRAG,24,qwen3:8b,0.3333333333333333,3,0.5,0.0,0.5
llama3_2_latest,SimpleRAG,25,qwen3:8b,0.0,3,0.0,0.0,0.0
llama3_2_latest,SimpleRAG,26,qwen3:8b,0.5,3,0.5,0.5,0.5
llama3_2_latest,SimpleRAG,27,qwen3:8b,0.5,3,0.5,0.5,0.5
llama3_2_latest,SimpleRAG,28,qwen3:8b,0.5,3,0.5,0.5,0.5
llama3_2_latest,SimpleRAG,29,qwen3:8b,0.3333333333333333,3,0.5,0.5,0.0
llama3_2_latest,SimpleRAG,30,qwen3:8b,0.5,3,0.5,0.5,0.5
llama3_2_latest,SimpleRAG,31,qwen3:8b,0.0,3,0.0,0.0,0.0
llama3_2_latest,SimpleRAG,32,qwen3:8b,0.5,3,0.5,0.5,0.5
llama3_2_latest,SimpleRAG,33,qwen3:8b,0.3333333333333333,3,0.0,0.5,0.5
llama3_2_latest,SimpleRAG,34,qwen3:8b,0.0,3,0.0,0.0,0.0
llama3_2_latest,SimpleRAG,35,qwen3:8b,0.0,3,0.0,0.0,0.0
llama3_2_latest,SimpleRAG,36,qwen3:8b,0.0,3,0.0,0.0,0.0
llama3_2_latest,SimpleRAG,37,qwen3:8b,0.1666666666666666,3,0.5,0.0,0.0
llama3_2_latest,SimpleRAG,38,qwen3:8b,0.5,3,0.5,0.5,0.5
llama3_2_latest,SimpleRAG,39,qwen3:8b,0.3333333333333333,3,0.0,0.5,0.5
llama3_2_latest,SimpleRAG,40,qwen3:8b,0.0,3,0.0,0.0,0.0
llama3_2_latest,SimpleRAG,41,qwen3:8b,0.0,3,0.0,0.0,0.0
llama3_2_latest,SimpleRAG,42,qwen3:8b,0.0,3,0.0,0.0,0.0
llama3_2_latest,SimpleRAG,43,qwen3:8b,0.0,3,0.0,0.0,0.0
llama3_2_latest,SimpleRAG,44,qwen3:8b,0.1666666666666666,3,0.5,0.0,0.0
llama3_2_latest,SimpleRAG,45,qwen3:8b,0.0,3,0.0,0.0,0.0
llama3_2_latest,SimpleRAG,46,qwen3:8b,0.1666666666666666,3,0.0,0.5,0.0
llama3_2_latest,SimpleRAG,47,qwen3:8b,0.3333333333333333,3,0.5,0.0,0.5
llama3_2_latest,SimpleRAG,48,qwen3:8b,0.0,3,0.0,0.0,0.0
llama3_2_latest,SimpleRAG,49,qwen3:8b,0.0,3,0.0,0.0,0.0
llama3_2_latest,SimpleRAG,50,qwen3:8b,0.1666666666666666,3,0.5,0.0,0.0
llama3_2_latest,SimpleRAG,51,qwen3:8b,0.0,3,0.0,0.0,0.0
llama3_2_latest,SimpleRAG,52,qwen3:8b,0.5,3,0.5,0.5,0.5
llama3_2_latest,SimpleRAG,53,qwen3:8b,0.3333333333333333,3,0.5,0.0,0.5
llama3_2_latest,SimpleRAG,54,qwen3:8b,0.1666666666666666,3,0.0,0.5,0.0
llama3_2_latest,SimpleRAG,55,qwen3:8b,0.1666666666666666,3,0.5,0.0,0.0
llama3_2_latest,SimpleRAG,56,qwen3:8b,0.5,3,0.5,0.5,0.5
llama3_2_latest,SimpleRAG,57,qwen3:8b,0.3333333333333333,3,0.5,0.5,0.0
llama3_2_latest,SimpleRAG,58,qwen3:8b,0.3333333333333333,3,0.5,0.0,0.5
llama3_2_latest,SimpleRAG,59,qwen3:8b,0.5,3,0.5,0.5,0.5
llama3_2_latest,SimpleRAG,60,qwen3:8b,0.5,3,0.5,0.5,0.5
llama3_2_latest,SimpleRAG,61,qwen3:8b,0.1666666666666666,3,0.0,0.5,0.0
llama3_2_latest,SimpleRAG,62,qwen3:8b,0.5,3,0.5,0.5,0.5
llama3_2_latest,SimpleRAG,63,qwen3:8b,0.5,3,0.5,0.5,0.5
llama3_2_latest,SimpleRAG,64,qwen3:8b,0.3333333333333333,3,0.5,0.0,0.5
llama3_2_latest,SimpleRAG,65,qwen3:8b,0.5,3,0.5,0.5,0.5
llama3_2_latest,SimpleRAG,66,qwen3:8b,0.1666666666666666,3,0.0,0.5,0.0
qwen3_8b,FewShotPlainLLM,0,deepseek-coder:6.7b,0.8833333333333333,3,1.0,1.0,0.65
qwen3_8b,FewShotPlainLLM,1,deepseek-coder:6.7b,0.8333333333333334,3,0.5,1.0,1.0
qwen3_8b,FewShotPlainLLM,2,deepseek-coder:6.7b,0.9166666666666666,3,1.0,1.0,0.75
qwen3_8b,FewShotPlainLLM,3,deepseek-coder:6.7b,1.0,3,1.0,1.0,1.0
qwen3_8b,FewShotPlainLLM,4,deepseek-coder:6.7b,0.5,3,0.5,0.5,0.5
qwen3_8b,FewShotPlainLLM,5,deepseek-coder:6.7b,1.0,3,1.0,1.0,1.0
qwen3_8b,FewShotPlainLLM,6,deepseek-coder:6.7b,0.8333333333333334,3,1.0,0.5,1.0
qwen3_8b,FewShotPlainLLM,7,deepseek-coder:6.7b,0.9583333333333334,3,0.875,1.0,1.0
qwen3_8b,FewShotPlainLLM,8,deepseek-coder:6.7b,0.9166666666666666,3,1.0,0.75,1.0
qwen3_8b,FewShotPlainLLM,9,deepseek-coder:6.7b,0.6766666666666666,3,1.0,0.03,1.0
qwen3_8b,FewShotPlainLLM,10,deepseek-coder:6.7b,0.7999999999999999,3,1.0,0.9,0.5
qwen3_8b,FewShotPlainLLM,11,deepseek-coder:6.7b,1.0,3,1.0,1.0,1.0
qwen3_8b,FewShotPlainLLM,12,deepseek-coder:6.7b,0.4216666666666666,3,0.5,0.75,0.015
qwen3_8b,FewShotPlainLLM,13,deepseek-coder:6.7b,0.6583333333333333,3,0.975,0.0,1.0
qwen3_8b,FewShotPlainLLM,14,deepseek-coder:6.7b,0.8566666666666668,3,1.0,0.67,0.9
qwen3_8b,FewShotPlainLLM,15,deepseek-coder:6.7b,1.0,3,1.0,1.0,1.0
qwen3_8b,FewShotPlainLLM,16,deepseek-coder:6.7b,0.8333333333333334,3,1.0,1.0,0.5
qwen3_8b,FewShotPlainLLM,17,deepseek-coder:6.7b,0.75,3,1.0,0.5,0.75
qwen3_8b,FewShotPlainLLM,18,deepseek-coder:6.7b,0.8333333333333334,3,1.0,0.5,1.0
qwen3_8b,FewShotPlainLLM,19,deepseek-coder:6.7b,0.7166666666666667,3,0.5,0.85,0.8
qwen3_8b,FewShotPlainLLM,20,deepseek-coder:6.7b,0.6716666666666667,3,1.0,1.0,0.015
qwen3_8b,FewShotPlainLLM,21,deepseek-coder:6.7b,0.9166666666666666,3,1.0,1.0,0.75
qwen3_8b,FewShotPlainLLM,22,deepseek-coder:6.7b,0.5555555555555555,3,0.6666666666666666,1.0,0.0
qwen3_8b,FewShotPlainLLM,23,deepseek-coder:6.7b,1.0,3,1.0,1.0,1.0
qwen3_8b,FewShotPlainLLM,24,deepseek-coder:6.7b,0.89,3,0.67,1.0,1.0
qwen3_8b,FewShotPlainLLM,25,deepseek-coder:6.7b,0.8333333333333334,3,1.0,0.5,1.0
qwen3_8b,FewShotPlainLLM,26,deepseek-coder:6.7b,1.0,3,1.0,1.0,1.0
qwen3_8b,FewShotPlainLLM,27,deepseek-coder:6.7b,0.6666666666666666,3,0.5,0.5,1.0
qwen3_8b,FewShotPlainLLM,28,deepseek-coder:6.7b,0.5,3,0.5,0.0,1.0
qwen3_8b,FewShotPlainLLM,29,deepseek-coder:6.7b,1.0,3,1.0,1.0,1.0
qwen3_8b,FewShotPlainLLM,30,deepseek-coder:6.7b,0.6666666666666666,3,1.0,1.0,0.0
qwen3_8b,FewShotPlainLLM,31,deepseek-coder:6.7b,0.6666666666666666,3,1.0,1.0,0.0
qwen3_8b,FewShotPlainLLM,32,deepseek-coder:6.7b,0.3333333333333333,3,0.0,1.0,0.0
qwen3_8b,FewShotPlainLLM,33,deepseek-coder:6.7b,0.6666666666666666,3,1.0,0.0,1.0
qwen3_8b,FewShotPlainLLM,34,deepseek-coder:6.7b,1.0,3,1.0,1.0,1.0
qwen3_8b,FewShotPlainLLM,35,deepseek-coder:6.7b,0.6699999999999999,3,1.0,1.0,0.01
qwen3_8b,FewShotPlainLLM,36,deepseek-coder:6.7b,0.8333333333333334,3,1.0,0.5,1.0
qwen3_8b,FewShotPlainLLM,37,deepseek-coder:6.7b,0.9833333333333334,3,1.0,0.95,1.0
qwen3_8b,FewShotPlainLLM,38,deepseek-coder:6.7b,1.0,3,1.0,1.0,1.0
qwen3_8b,FewShotPlainLLM,39,deepseek-coder:6.7b,1.0,3,1.0,1.0,1.0
qwen3_8b,FewShotPlainLLM,40,deepseek-coder:6.7b,0.7233333333333333,3,1.0,0.5,0.67
qwen3_8b,FewShotPlainLLM,41,deepseek-coder:6.7b,0.9166666666666666,3,1.0,1.0,0.75
qwen3_8b,FewShotPlainLLM,42,deepseek-coder:6.7b,0.8333333333333334,3,1.0,1.0,0.5
qwen3_8b,FewShotPlainLLM,43,deepseek-coder:6.7b,0.7666666666666666,3,0.8,0.5,1.0
qwen3_8b,FewShotPlainLLM,44,deepseek-coder:6.7b,0.3333333333333333,3,1.0,0.0,0.0
qwen3_8b,FewShotPlainLLM,45,deepseek-coder:6.7b,0.9266666666666666,3,0.95,1.0,0.83
qwen3_8b,FewShotPlainLLM,46,deepseek-coder:6.7b,0.9,3,0.7,1.0,1.0
qwen3_8b,FewShotPlainLLM,47,deepseek-coder:6.7b,1.0,3,1.0,1.0,1.0
qwen3_8b,FewShotPlainLLM,48,deepseek-coder:6.7b,0.8333333333333334,3,1.0,0.5,1.0
qwen3_8b,FewShotPlainLLM,49,deepseek-coder:6.7b,0.9333333333333332,3,1.0,0.8,1.0
qwen3_8b,FewShotPlainLLM,50,deepseek-coder:6.7b,0.7916666666666666,3,1.0,0.875,0.5
qwen3_8b,FewShotPlainLLM,51,deepseek-coder:6.7b,0.6666666666666666,3,1.0,1.0,0.0
qwen3_8b,FewShotPlainLLM,52,deepseek-coder:6.7b,1.0,3,1.0,1.0,1.0
qwen3_8b,FewShotPlainLLM,53,deepseek-coder:6.7b,0.9666666666666668,3,0.9,1.0,1.0
qwen3_8b,FewShotPlainLLM,54,deepseek-coder:6.7b,0.7916666666666666,3,1.0,0.5,0.875
qwen3_8b,FewShotPlainLLM,55,deepseek-coder:6.7b,0.7023333333333334,3,0.5,0.75,0.857
qwen3_8b,FewShotPlainLLM,56,deepseek-coder:6.7b,0.507,3,0.621,0.9,0.0
qwen3_8b,FewShotPlainLLM,57,deepseek-coder:6.7b,0.6699999999999999,3,0.01,1.0,1.0
qwen3_8b,FewShotPlainLLM,58,deepseek-coder:6.7b,0.5,3,0.5,1.0,0.0
qwen3_8b,FewShotPlainLLM,59,deepseek-coder:6.7b,0.7766666666666667,3,0.83,0.5,1.0
qwen3_8b,FewShotPlainLLM,60,deepseek-coder:6.7b,0.7833333333333333,3,0.9,0.7,0.75
qwen3_8b,FewShotPlainLLM,61,deepseek-coder:6.7b,0.8333333333333334,3,1.0,1.0,0.5
qwen3_8b,FewShotPlainLLM,62,deepseek-coder:6.7b,0.6833333333333332,3,0.75,0.8,0.5
qwen3_8b,FewShotPlainLLM,63,deepseek-coder:6.7b,1.0,3,1.0,1.0,1.0
qwen3_8b,FewShotPlainLLM,64,deepseek-coder:6.7b,0.8333333333333334,3,0.5,1.0,1.0
qwen3_8b,FewShotPlainLLM,65,deepseek-coder:6.7b,0.8333333333333334,3,0.5,1.0,1.0
qwen3_8b,FewShotPlainLLM,66,deepseek-coder:6.7b,0.9166666666666666,3,1.0,0.75,1.0
phi4_14b,FewShotPlainLLM,0,deepseek-coder:6.7b,0.5,3,0.0,1.0,0.5
phi4_14b,FewShotPlainLLM,1,deepseek-coder:6.7b,0.8333333333333334,3,1.0,0.5,1.0
phi4_14b,FewShotPlainLLM,2,deepseek-coder:6.7b,0.8333333333333334,3,1.0,1.0,0.5
phi4_14b,FewShotPlainLLM,3,deepseek-coder:6.7b,1.0,3,1.0,1.0,1.0
phi4_14b,FewShotPlainLLM,4,deepseek-coder:6.7b,0.6566666666666666,3,0.02,0.95,1.0
phi4_14b,FewShotPlainLLM,5,deepseek-coder:6.7b,0.4166666666666667,3,0.5,0.0,0.75
phi4_14b,FewShotPlainLLM,6,deepseek-coder:6.7b,0.7666666666666666,3,1.0,0.5,0.8
phi4_14b,FewShotPlainLLM,7,deepseek-coder:6.7b,1.0,3,1.0,1.0,1.0
phi4_14b,FewShotPlainLLM,8,deepseek-coder:6.7b,1.0,3,1.0,1.0,1.0
phi4_14b,FewShotPlainLLM,9,deepseek-coder:6.7b,0.8333333333333334,3,1.0,1.0,0.5
phi4_14b,FewShotPlainLLM,10,deepseek-coder:6.7b,0.6666666666666666,3,1.0,0.0,1.0
phi4_14b,FewShotPlainLLM,11,deepseek-coder:6.7b,0.8333333333333334,3,1.0,1.0,0.5
phi4_14b,FewShotPlainLLM,12,deepseek-coder:6.7b,1.0,3,1.0,1.0,1.0
phi4_14b,FewShotPlainLLM,13,deepseek-coder:6.7b,0.6666666666666666,3,0.5,1.0,0.5
phi4_14b,FewShotPlainLLM,14,deepseek-coder:6.7b,0.8333333333333334,3,0.5,1.0,1.0
phi4_14b,FewShotPlainLLM,15,deepseek-coder:6.7b,0.9166666666666666,3,1.0,0.75,1.0
phi4_14b,FewShotPlainLLM,16,deepseek-coder:6.7b,0.6666666666666666,3,1.0,0.0,1.0
phi4_14b,FewShotPlainLLM,17,deepseek-coder:6.7b,1.0,3,1.0,1.0,1.0
phi4_14b,FewShotPlainLLM,18,deepseek-coder:6.7b,0.6716666666666667,3,0.015,1.0,1.0
phi4_14b,FewShotPlainLLM,19,deepseek-coder:6.7b,0.5,3,0.5,0.5,0.5
phi4_14b,FewShotPlainLLM,20,deepseek-coder:6.7b,0.5333333333333333,3,0.0,0.6,1.0
phi4_14b,FewShotPlainLLM,21,deepseek-coder:6.7b,0.9666666666666668,3,1.0,1.0,0.9
phi4_14b,FewShotPlainLLM,22,deepseek-coder:6.7b,0.3383333333333333,3,0.0,0.015,1.0
phi4_14b,FewShotPlainLLM,23,deepseek-coder:6.7b,1.0,3,1.0,1.0,1.0
phi4_14b,FewShotPlainLLM,24,deepseek-coder:6.7b,1.0,3,1.0,1.0,1.0
phi4_14b,FewShotPlainLLM,25,deepseek-coder:6.7b,0.8333333333333334,3,0.5,1.0,1.0
phi4_14b,FewShotPlainLLM,26,deepseek-coder:6.7b,0.6666666666666666,3,1.0,0.5,0.5
phi4_14b,FewShotPlainLLM,27,deepseek-coder:6.7b,0.8333333333333334,3,1.0,0.5,1.0
phi4_14b,FewShotPlainLLM,28,deepseek-coder:6.7b,0.7666666666666666,3,0.8,1.0,0.5
phi4_14b,FewShotPlainLLM,29,deepseek-coder:6.7b,0.8333333333333334,3,1.0,0.5,1.0
phi4_14b,FewShotPlainLLM,30,deepseek-coder:6.7b,1.0,3,1.0,1.0,1.0
phi4_14b,FewShotPlainLLM,31,deepseek-coder:6.7b,0.1666666666666666,3,0.5,0.0,0.0
phi4_14b,FewShotPlainLLM,32,deepseek-coder:6.7b,0.9166666666666666,3,1.0,0.75,1.0
phi4_14b,FewShotPlainLLM,33,deepseek-coder:6.7b,0.6666666666666666,3,1.0,1.0,0.0
phi4_14b,FewShotPlainLLM,34,deepseek-coder:6.7b,0.8333333333333334,3,1.0,0.5,1.0
phi4_14b,FewShotPlainLLM,35,deepseek-coder:6.7b,0.9666666666666668,3,0.9,1.0,1.0
phi4_14b,FewShotPlainLLM,36,deepseek-coder:6.7b,1.0,3,1.0,1.0,1.0
phi4_14b,FewShotPlainLLM,37,deepseek-coder:6.7b,0.6666666666666666,3,1.0,1.0,0.0
phi4_14b,FewShotPlainLLM,38,deepseek-coder:6.7b,0.5,3,1.0,0.5,0.0
phi4_14b,FewShotPlainLLM,39,deepseek-coder:6.7b,0.6666666666666666,3,0.5,1.0,0.5
phi4_14b,FewShotPlainLLM,40,deepseek-coder:6.7b,1.0,3,1.0,1.0,1.0
phi4_14b,FewShotPlainLLM,41,deepseek-coder:6.7b,0.25,3,0.0,0.0,0.75
phi4_14b,FewShotPlainLLM,42,deepseek-coder:6.7b,0.6666666666666666,3,0.5,1.0,0.5
phi4_14b,FewShotPlainLLM,43,deepseek-coder:6.7b,0.9,3,0.7,1.0,1.0
phi4_14b,FewShotPlainLLM,44,deepseek-coder:6.7b,1.0,3,1.0,1.0,1.0
phi4_14b,FewShotPlainLLM,45,deepseek-coder:6.7b,0.6666666666666666,3,1.0,0.0,1.0
phi4_14b,FewShotPlainLLM,46,deepseek-coder:6.7b,1.0,3,1.0,1.0,1.0
phi4_14b,FewShotPlainLLM,47,deepseek-coder:6.7b,1.0,3,1.0,1.0,1.0
phi4_14b,FewShotPlainLLM,48,deepseek-coder:6.7b,0.9333333333333332,3,0.95,0.85,1.0
phi4_14b,FewShotPlainLLM,49,deepseek-coder:6.7b,0.6666666666666666,3,1.0,0.5,0.5
phi4_14b,FewShotPlainLLM,50,deepseek-coder:6.7b,0.6666666666666666,3,1.0,0.0,1.0
phi4_14b,FewShotPlainLLM,51,deepseek-coder:6.7b,0.5,3,0.5,0.0,1.0
phi4_14b,FewShotPlainLLM,52,deepseek-coder:6.7b,0.8333333333333334,3,1.0,1.0,0.5
phi4_14b,FewShotPlainLLM,53,deepseek-coder:6.7b,1.0,3,1.0,1.0,1.0
phi4_14b,FewShotPlainLLM,54,deepseek-coder:6.7b,0.8666666666666667,3,1.0,1.0,0.6
phi4_14b,FewShotPlainLLM,55,deepseek-coder:6.7b,0.9833333333333334,3,1.0,1.0,0.95
phi4_14b,FewShotPlainLLM,56,deepseek-coder:6.7b,0.6666666666666666,3,1.0,0.0,1.0
phi4_14b,FewShotPlainLLM,57,deepseek-coder:6.7b,0.7776666666666667,3,1.0,0.833,0.5
phi4_14b,FewShotPlainLLM,58,deepseek-coder:6.7b,1.0,3,1.0,1.0,1.0
phi4_14b,FewShotPlainLLM,59,deepseek-coder:6.7b,0.8333333333333334,3,0.5,1.0,1.0
phi4_14b,FewShotPlainLLM,60,deepseek-coder:6.7b,0.6666666666666666,3,1.0,0.0,1.0
phi4_14b,FewShotPlainLLM,61,deepseek-coder:6.7b,0.5,3,1.0,0.5,0.0
phi4_14b,FewShotPlainLLM,62,deepseek-coder:6.7b,1.0,3,1.0,1.0,1.0
phi4_14b,FewShotPlainLLM,63,deepseek-coder:6.7b,1.0,3,1.0,1.0,1.0
phi4_14b,FewShotPlainLLM,64,deepseek-coder:6.7b,0.6766666666666666,3,1.0,0.03,1.0
phi4_14b,FewShotPlainLLM,65,deepseek-coder:6.7b,0.6666666666666666,3,0.5,1.0,0.5
phi4_14b,FewShotPlainLLM,66,deepseek-coder:6.7b,0.8333333333333334,3,1.0,1.0,0.5
qwen3_8b,ToTRAG,0,qwen3:8b,0.5,3,0.5,0.5,0.5
qwen3_8b,ToTRAG,1,qwen3:8b,0.6666666666666666,3,1.0,0.5,0.5
qwen3_8b,ToTRAG,2,qwen3:8b,0.3333333333333333,3,0.5,0.5,0.0
qwen3_8b,ToTRAG,3,qwen3:8b,0.5,3,0.5,0.5,0.5
qwen3_8b,ToTRAG,4,qwen3:8b,0.5,3,0.5,0.5,0.5
qwen3_8b,ToTRAG,5,qwen3:8b,0.0,3,0.0,0.0,0.0
qwen3_8b,ToTRAG,6,qwen3:8b,0.5,3,0.5,0.5,0.5
qwen3_8b,ToTRAG,7,qwen3:8b,0.3333333333333333,3,0.5,0.0,0.5
qwen3_8b,ToTRAG,8,qwen3:8b,0.5,3,0.5,0.5,0.5
qwen3_8b,ToTRAG,9,qwen3:8b,0.5,3,0.5,0.5,0.5
qwen3_8b,ToTRAG,10,qwen3:8b,0.5,3,0.5,0.5,0.5
qwen3_8b,ToTRAG,11,qwen3:8b,0.5,3,0.5,0.5,0.5
qwen3_8b,ToTRAG,12,qwen3:8b,0.5,3,0.5,0.5,0.5
qwen3_8b,ToTRAG,13,qwen3:8b,0.5,3,0.5,0.5,0.5
qwen3_8b,ToTRAG,14,qwen3:8b,0.5,3,0.5,0.5,0.5
qwen3_8b,ToTRAG,15,qwen3:8b,0.5,3,0.5,0.5,0.5
qwen3_8b,ToTRAG,16,qwen3:8b,0.5,3,0.5,0.5,0.5
qwen3_8b,ToTRAG,17,qwen3:8b,0.5,3,0.5,0.5,0.5
qwen3_8b,ToTRAG,18,qwen3:8b,0.5,3,0.5,0.5,0.5
qwen3_8b,ToTRAG,19,qwen3:8b,0.1666666666666666,3,0.0,0.0,0.5
qwen3_8b,ToTRAG,20,qwen3:8b,0.8333333333333334,3,1.0,0.5,1.0
qwen3_8b,ToTRAG,21,qwen3:8b,0.5,3,0.5,0.5,0.5
qwen3_8b,ToTRAG,22,qwen3:8b,1.0,3,1.0,1.0,1.0
qwen3_8b,ToTRAG,23,qwen3:8b,0.8333333333333334,3,1.0,1.0,0.5
qwen3_8b,ToTRAG,24,qwen3:8b,0.5,3,0.5,0.5,0.5
qwen3_8b,ToTRAG,25,qwen3:8b,0.5,3,0.5,0.5,0.5
qwen3_8b,ToTRAG,26,qwen3:8b,0.5,3,0.5,0.5,0.5
qwen3_8b,ToTRAG,27,qwen3:8b,0.5,3,0.5,0.5,0.5
qwen3_8b,ToTRAG,28,qwen3:8b,0.5,3,0.5,0.5,0.5
qwen3_8b,ToTRAG,29,qwen3:8b,0.1666666666666666,3,0.0,0.0,0.5
qwen3_8b,ToTRAG,30,qwen3:8b,0.5,3,0.5,0.5,0.5
qwen3_8b,ToTRAG,31,qwen3:8b,0.8333333333333334,3,1.0,1.0,0.5
qwen3_8b,ToTRAG,32,qwen3:8b,0.8333333333333334,3,1.0,1.0,0.5
qwen3_8b,ToTRAG,33,qwen3:8b,0.5,3,0.5,0.5,0.5
qwen3_8b,ToTRAG,34,qwen3:8b,0.5,3,0.5,0.5,0.5
qwen3_8b,ToTRAG,35,qwen3:8b,0.5,3,0.5,0.5,0.5
qwen3_8b,ToTRAG,36,qwen3:8b,0.5,3,0.5,0.5,0.5
qwen3_8b,ToTRAG,37,qwen3:8b,0.5,3,0.5,0.5,0.5
qwen3_8b,ToTRAG,38,qwen3:8b,0.5,3,0.5,0.5,0.5
qwen3_8b,ToTRAG,39,qwen3:8b,0.5,3,0.5,0.5,0.5
qwen3_8b,ToTRAG,40,qwen3:8b,0.5,3,0.5,0.5,0.5
qwen3_8b,ToTRAG,41,qwen3:8b,0.3333333333333333,3,0.0,0.5,0.5
qwen3_8b,ToTRAG,42,qwen3:8b,0.3333333333333333,3,0.0,0.5,0.5
qwen3_8b,ToTRAG,43,qwen3:8b,0.5,3,0.5,0.5,0.5
qwen3_8b,ToTRAG,44,qwen3:8b,1.0,3,1.0,1.0,1.0
qwen3_8b,ToTRAG,45,qwen3:8b,0.1666666666666666,3,0.5,0.0,0.0
qwen3_8b,ToTRAG,46,qwen3:8b,0.5,3,0.5,0.5,0.5
qwen3_8b,ToTRAG,47,qwen3:8b,0.5,3,0.5,0.5,0.5
qwen3_8b,ToTRAG,48,qwen3:8b,0.1666666666666666,3,0.0,0.5,0.0
qwen3_8b,ToTRAG,49,qwen3:8b,0.5,3,0.5,0.5,0.5
qwen3_8b,ToTRAG,50,qwen3:8b,0.5,3,0.5,0.5,0.5
qwen3_8b,ToTRAG,51,qwen3:8b,0.3333333333333333,3,0.5,0.0,0.5
qwen3_8b,ToTRAG,52,qwen3:8b,0.5,3,0.5,0.5,0.5
qwen3_8b,ToTRAG,53,qwen3:8b,0.1666666666666666,3,0.0,0.0,0.5
qwen3_8b,ToTRAG,54,qwen3:8b,0.5,3,0.5,0.5,0.5
qwen3_8b,ToTRAG,55,qwen3:8b,0.5,3,0.5,0.5,0.5
qwen3_8b,ToTRAG,56,qwen3:8b,0.5,3,0.5,0.5,0.5
qwen3_8b,ToTRAG,57,qwen3:8b,0.3333333333333333,3,0.0,0.5,0.5
qwen3_8b,ToTRAG,58,qwen3:8b,0.3333333333333333,3,0.0,0.5,0.5
qwen3_8b,ToTRAG,59,qwen3:8b,0.5,3,0.5,0.5,0.5
qwen3_8b,ToTRAG,60,qwen3:8b,0.6666666666666666,3,0.5,1.0,0.5
qwen3_8b,ToTRAG,61,qwen3:8b,0.5,3,0.5,0.5,0.5
qwen3_8b,ToTRAG,62,qwen3:8b,0.5,3,0.5,0.5,0.5
qwen3_8b,ToTRAG,63,qwen3:8b,0.8333333333333334,3,0.5,1.0,1.0
qwen3_8b,ToTRAG,64,qwen3:8b,0.5,3,0.5,0.5,0.5
qwen3_8b,ToTRAG,65,qwen3:8b,0.5,3,0.5,0.5,0.5
qwen3_8b,ToTRAG,66,qwen3:8b,0.1666666666666666,3,0.5,0.0,0.0
qwen3_8b,ToTPlainLLM,0,deepseek-coder:6.7b,0.6666666666666666,3,1.0,0.5,0.5
qwen3_8b,ToTPlainLLM,1,deepseek-coder:6.7b,0.8333333333333334,3,0.5,1.0,1.0
qwen3_8b,ToTPlainLLM,2,deepseek-coder:6.7b,0.9166666666666666,3,0.75,1.0,1.0
qwen3_8b,ToTPlainLLM,3,deepseek-coder:6.7b,0.8333333333333334,3,1.0,1.0,0.5
qwen3_8b,ToTPlainLLM,4,deepseek-coder:6.7b,1.0,3,1.0,1.0,1.0
qwen3_8b,ToTPlainLLM,5,deepseek-coder:6.7b,0.6333333333333333,3,0.0,1.0,0.9
qwen3_8b,ToTPlainLLM,6,deepseek-coder:6.7b,1.0,3,1.0,1.0,1.0
qwen3_8b,ToTPlainLLM,7,deepseek-coder:6.7b,0.9733333333333332,3,0.92,1.0,1.0
qwen3_8b,ToTPlainLLM,8,deepseek-coder:6.7b,1.0,3,1.0,1.0,1.0
qwen3_8b,ToTPlainLLM,9,deepseek-coder:6.7b,0.8333333333333334,3,1.0,0.5,1.0
qwen3_8b,ToTPlainLLM,10,deepseek-coder:6.7b,0.8888888888888888,3,0.6666666666666666,1.0,1.0
qwen3_8b,ToTPlainLLM,11,deepseek-coder:6.7b,0.8333333333333334,3,0.5,1.0,1.0
qwen3_8b,ToTPlainLLM,12,deepseek-coder:6.7b,0.9333333333333332,3,1.0,0.8,1.0
qwen3_8b,ToTPlainLLM,13,deepseek-coder:6.7b,0.6666666666666666,3,0.0,1.0,1.0
qwen3_8b,ToTPlainLLM,14,deepseek-coder:6.7b,1.0,3,1.0,1.0,1.0
qwen3_8b,ToTPlainLLM,15,deepseek-coder:6.7b,0.9833333333333334,3,1.0,0.95,1.0
qwen3_8b,ToTPlainLLM,16,deepseek-coder:6.7b,0.5566666666666666,3,0.5,0.5,0.67
qwen3_8b,ToTPlainLLM,17,deepseek-coder:6.7b,0.8333333333333334,3,0.5,1.0,1.0
qwen3_8b,ToTPlainLLM,18,deepseek-coder:6.7b,1.0,3,1.0,1.0,1.0
qwen3_8b,ToTPlainLLM,19,deepseek-coder:6.7b,0.6666666666666666,3,0.5,1.0,0.5
qwen3_8b,ToTPlainLLM,20,deepseek-coder:6.7b,0.9666666666666668,3,1.0,0.9,1.0
qwen3_8b,ToTPlainLLM,21,deepseek-coder:6.7b,1.0,3,1.0,1.0,1.0
qwen3_8b,ToTPlainLLM,22,deepseek-coder:6.7b,0.8333333333333334,3,1.0,0.5,1.0
qwen3_8b,ToTPlainLLM,23,deepseek-coder:6.7b,0.6666666666666666,3,0.5,0.5,1.0
qwen3_8b,ToTPlainLLM,24,deepseek-coder:6.7b,1.0,3,1.0,1.0,1.0
qwen3_8b,ToTPlainLLM,25,deepseek-coder:6.7b,0.5,3,1.0,0.5,0.0
qwen3_8b,ToTPlainLLM,26,deepseek-coder:6.7b,0.6933333333333334,3,1.0,1.0,0.08
qwen3_8b,ToTPlainLLM,27,deepseek-coder:6.7b,1.0,3,1.0,1.0,1.0
qwen3_8b,ToTPlainLLM,28,deepseek-coder:6.7b,1.0,3,1.0,1.0,1.0
qwen3_8b,ToTPlainLLM,29,deepseek-coder:6.7b,1.0,3,1.0,1.0,1.0
qwen3_8b,ToTPlainLLM,30,deepseek-coder:6.7b,1.0,3,1.0,1.0,1.0
qwen3_8b,ToTPlainLLM,31,deepseek-coder:6.7b,1.0,3,1.0,1.0,1.0
qwen3_8b,ToTPlainLLM,32,deepseek-coder:6.7b,0.8333333333333334,3,1.0,1.0,0.5
qwen3_8b,ToTPlainLLM,33,deepseek-coder:6.7b,0.85,3,0.85,0.7,1.0
qwen3_8b,ToTPlainLLM,34,deepseek-coder:6.7b,0.8333333333333334,3,0.5,1.0,1.0
qwen3_8b,ToTPlainLLM,35,deepseek-coder:6.7b,1.0,3,1.0,1.0,1.0
qwen3_8b,ToTPlainLLM,36,deepseek-coder:6.7b,0.6666666666666666,3,1.0,0.5,0.5
qwen3_8b,ToTPlainLLM,37,deepseek-coder:6.7b,0.5,3,0.75,0.75,0.0
qwen3_8b,ToTPlainLLM,38,deepseek-coder:6.7b,0.7666666666666666,3,0.5,1.0,0.8
qwen3_8b,ToTPlainLLM,39,deepseek-coder:6.7b,1.0,3,1.0,1.0,1.0
qwen3_8b,ToTPlainLLM,40,deepseek-coder:6.7b,1.0,3,1.0,1.0,1.0
qwen3_8b,ToTPlainLLM,41,deepseek-coder:6.7b,1.0,3,1.0,1.0,1.0
qwen3_8b,ToTPlainLLM,42,deepseek-coder:6.7b,0.7833333333333333,3,0.85,1.0,0.5
qwen3_8b,ToTPlainLLM,43,deepseek-coder:6.7b,1.0,3,1.0,1.0,1.0
qwen3_8b,ToTPlainLLM,44,deepseek-coder:6.7b,0.8333333333333334,3,1.0,0.5,1.0
qwen3_8b,ToTPlainLLM,45,deepseek-coder:6.7b,1.0,3,1.0,1.0,1.0
qwen3_8b,ToTPlainLLM,46,deepseek-coder:6.7b,0.9666666666666668,3,1.0,0.9,1.0
qwen3_8b,ToTPlainLLM,47,deepseek-coder:6.7b,0.6666666666666666,3,1.0,0.0,1.0
qwen3_8b,ToTPlainLLM,48,deepseek-coder:6.7b,0.5,3,1.0,0.5,0.0
qwen3_8b,ToTPlainLLM,49,deepseek-coder:6.7b,0.8166666666666668,3,0.95,1.0,0.5
qwen3_8b,ToTPlainLLM,50,deepseek-coder:6.7b,1.0,3,1.0,1.0,1.0
qwen3_8b,ToTPlainLLM,51,deepseek-coder:6.7b,0.6666666666666666,3,1.0,1.0,0.0
qwen3_8b,ToTPlainLLM,52,deepseek-coder:6.7b,1.0,3,1.0,1.0,1.0
qwen3_8b,ToTPlainLLM,53,deepseek-coder:6.7b,0.8666666666666667,3,1.0,0.6,1.0
qwen3_8b,ToTPlainLLM,54,deepseek-coder:6.7b,1.0,3,1.0,1.0,1.0
qwen3_8b,ToTPlainLLM,55,deepseek-coder:6.7b,0.88889,3,0.66667,1.0,1.0
qwen3_8b,ToTPlainLLM,56,deepseek-coder:6.7b,0.5499999999999999,3,0.65,0.5,0.5
qwen3_8b,ToTPlainLLM,57,deepseek-coder:6.7b,0.8333333333333334,3,1.0,1.0,0.5
qwen3_8b,ToTPlainLLM,58,deepseek-coder:6.7b,1.0,3,1.0,1.0,1.0
qwen3_8b,ToTPlainLLM,59,deepseek-coder:6.7b,0.6666666666666666,3,1.0,1.0,0.0
qwen3_8b,ToTPlainLLM,60,deepseek-coder:6.7b,0.9166666666666666,3,0.75,1.0,1.0
qwen3_8b,ToTPlainLLM,61,deepseek-coder:6.7b,0.925925926,3,1.0,1.0,0.777777778
qwen3_8b,ToTPlainLLM,62,deepseek-coder:6.7b,0.8333333333333334,3,0.5,1.0,1.0
qwen3_8b,ToTPlainLLM,63,deepseek-coder:6.7b,0.8333333333333334,3,1.0,1.0,0.5
qwen3_8b,ToTPlainLLM,64,deepseek-coder:6.7b,1.0,3,1.0,1.0,1.0
qwen3_8b,ToTPlainLLM,65,deepseek-coder:6.7b,0.6666666666666666,3,1.0,1.0,0.0
qwen3_8b,ToTPlainLLM,66,deepseek-coder:6.7b,1.0,3,1.0,1.0,1.0
qwen3_8b,ToTRAG,0,deepseek-coder:6.7b,0.5833333333333334,3,1.0,0.75,0.0
qwen3_8b,ToTRAG,1,deepseek-coder:6.7b,1.0,3,1.0,1.0,1.0
qwen3_8b,ToTRAG,2,deepseek-coder:6.7b,0.8333333333333334,3,1.0,1.0,0.5
qwen3_8b,ToTRAG,3,deepseek-coder:6.7b,0.8333333333333334,3,1.0,0.5,1.0
qwen3_8b,ToTRAG,4,deepseek-coder:6.7b,0.9166666666666666,3,1.0,1.0,0.75
qwen3_8b,ToTRAG,5,deepseek-coder:6.7b,0.9,3,1.0,0.95,0.75
qwen3_8b,ToTRAG,6,deepseek-coder:6.7b,1.0,3,1.0,1.0,1.0
qwen3_8b,ToTRAG,7,deepseek-coder:6.7b,0.8333333333333334,3,0.5,1.0,1.0
qwen3_8b,ToTRAG,8,deepseek-coder:6.7b,0.5499999999999999,3,0.5,0.65,0.5
qwen3_8b,ToTRAG,9,deepseek-coder:6.7b,1.0,3,1.0,1.0,1.0
qwen3_8b,ToTRAG,10,deepseek-coder:6.7b,0.6666666666666666,3,0.0,1.0,1.0
qwen3_8b,ToTRAG,11,deepseek-coder:6.7b,1.0,3,1.0,1.0,1.0
qwen3_8b,ToTRAG,12,deepseek-coder:6.7b,0.6666666666666666,3,0.5,0.5,1.0
qwen3_8b,ToTRAG,13,deepseek-coder:6.7b,1.0,3,1.0,1.0,1.0
qwen3_8b,ToTRAG,14,deepseek-coder:6.7b,0.95,3,1.0,0.85,1.0
qwen3_8b,ToTRAG,15,deepseek-coder:6.7b,1.0,3,1.0,1.0,1.0
qwen3_8b,ToTRAG,16,deepseek-coder:6.7b,0.7666666666666666,3,1.0,0.5,0.8
qwen3_8b,ToTRAG,17,deepseek-coder:6.7b,0.9166666666666666,3,0.75,1.0,1.0
qwen3_8b,ToTRAG,18,deepseek-coder:6.7b,0.9833333333333334,3,1.0,0.95,1.0
qwen3_8b,ToTRAG,19,deepseek-coder:6.7b,0.8166666666666668,3,1.0,0.95,0.5
qwen3_8b,ToTRAG,20,deepseek-coder:6.7b,1.0,3,1.0,1.0,1.0
qwen3_8b,ToTRAG,21,deepseek-coder:6.7b,0.75,3,1.0,0.5,0.75
qwen3_8b,ToTRAG,22,deepseek-coder:6.7b,1.0,3,1.0,1.0,1.0
qwen3_8b,ToTRAG,23,deepseek-coder:6.7b,0.6666666666666666,3,1.0,0.5,0.5
qwen3_8b,ToTRAG,24,deepseek-coder:6.7b,0.8333333333333334,3,1.0,0.5,1.0
qwen3_8b,ToTRAG,25,deepseek-coder:6.7b,0.7833333333333333,3,0.85,0.5,1.0
qwen3_8b,ToTRAG,26,deepseek-coder:6.7b,0.8333333333333334,3,1.0,0.5,1.0
qwen3_8b,ToTRAG,27,deepseek-coder:6.7b,0.5,3,0.0,1.0,0.5
qwen3_8b,ToTRAG,28,deepseek-coder:6.7b,0.9166666666666666,3,0.75,1.0,1.0
qwen3_8b,ToTRAG,29,deepseek-coder:6.7b,0.5,3,0.0,1.0,0.5
qwen3_8b,ToTRAG,30,deepseek-coder:6.7b,1.0,3,1.0,1.0,1.0
qwen3_8b,ToTRAG,31,deepseek-coder:6.7b,1.0,3,1.0,1.0,1.0
qwen3_8b,ToTRAG,32,deepseek-coder:6.7b,0.5,3,0.5,0.0,1.0
qwen3_8b,ToTRAG,33,deepseek-coder:6.7b,0.6666666666666666,3,1.0,0.0,1.0
qwen3_8b,ToTRAG,34,deepseek-coder:6.7b,1.0,3,1.0,1.0,1.0
qwen3_8b,ToTRAG,35,deepseek-coder:6.7b,0.6699999999999999,3,1.0,1.0,0.01
qwen3_8b,ToTRAG,36,deepseek-coder:6.7b,0.93333,3,0.8,0.99999,1.0
qwen3_8b,ToTRAG,37,deepseek-coder:6.7b,0.89,3,0.67,1.0,1.0
qwen3_8b,ToTRAG,38,deepseek-coder:6.7b,0.8333333333333334,3,0.5,1.0,1.0
qwen3_8b,ToTRAG,39,deepseek-coder:6.7b,0.7000000000000001,3,1.0,0.5,0.6
qwen3_8b,ToTRAG,40,deepseek-coder:6.7b,0.2666666666666666,3,0.0,0.0,0.8
qwen3_8b,ToTRAG,41,deepseek-coder:6.7b,0.8333333333333334,3,0.5,1.0,1.0
qwen3_8b,ToTRAG,42,deepseek-coder:6.7b,1.0,3,1.0,1.0,1.0
qwen3_8b,ToTRAG,43,deepseek-coder:6.7b,0.6556666666666667,3,0.5,1.0,0.467
qwen3_8b,ToTRAG,44,deepseek-coder:6.7b,1.0,3,1.0,1.0,1.0
qwen3_8b,ToTRAG,45,deepseek-coder:6.7b,0.6666666666666666,3,1.0,1.0,0.0
qwen3_8b,ToTRAG,46,deepseek-coder:6.7b,0.7833333333333333,3,1.0,0.75,0.6
qwen3_8b,ToTRAG,47,deepseek-coder:6.7b,0.8666666666666667,3,1.0,0.75,0.85
qwen3_8b,ToTRAG,48,deepseek-coder:6.7b,0.6666666666666666,3,0.5,1.0,0.5
qwen3_8b,ToTRAG,49,deepseek-coder:6.7b,0.88,3,1.0,0.84,0.8
qwen3_8b,ToTRAG,50,deepseek-coder:6.7b,1.0,3,1.0,1.0,1.0
qwen3_8b,ToTRAG,51,deepseek-coder:6.7b,1.0,3,1.0,1.0,1.0
qwen3_8b,ToTRAG,52,deepseek-coder:6.7b,0.8333333333333334,3,0.75,0.75,1.0
qwen3_8b,ToTRAG,53,deepseek-coder:6.7b,0.6666666666666666,3,0.0,1.0,1.0
qwen3_8b,ToTRAG,54,deepseek-coder:6.7b,0.6666666666666666,3,1.0,0.0,1.0
qwen3_8b,ToTRAG,55,deepseek-coder:6.7b,0.1666666666666666,3,0.0,0.5,0.0
qwen3_8b,ToTRAG,56,deepseek-coder:6.7b,0.9166666666666666,3,1.0,1.0,0.75
qwen3_8b,ToTRAG,57,deepseek-coder:6.7b,0.75,3,1.0,0.75,0.5
qwen3_8b,ToTRAG,58,deepseek-coder:6.7b,0.5,3,0.5,1.0,0.0
qwen3_8b,ToTRAG,59,deepseek-coder:6.7b,0.6666666666666666,3,0.5,0.5,1.0
qwen3_8b,ToTRAG,60,deepseek-coder:6.7b,1.0,3,1.0,1.0,1.0
qwen3_8b,ToTRAG,61,deepseek-coder:6.7b,0.0,3,0.0,0.0,0.0
qwen3_8b,ToTRAG,62,deepseek-coder:6.7b,1.0,3,1.0,1.0,1.0
qwen3_8b,ToTRAG,63,deepseek-coder:6.7b,1.0,3,1.0,1.0,1.0
qwen3_8b,ToTRAG,64,deepseek-coder:6.7b,0.9333333333333332,3,1.0,1.0,0.8
qwen3_8b,ToTRAG,65,deepseek-coder:6.7b,0.7666666666666666,3,0.5,0.8,1.0
qwen3_8b,ToTRAG,66,deepseek-coder:6.7b,0.7666666666666666,3,0.5,0.8,1.0
phi4_14b,ToTPlainLLM,0,deepseek-coder:6.7b,0.8333333333333334,3,1.0,0.5,1.0
phi4_14b,ToTPlainLLM,1,deepseek-coder:6.7b,0.6666666666666666,3,0.0,1.0,1.0
phi4_14b,ToTPlainLLM,2,deepseek-coder:6.7b,1.0,3,1.0,1.0,1.0
phi4_14b,ToTPlainLLM,3,deepseek-coder:6.7b,0.9166666666666666,3,1.0,1.0,0.75
phi4_14b,ToTPlainLLM,4,deepseek-coder:6.7b,0.8333333333333334,3,0.5,1.0,1.0
phi4_14b,ToTPlainLLM,5,deepseek-coder:6.7b,0.8333333333333334,3,1.0,0.5,1.0
phi4_14b,ToTPlainLLM,6,deepseek-coder:6.7b,0.7666666666666666,3,1.0,0.8,0.5
phi4_14b,ToTPlainLLM,7,deepseek-coder:6.7b,0.9333333333333332,3,1.0,1.0,0.8
phi4_14b,ToTPlainLLM,8,deepseek-coder:6.7b,0.5833333333333334,3,1.0,0.75,0.0
phi4_14b,ToTPlainLLM,9,deepseek-coder:6.7b,0.8333333333333334,3,1.0,0.5,1.0
phi4_14b,ToTPlainLLM,10,deepseek-coder:6.7b,0.8333333333333334,3,0.5,1.0,1.0
phi4_14b,ToTPlainLLM,11,deepseek-coder:6.7b,1.0,3,1.0,1.0,1.0
phi4_14b,ToTPlainLLM,12,deepseek-coder:6.7b,0.7959999999999999,3,1.0,0.5,0.888
phi4_14b,ToTPlainLLM,13,deepseek-coder:6.7b,0.75,3,0.5,1.0,0.75
phi4_14b,ToTPlainLLM,14,deepseek-coder:6.7b,0.9666666666666668,3,0.9,1.0,1.0
phi4_14b,ToTPlainLLM,15,deepseek-coder:6.7b,0.8833333333333333,3,0.75,0.9,1.0
phi4_14b,ToTPlainLLM,16,deepseek-coder:6.7b,0.95,3,0.85,1.0,1.0
phi4_14b,ToTPlainLLM,17,deepseek-coder:6.7b,0.3333333333333333,3,0.5,0.5,0.0
phi4_14b,ToTPlainLLM,18,deepseek-coder:6.7b,0.8333333333333334,3,1.0,0.5,1.0
phi4_14b,ToTPlainLLM,19,deepseek-coder:6.7b,0.8833333333333333,3,0.75,1.0,0.9
phi4_14b,ToTPlainLLM,20,deepseek-coder:6.7b,0.6666666666666666,3,0.5,0.5,1.0
phi4_14b,ToTPlainLLM,21,deepseek-coder:6.7b,0.6666666666666666,3,0.0,1.0,1.0
phi4_14b,ToTPlainLLM,22,deepseek-coder:6.7b,1.0,3,1.0,1.0,1.0
phi4_14b,ToTPlainLLM,23,deepseek-coder:6.7b,1.0,3,1.0,1.0,1.0
phi4_14b,ToTPlainLLM,24,deepseek-coder:6.7b,1.0,3,1.0,1.0,1.0
phi4_14b,ToTPlainLLM,25,deepseek-coder:6.7b,1.0,3,1.0,1.0,1.0
phi4_14b,ToTPlainLLM,26,deepseek-coder:6.7b,0.8333333333333334,3,0.5,1.0,1.0
phi4_14b,ToTPlainLLM,27,deepseek-coder:6.7b,0.6428571428571429,3,0.5,1.0,0.4285714285714285
phi4_14b,ToTPlainLLM,28,deepseek-coder:6.7b,0.6666666666666666,3,1.0,1.0,0.0
phi4_14b,ToTPlainLLM,29,deepseek-coder:6.7b,1.0,3,1.0,1.0,1.0
phi4_14b,ToTPlainLLM,30,deepseek-coder:6.7b,0.8333333333333334,3,1.0,0.5,1.0
phi4_14b,ToTPlainLLM,31,deepseek-coder:6.7b,0.8833333333333333,3,0.9,0.75,1.0
phi4_14b,ToTPlainLLM,32,deepseek-coder:6.7b,0.5833333333333334,3,1.0,0.0,0.75
phi4_14b,ToTPlainLLM,33,deepseek-coder:6.7b,0.7233333333333333,3,1.0,0.67,0.5
phi4_14b,ToTPlainLLM,34,deepseek-coder:6.7b,0.3166666666666666,3,0.95,0.0,0.0
phi4_14b,ToTPlainLLM,35,deepseek-coder:6.7b,0.3366666666666666,3,0.01,1.0,0.0
phi4_14b,ToTPlainLLM,36,deepseek-coder:6.7b,0.6666666666666666,3,1.0,1.0,0.0
phi4_14b,ToTPlainLLM,37,deepseek-coder:6.7b,1.0,3,1.0,1.0,1.0
phi4_14b,ToTPlainLLM,38,deepseek-coder:6.7b,0.86,3,0.88,1.0,0.7
phi4_14b,ToTPlainLLM,39,deepseek-coder:6.7b,1.0,3,1.0,1.0,1.0
phi4_14b,ToTPlainLLM,40,deepseek-coder:6.7b,1.0,3,1.0,1.0,1.0
phi4_14b,ToTPlainLLM,41,deepseek-coder:6.7b,0.6666666666666666,3,1.0,0.5,0.5
phi4_14b,ToTPlainLLM,42,deepseek-coder:6.7b,0.8333333333333334,3,0.5,1.0,1.0
phi4_14b,ToTPlainLLM,43,deepseek-coder:6.7b,0.8333333333333334,3,1.0,1.0,0.5
phi4_14b,ToTPlainLLM,44,deepseek-coder:6.7b,1.0,3,1.0,1.0,1.0
phi4_14b,ToTPlainLLM,45,deepseek-coder:6.7b,1.0,3,1.0,1.0,1.0
phi4_14b,ToTPlainLLM,46,deepseek-coder:6.7b,1.0,3,1.0,1.0,1.0
phi4_14b,ToTPlainLLM,47,deepseek-coder:6.7b,1.0,3,1.0,1.0,1.0
phi4_14b,ToTPlainLLM,48,deepseek-coder:6.7b,0.7666666666666666,3,1.0,0.3,1.0
phi4_14b,ToTPlainLLM,49,deepseek-coder:6.7b,0.9,3,0.7,1.0,1.0
phi4_14b,ToTPlainLLM,50,deepseek-coder:6.7b,0.7433333333333333,3,0.9,0.33,1.0
phi4_14b,ToTPlainLLM,51,deepseek-coder:6.7b,0.6666666666666666,3,1.0,1.0,0.0
phi4_14b,ToTPlainLLM,52,deepseek-coder:6.7b,0.8333333333333334,3,0.5,1.0,1.0
phi4_14b,ToTPlainLLM,53,deepseek-coder:6.7b,1.0,3,1.0,1.0,1.0
phi4_14b,ToTPlainLLM,54,deepseek-coder:6.7b,0.8333333333333334,3,1.0,0.5,1.0
phi4_14b,ToTPlainLLM,55,deepseek-coder:6.7b,0.6666666666666666,3,1.0,0.0,1.0
phi4_14b,ToTPlainLLM,56,deepseek-coder:6.7b,0.9666666666666668,3,1.0,0.9,1.0
phi4_14b,ToTPlainLLM,57,deepseek-coder:6.7b,0.6666666666666666,3,0.5,1.0,0.5
phi4_14b,ToTPlainLLM,58,deepseek-coder:6.7b,1.0,3,1.0,1.0,1.0
phi4_14b,ToTPlainLLM,59,deepseek-coder:6.7b,0.5357142857142857,3,0.75,0.8571428571428571,0.0
phi4_14b,ToTPlainLLM,60,deepseek-coder:6.7b,0.95,3,0.85,1.0,1.0
phi4_14b,ToTPlainLLM,61,deepseek-coder:6.7b,0.6666666666666666,3,1.0,1.0,0.0
phi4_14b,ToTPlainLLM,62,deepseek-coder:6.7b,0.6666666666666666,3,1.0,1.0,0.0
phi4_14b,ToTPlainLLM,63,deepseek-coder:6.7b,0.3333333333333333,3,0.0,1.0,0.0
phi4_14b,ToTPlainLLM,64,deepseek-coder:6.7b,0.75,3,0.75,0.5,1.0
phi4_14b,ToTPlainLLM,65,deepseek-coder:6.7b,0.7666666666666666,3,1.0,1.0,0.3
phi4_14b,ToTPlainLLM,66,deepseek-coder:6.7b,0.9166666666666666,3,0.75,1.0,1.0
qwen3_8b,SimpleRAG,0,qwen3:8b,0.5,3,0.5,0.5,0.5
qwen3_8b,SimpleRAG,1,qwen3:8b,0.3333333333333333,3,0.5,0.0,0.5
qwen3_8b,SimpleRAG,2,qwen3:8b,0.1666666666666666,3,0.0,0.0,0.5
qwen3_8b,SimpleRAG,3,qwen3:8b,0.3333333333333333,3,0.0,0.5,0.5
qwen3_8b,SimpleRAG,4,qwen3:8b,0.3333333333333333,3,0.5,0.5,0.0
qwen3_8b,SimpleRAG,5,qwen3:8b,0.3333333333333333,3,0.5,0.0,0.5
qwen3_8b,SimpleRAG,6,qwen3:8b,0.3333333333333333,3,0.5,0.5,0.0
qwen3_8b,SimpleRAG,7,qwen3:8b,0.3333333333333333,3,0.0,0.5,0.5
qwen3_8b,SimpleRAG,8,qwen3:8b,0.3333333333333333,3,0.5,0.5,0.0
qwen3_8b,SimpleRAG,9,qwen3:8b,0.5,3,0.5,0.5,0.5
qwen3_8b,SimpleRAG,10,qwen3:8b,0.3333333333333333,3,0.5,0.0,0.5
qwen3_8b,SimpleRAG,11,qwen3:8b,0.3333333333333333,3,0.5,0.0,0.5
qwen3_8b,SimpleRAG,12,qwen3:8b,0.5,3,0.5,0.5,0.5
qwen3_8b,SimpleRAG,13,qwen3:8b,0.5,3,0.5,0.5,0.5
qwen3_8b,SimpleRAG,14,qwen3:8b,1.0,3,1.0,1.0,1.0
qwen3_8b,SimpleRAG,15,qwen3:8b,0.5,3,0.5,0.5,0.5
qwen3_8b,SimpleRAG,16,qwen3:8b,0.5,3,0.5,0.5,0.5
qwen3_8b,SimpleRAG,17,qwen3:8b,0.5,3,0.5,0.5,0.5
qwen3_8b,SimpleRAG,18,qwen3:8b,0.1666666666666666,3,0.5,0.0,0.0
qwen3_8b,SimpleRAG,19,qwen3:8b,0.3333333333333333,3,0.5,0.5,0.0
qwen3_8b,SimpleRAG,20,qwen3:8b,0.1666666666666666,3,0.0,0.0,0.5
qwen3_8b,SimpleRAG,21,qwen3:8b,0.5,3,0.5,0.5,0.5
qwen3_8b,SimpleRAG,22,qwen3:8b,0.5,3,0.5,0.5,0.5
qwen3_8b,SimpleRAG,23,qwen3:8b,0.5,3,0.5,0.5,0.5
qwen3_8b,SimpleRAG,24,qwen3:8b,0.5,3,0.5,0.5,0.5
qwen3_8b,SimpleRAG,25,qwen3:8b,0.5,3,0.5,0.5,0.5
qwen3_8b,SimpleRAG,26,qwen3:8b,0.5,3,0.5,0.5,0.5
qwen3_8b,SimpleRAG,27,qwen3:8b,0.5,3,0.5,0.5,0.5
qwen3_8b,SimpleRAG,28,qwen3:8b,0.5,3,0.5,0.5,0.5
qwen3_8b,SimpleRAG,29,qwen3:8b,0.5,3,0.5,0.5,0.5
qwen3_8b,SimpleRAG,30,qwen3:8b,0.5,3,0.5,0.5,0.5
qwen3_8b,SimpleRAG,31,qwen3:8b,0.5,3,0.5,0.5,0.5
qwen3_8b,SimpleRAG,32,qwen3:8b,0.3333333333333333,3,0.0,0.5,0.5
qwen3_8b,SimpleRAG,33,qwen3:8b,0.3333333333333333,3,0.0,0.5,0.5
qwen3_8b,SimpleRAG,34,qwen3:8b,0.5,3,0.5,0.5,0.5
qwen3_8b,SimpleRAG,35,qwen3:8b,0.5,3,0.5,0.5,0.5
qwen3_8b,SimpleRAG,36,qwen3:8b,0.3333333333333333,3,0.5,0.5,0.0
qwen3_8b,SimpleRAG,37,qwen3:8b,0.5,3,0.5,0.5,0.5
qwen3_8b,SimpleRAG,38,qwen3:8b,0.3333333333333333,3,0.5,0.0,0.5
qwen3_8b,SimpleRAG,39,qwen3:8b,0.0,3,0.0,0.0,0.0
qwen3_8b,SimpleRAG,40,qwen3:8b,0.3333333333333333,3,0.5,0.0,0.5
qwen3_8b,SimpleRAG,41,qwen3:8b,0.0,3,0.0,0.0,0.0
qwen3_8b,SimpleRAG,42,qwen3:8b,0.5,3,0.5,0.5,0.5
qwen3_8b,SimpleRAG,43,qwen3:8b,0.3333333333333333,3,0.0,0.5,0.5
qwen3_8b,SimpleRAG,44,qwen3:8b,0.3333333333333333,3,0.5,0.5,0.0
qwen3_8b,SimpleRAG,45,qwen3:8b,0.5,3,0.5,0.5,0.5
qwen3_8b,SimpleRAG,46,qwen3:8b,0.1666666666666666,3,0.5,0.0,0.0
qwen3_8b,SimpleRAG,47,qwen3:8b,0.5,3,0.5,0.5,0.5
qwen3_8b,SimpleRAG,48,qwen3:8b,0.5,3,0.5,0.5,0.5
qwen3_8b,SimpleRAG,49,qwen3:8b,0.5,3,0.5,0.5,0.5
qwen3_8b,SimpleRAG,50,qwen3:8b,0.5,3,0.5,0.5,0.5
qwen3_8b,SimpleRAG,51,qwen3:8b,0.5,3,0.5,0.5,0.5
qwen3_8b,SimpleRAG,52,qwen3:8b,0.3333333333333333,3,0.0,0.5,0.5
qwen3_8b,SimpleRAG,53,qwen3:8b,0.5,3,0.5,0.5,0.5
qwen3_8b,SimpleRAG,54,qwen3:8b,0.3333333333333333,3,0.5,0.5,0.0
qwen3_8b,SimpleRAG,55,qwen3:8b,0.5,3,0.5,0.5,0.5
qwen3_8b,SimpleRAG,56,qwen3:8b,0.5,3,0.5,0.5,0.5
qwen3_8b,SimpleRAG,57,qwen3:8b,0.0,3,0.0,0.0,0.0
qwen3_8b,SimpleRAG,58,qwen3:8b,1.0,3,1.0,1.0,1.0
qwen3_8b,SimpleRAG,59,qwen3:8b,0.5,3,0.5,0.5,0.5
qwen3_8b,SimpleRAG,60,qwen3:8b,0.5,3,0.5,0.5,0.5
qwen3_8b,SimpleRAG,61,qwen3:8b,0.5,3,0.5,0.5,0.5
qwen3_8b,SimpleRAG,62,qwen3:8b,0.0,3,0.0,0.0,0.0
qwen3_8b,SimpleRAG,63,qwen3:8b,0.5,3,0.5,0.5,0.5
qwen3_8b,SimpleRAG,64,qwen3:8b,0.5,3,0.5,0.5,0.5
qwen3_8b,SimpleRAG,65,qwen3:8b,0.5,3,0.5,0.5,0.5
qwen3_8b,SimpleRAG,66,qwen3:8b,0.5,3,0.5,0.5,0.5
llama3_2_latest,GoTRAG,0,qwen3:8b,0.5,3,0.5,0.5,0.5
llama3_2_latest,GoTRAG,1,qwen3:8b,0.5,3,0.5,0.5,0.5
llama3_2_latest,GoTRAG,2,qwen3:8b,0.5,3,0.5,0.5,0.5
llama3_2_latest,GoTRAG,3,qwen3:8b,0.5,3,0.5,0.5,0.5
llama3_2_latest,GoTRAG,4,qwen3:8b,0.5,3,0.5,0.5,0.5
llama3_2_latest,GoTRAG,5,qwen3:8b,0.0,3,0.0,0.0,0.0
llama3_2_latest,GoTRAG,6,qwen3:8b,0.2666666666666666,3,0.0,0.5,0.3
llama3_2_latest,GoTRAG,7,qwen3:8b,0.3333333333333333,3,0.0,0.5,0.5
llama3_2_latest,GoTRAG,8,qwen3:8b,0.5,3,0.5,0.5,0.5
llama3_2_latest,GoTRAG,9,qwen3:8b,0.5,3,0.5,0.5,0.5
llama3_2_latest,GoTRAG,10,qwen3:8b,0.3333333333333333,3,0.5,0.5,0.0
llama3_2_latest,GoTRAG,11,qwen3:8b,0.3333333333333333,3,0.5,0.5,0.0
llama3_2_latest,GoTRAG,12,qwen3:8b,0.3333333333333333,3,0.5,0.0,0.5
llama3_2_latest,GoTRAG,13,qwen3:8b,0.1666666666666666,3,0.0,0.5,0.0
llama3_2_latest,GoTRAG,14,qwen3:8b,0.5,3,0.5,0.5,0.5
llama3_2_latest,GoTRAG,15,qwen3:8b,0.5,3,0.5,0.5,0.5
llama3_2_latest,GoTRAG,16,qwen3:8b,0.5,3,0.5,0.5,0.5
llama3_2_latest,GoTRAG,17,qwen3:8b,0.5,3,0.5,0.5,0.5
llama3_2_latest,GoTRAG,18,qwen3:8b,0.5,3,0.5,0.5,0.5
llama3_2_latest,GoTRAG,19,qwen3:8b,0.0,3,0.0,0.0,0.0
llama3_2_latest,GoTRAG,20,qwen3:8b,0.5,3,0.5,0.5,0.5
llama3_2_latest,GoTRAG,21,qwen3:8b,0.1666666666666666,3,0.5,0.0,0.0
llama3_2_latest,GoTRAG,22,qwen3:8b,0.5,3,0.5,0.5,0.5
llama3_2_latest,GoTRAG,23,qwen3:8b,0.1666666666666666,3,0.0,0.0,0.5
llama3_2_latest,GoTRAG,24,qwen3:8b,0.5,3,0.5,0.5,0.5
llama3_2_latest,GoTRAG,25,qwen3:8b,0.5,3,0.5,0.5,0.5
llama3_2_latest,GoTRAG,26,qwen3:8b,0.5,3,0.5,0.5,0.5
llama3_2_latest,GoTRAG,27,qwen3:8b,0.5,3,0.5,0.5,0.5
llama3_2_latest,GoTRAG,28,qwen3:8b,0.3333333333333333,3,0.5,0.0,0.5
llama3_2_latest,GoTRAG,29,qwen3:8b,0.5,3,0.5,0.5,0.5
llama3_2_latest,GoTRAG,30,qwen3:8b,0.3333333333333333,3,0.5,0.0,0.5
llama3_2_latest,GoTRAG,31,qwen3:8b,0.1666666666666666,3,0.0,0.5,0.0
llama3_2_latest,GoTRAG,32,qwen3:8b,0.3333333333333333,3,0.0,0.5,0.5
llama3_2_latest,GoTRAG,33,qwen3:8b,0.3333333333333333,3,0.5,0.0,0.5
llama3_2_latest,GoTRAG,34,qwen3:8b,0.5,3,0.5,0.5,0.5
llama3_2_latest,GoTRAG,35,qwen3:8b,0.5,3,0.5,0.5,0.5
llama3_2_latest,GoTRAG,36,qwen3:8b,0.5,3,0.5,0.5,0.5
llama3_2_latest,GoTRAG,37,qwen3:8b,0.5,3,0.5,0.5,0.5
llama3_2_latest,GoTRAG,38,qwen3:8b,0.5,3,0.5,0.5,0.5
llama3_2_latest,GoTRAG,39,qwen3:8b,0.5,3,0.5,0.5,0.5
llama3_2_latest,GoTRAG,40,qwen3:8b,0.5,3,0.5,0.5,0.5
llama3_2_latest,GoTRAG,41,qwen3:8b,0.3333333333333333,3,0.5,0.0,0.5
llama3_2_latest,GoTRAG,42,qwen3:8b,0.5,3,0.5,0.5,0.5
llama3_2_latest,GoTRAG,43,qwen3:8b,0.3333333333333333,3,0.0,0.5,0.5
llama3_2_latest,GoTRAG,44,qwen3:8b,0.5,3,0.5,0.5,0.5
llama3_2_latest,GoTRAG,45,qwen3:8b,0.3333333333333333,3,0.5,0.5,0.0
llama3_2_latest,GoTRAG,46,qwen3:8b,0.5,3,0.5,0.5,0.5
llama3_2_latest,GoTRAG,47,qwen3:8b,0.8333333333333334,3,0.5,1.0,1.0
llama3_2_latest,GoTRAG,48,qwen3:8b,0.6666666666666666,3,0.5,1.0,0.5
llama3_2_latest,GoTRAG,49,qwen3:8b,0.5,3,0.5,0.5,0.5
llama3_2_latest,GoTRAG,50,qwen3:8b,0.5,3,0.5,0.5,0.5
llama3_2_latest,GoTRAG,51,qwen3:8b,0.5,3,0.5,0.5,0.5
llama3_2_latest,GoTRAG,52,qwen3:8b,0.5,3,0.5,0.5,0.5
llama3_2_latest,GoTRAG,53,qwen3:8b,0.5,3,0.5,0.5,0.5
llama3_2_latest,GoTRAG,54,qwen3:8b,0.1666666666666666,3,0.0,0.0,0.5
llama3_2_latest,GoTRAG,55,qwen3:8b,0.3333333333333333,3,0.5,0.0,0.5
llama3_2_latest,GoTRAG,56,qwen3:8b,0.5,3,0.5,0.5,0.5
llama3_2_latest,GoTRAG,57,qwen3:8b,0.5,3,0.5,0.5,0.5
llama3_2_latest,GoTRAG,58,qwen3:8b,0.5,3,0.5,0.5,0.5
llama3_2_latest,GoTRAG,59,qwen3:8b,0.8333333333333334,3,1.0,1.0,0.5
llama3_2_latest,GoTRAG,60,qwen3:8b,0.5,3,0.5,0.5,0.5
llama3_2_latest,GoTRAG,61,qwen3:8b,0.5,3,0.5,0.5,0.5
llama3_2_latest,GoTRAG,62,qwen3:8b,0.5,3,0.5,0.5,0.5
llama3_2_latest,GoTRAG,63,qwen3:8b,0.5,3,0.5,0.5,0.5
llama3_2_latest,GoTRAG,64,qwen3:8b,0.5,3,0.5,0.5,0.5
llama3_2_latest,GoTRAG,65,qwen3:8b,0.5,3,0.5,0.5,0.5
llama3_2_latest,GoTRAG,66,qwen3:8b,0.1666666666666666,3,0.0,0.0,0.5
qwen3_8b,GoTRAG,0,deepseek-coder:6.7b,0.6666666666666666,3,1.0,0.0,1.0
qwen3_8b,GoTRAG,1,deepseek-coder:6.7b,0.6666666666666666,3,0.0,1.0,1.0
qwen3_8b,GoTRAG,2,deepseek-coder:6.7b,0.6666666666666666,3,0.0,1.0,1.0
qwen3_8b,GoTRAG,3,deepseek-coder:6.7b,1.0,3,1.0,1.0,1.0
qwen3_8b,GoTRAG,4,deepseek-coder:6.7b,1.0,3,1.0,1.0,1.0
qwen3_8b,GoTRAG,5,deepseek-coder:6.7b,1.0,3,1.0,1.0,1.0
qwen3_8b,GoTRAG,6,deepseek-coder:6.7b,0.95,3,1.0,1.0,0.85
qwen3_8b,GoTRAG,7,deepseek-coder:6.7b,0.9,3,1.0,1.0,0.7
qwen3_8b,GoTRAG,8,deepseek-coder:6.7b,0.49,3,0.0,0.8,0.67
qwen3_8b,GoTRAG,9,deepseek-coder:6.7b,1.0,3,1.0,1.0,1.0
qwen3_8b,GoTRAG,10,deepseek-coder:6.7b,1.0,3,1.0,1.0,1.0
qwen3_8b,GoTRAG,11,deepseek-coder:6.7b,0.6666666666666666,3,1.0,1.0,0.0
qwen3_8b,GoTRAG,12,deepseek-coder:6.7b,0.5833333333333334,3,0.5,0.5,0.75
qwen3_8b,GoTRAG,13,deepseek-coder:6.7b,0.6666666666666666,3,0.0,1.0,1.0
qwen3_8b,GoTRAG,14,deepseek-coder:6.7b,1.0,3,1.0,1.0,1.0
qwen3_8b,GoTRAG,15,deepseek-coder:6.7b,0.9166666666666666,3,1.0,0.75,1.0
qwen3_8b,GoTRAG,16,deepseek-coder:6.7b,0.3333333333333333,3,0.5,0.5,0.0
qwen3_8b,GoTRAG,17,deepseek-coder:6.7b,0.6666666666666666,3,0.5,0.5,1.0
qwen3_8b,GoTRAG,18,deepseek-coder:6.7b,1.0,3,1.0,1.0,1.0
qwen3_8b,GoTRAG,19,deepseek-coder:6.7b,0.75,3,1.0,0.75,0.5
qwen3_8b,GoTRAG,20,deepseek-coder:6.7b,0.9166666666666666,3,1.0,0.75,1.0
qwen3_8b,GoTRAG,21,deepseek-coder:6.7b,0.4833333333333333,3,0.95,0.0,0.5
qwen3_8b,GoTRAG,22,deepseek-coder:6.7b,0.5083333333333333,3,1.0,0.5,0.025
qwen3_8b,GoTRAG,23,deepseek-coder:6.7b,1.0,3,1.0,1.0,1.0
qwen3_8b,GoTRAG,24,deepseek-coder:6.7b,0.6766666666666666,3,0.03,1.0,1.0
qwen3_8b,GoTRAG,25,deepseek-coder:6.7b,0.6722333333333333,3,1.0,0.0167,1.0
qwen3_8b,GoTRAG,26,deepseek-coder:6.7b,1.0,3,1.0,1.0,1.0
qwen3_8b,GoTRAG,27,deepseek-coder:6.7b,0.7666666666666666,3,0.5,1.0,0.8
qwen3_8b,GoTRAG,28,deepseek-coder:6.7b,1.0,3,1.0,1.0,1.0
qwen3_8b,GoTRAG,29,deepseek-coder:6.7b,1.0,3,1.0,1.0,1.0
qwen3_8b,GoTRAG,30,deepseek-coder:6.7b,0.6666666666666666,3,0.0,1.0,1.0
qwen3_8b,GoTRAG,31,deepseek-coder:6.7b,0.5,3,0.0,0.5,1.0
qwen3_8b,GoTRAG,32,deepseek-coder:6.7b,0.5433333333333333,3,0.8,0.83,0.0
qwen3_8b,GoTRAG,33,deepseek-coder:6.7b,1.0,3,1.0,1.0,1.0
qwen3_8b,GoTRAG,34,deepseek-coder:6.7b,1.0,3,1.0,1.0,1.0
qwen3_8b,GoTRAG,35,deepseek-coder:6.7b,0.6,3,0.0,1.0,0.8
qwen3_8b,GoTRAG,36,deepseek-coder:6.7b,0.6855555555555556,3,1.0,0.0566666666666666,1.0
qwen3_8b,GoTRAG,37,deepseek-coder:6.7b,0.6166666666666667,3,1.0,0.0,0.85
qwen3_8b,GoTRAG,38,deepseek-coder:6.7b,0.4833333333333333,3,0.0,0.95,0.5
qwen3_8b,GoTRAG,39,deepseek-coder:6.7b,1.0,3,1.0,1.0,1.0
qwen3_8b,GoTRAG,40,deepseek-coder:6.7b,0.8333333333333334,3,1.0,0.5,1.0
qwen3_8b,GoTRAG,41,deepseek-coder:6.7b,0.7916666666666666,3,0.5,1.0,0.875
qwen3_8b,GoTRAG,42,deepseek-coder:6.7b,0.9166666666666666,3,1.0,0.75,1.0
qwen3_8b,GoTRAG,43,deepseek-coder:6.7b,0.8333333333333334,3,1.0,1.0,0.5
qwen3_8b,GoTRAG,44,deepseek-coder:6.7b,0.5566666666666666,3,0.0,1.0,0.67
qwen3_8b,GoTRAG,45,deepseek-coder:6.7b,0.8333333333333334,3,0.5,1.0,1.0
qwen3_8b,GoTRAG,46,deepseek-coder:6.7b,0.6666666666666666,3,1.0,1.0,0.0
qwen3_8b,GoTRAG,47,deepseek-coder:6.7b,1.0,3,1.0,1.0,1.0
qwen3_8b,GoTRAG,48,deepseek-coder:6.7b,0.75,3,1.0,1.0,0.25
qwen3_8b,GoTRAG,49,deepseek-coder:6.7b,0.9166666666666666,3,1.0,1.0,0.75
qwen3_8b,GoTRAG,50,deepseek-coder:6.7b,0.7766666666666667,3,1.0,0.33,1.0
qwen3_8b,GoTRAG,51,deepseek-coder:6.7b,0.75,3,0.75,0.5,1.0
qwen3_8b,GoTRAG,52,deepseek-coder:6.7b,1.0,3,1.0,1.0,1.0
qwen3_8b,GoTRAG,53,deepseek-coder:6.7b,0.6666666666666666,3,1.0,1.0,0.0
qwen3_8b,GoTRAG,54,deepseek-coder:6.7b,0.8333333333333334,3,1.0,1.0,0.5
qwen3_8b,GoTRAG,55,deepseek-coder:6.7b,0.5,3,0.5,0.0,1.0
qwen3_8b,GoTRAG,56,deepseek-coder:6.7b,0.3333333333333333,3,0.0,1.0,0.0
qwen3_8b,GoTRAG,57,deepseek-coder:6.7b,1.0,3,1.0,1.0,1.0
qwen3_8b,GoTRAG,58,deepseek-coder:6.7b,0.6666666666666666,3,1.0,0.5,0.5
qwen3_8b,GoTRAG,59,deepseek-coder:6.7b,0.8333333333333334,3,1.0,0.5,1.0
qwen3_8b,GoTRAG,60,deepseek-coder:6.7b,1.0,3,1.0,1.0,1.0
qwen3_8b,GoTRAG,61,deepseek-coder:6.7b,0.9166666666666666,3,1.0,1.0,0.75
qwen3_8b,GoTRAG,62,deepseek-coder:6.7b,1.0,3,1.0,1.0,1.0
qwen3_8b,GoTRAG,63,deepseek-coder:6.7b,0.6666666666666666,3,1.0,1.0,0.0
qwen3_8b,GoTRAG,64,deepseek-coder:6.7b,1.0,3,1.0,1.0,1.0
qwen3_8b,GoTRAG,65,deepseek-coder:6.7b,1.0,3,1.0,1.0,1.0
qwen3_8b,GoTRAG,66,deepseek-coder:6.7b,0.5566666666666666,3,0.0,0.85,0.82
phi4_14b,SimpleRAG,0,deepseek-coder:6.7b,0.9166666666666666,3,0.75,1.0,1.0
phi4_14b,SimpleRAG,1,deepseek-coder:6.7b,0.1666666666666666,3,0.5,0.0,0.0
phi4_14b,SimpleRAG,2,deepseek-coder:6.7b,0.51,3,0.5,1.0,0.03
phi4_14b,SimpleRAG,3,deepseek-coder:6.7b,0.8333333333333334,3,1.0,1.0,0.5
phi4_14b,SimpleRAG,4,deepseek-coder:6.7b,0.9433333333333334,3,1.0,1.0,0.83
phi4_14b,SimpleRAG,5,deepseek-coder:6.7b,0.3333333333333333,3,0.5,0.5,0.0
phi4_14b,SimpleRAG,6,deepseek-coder:6.7b,0.8666666666666667,3,0.7,1.0,0.9
phi4_14b,SimpleRAG,7,deepseek-coder:6.7b,0.8166666666666668,3,0.95,1.0,0.5
phi4_14b,SimpleRAG,8,deepseek-coder:6.7b,1.0,3,1.0,1.0,1.0
phi4_14b,SimpleRAG,9,deepseek-coder:6.7b,0.9088666666666666,3,0.75,0.9766,1.0
phi4_14b,SimpleRAG,10,deepseek-coder:6.7b,0.5,3,1.0,0.5,0.0
phi4_14b,SimpleRAG,11,deepseek-coder:6.7b,0.8333333333333334,3,1.0,1.0,0.5
phi4_14b,SimpleRAG,12,deepseek-coder:6.7b,0.8333333333333334,3,1.0,0.5,1.0
phi4_14b,SimpleRAG,13,deepseek-coder:6.7b,1.0,3,1.0,1.0,1.0
phi4_14b,SimpleRAG,14,deepseek-coder:6.7b,0.6666666666666666,3,1.0,0.0,1.0
phi4_14b,SimpleRAG,15,deepseek-coder:6.7b,0.8166666666666668,3,0.5,1.0,0.95
phi4_14b,SimpleRAG,16,deepseek-coder:6.7b,0.6666666666666666,3,0.0,1.0,1.0
phi4_14b,SimpleRAG,17,deepseek-coder:6.7b,0.8333333333333334,3,1.0,1.0,0.5
phi4_14b,SimpleRAG,18,deepseek-coder:6.7b,1.0,3,1.0,1.0,1.0
phi4_14b,SimpleRAG,19,deepseek-coder:6.7b,0.6666666666666666,3,1.0,0.0,1.0
phi4_14b,SimpleRAG,20,deepseek-coder:6.7b,0.5,3,0.5,0.0,1.0
phi4_14b,SimpleRAG,21,deepseek-coder:6.7b,0.9166666666666666,3,1.0,1.0,0.75
phi4_14b,SimpleRAG,22,deepseek-coder:6.7b,0.9166666666666666,3,1.0,1.0,0.75
phi4_14b,SimpleRAG,23,deepseek-coder:6.7b,0.8333333333333334,3,1.0,0.5,1.0
phi4_14b,SimpleRAG,24,deepseek-coder:6.7b,0.9166666666666666,3,1.0,0.75,1.0
phi4_14b,SimpleRAG,25,deepseek-coder:6.7b,0.9166666666666666,3,1.0,0.75,1.0
phi4_14b,SimpleRAG,26,deepseek-coder:6.7b,1.0,3,1.0,1.0,1.0
phi4_14b,SimpleRAG,27,deepseek-coder:6.7b,0.888888888888889,3,1.0,0.6666666666666667,1.0
phi4_14b,SimpleRAG,28,deepseek-coder:6.7b,0.9833333333333334,3,1.0,0.95,1.0
phi4_14b,SimpleRAG,29,deepseek-coder:6.7b,1.0,3,1.0,1.0,1.0
phi4_14b,SimpleRAG,30,deepseek-coder:6.7b,1.0,3,1.0,1.0,1.0
phi4_14b,SimpleRAG,31,deepseek-coder:6.7b,0.9866666666666668,3,1.0,0.96,1.0
phi4_14b,SimpleRAG,32,deepseek-coder:6.7b,0.5066666666666667,3,0.5,0.02,1.0
phi4_14b,SimpleRAG,33,deepseek-coder:6.7b,0.9,3,1.0,0.7,1.0
phi4_14b,SimpleRAG,34,deepseek-coder:6.7b,0.6666666666666666,3,1.0,0.0,1.0
phi4_14b,SimpleRAG,35,deepseek-coder:6.7b,0.8333333333333334,3,1.0,1.0,0.5
phi4_14b,SimpleRAG,36,deepseek-coder:6.7b,0.3333333333333333,3,0.0,1.0,0.0
phi4_14b,SimpleRAG,37,deepseek-coder:6.7b,0.8333333333333334,3,0.5,1.0,1.0
phi4_14b,SimpleRAG,38,deepseek-coder:6.7b,0.9166666666666666,3,1.0,1.0,0.75
phi4_14b,SimpleRAG,39,deepseek-coder:6.7b,0.5566666666666666,3,0.5,0.5,0.67
phi4_14b,SimpleRAG,40,deepseek-coder:6.7b,0.8333333333333334,3,0.5,1.0,1.0
phi4_14b,SimpleRAG,41,deepseek-coder:6.7b,1.0,3,1.0,1.0,1.0
phi4_14b,SimpleRAG,42,deepseek-coder:6.7b,0.8333333333333334,3,1.0,1.0,0.5
phi4_14b,SimpleRAG,43,deepseek-coder:6.7b,1.0,3,1.0,1.0,1.0
phi4_14b,SimpleRAG,44,deepseek-coder:6.7b,0.3333333333333333,3,0.0,1.0,0.0
phi4_14b,SimpleRAG,45,deepseek-coder:6.7b,1.0,3,1.0,1.0,1.0
phi4_14b,SimpleRAG,46,deepseek-coder:6.7b,0.7333333333333334,3,0.8,0.9,0.5
phi4_14b,SimpleRAG,47,deepseek-coder:6.7b,0.89,3,1.0,0.67,1.0
phi4_14b,SimpleRAG,48,deepseek-coder:6.7b,1.0,3,1.0,1.0,1.0
phi4_14b,SimpleRAG,49,deepseek-coder:6.7b,0.8333333333333334,3,1.0,0.5,1.0
phi4_14b,SimpleRAG,50,deepseek-coder:6.7b,0.8166666666666668,3,0.95,1.0,0.5
phi4_14b,SimpleRAG,51,deepseek-coder:6.7b,0.9166666666666666,3,0.75,1.0,1.0
phi4_14b,SimpleRAG,52,deepseek-coder:6.7b,0.89,3,0.67,1.0,1.0
phi4_14b,SimpleRAG,53,deepseek-coder:6.7b,0.9333333333333332,3,0.8,1.0,1.0
phi4_14b,SimpleRAG,54,deepseek-coder:6.7b,0.9833333333333334,3,1.0,0.95,1.0
phi4_14b,SimpleRAG,55,deepseek-coder:6.7b,1.0,3,1.0,1.0,1.0
phi4_14b,SimpleRAG,56,deepseek-coder:6.7b,0.6033333333333334,3,0.8,0.01,1.0
phi4_14b,SimpleRAG,57,deepseek-coder:6.7b,0.9166666666666666,3,1.0,0.75,1.0
phi4_14b,SimpleRAG,58,deepseek-coder:6.7b,0.3333333333333333,3,1.0,0.0,0.0
phi4_14b,SimpleRAG,59,deepseek-coder:6.7b,0.9443333333333334,3,0.833,1.0,1.0
phi4_14b,SimpleRAG,60,deepseek-coder:6.7b,0.9166666666666666,3,0.75,1.0,1.0
phi4_14b,SimpleRAG,61,deepseek-coder:6.7b,1.0,3,1.0,1.0,1.0
phi4_14b,SimpleRAG,62,deepseek-coder:6.7b,0.8333333333333334,3,1.0,1.0,0.5
phi4_14b,SimpleRAG,63,deepseek-coder:6.7b,0.8333333333333334,3,0.5,1.0,1.0
phi4_14b,SimpleRAG,64,deepseek-coder:6.7b,0.8333333333333334,3,1.0,0.5,1.0
phi4_14b,SimpleRAG,65,deepseek-coder:6.7b,0.7666666666666666,3,0.5,0.8,1.0
phi4_14b,SimpleRAG,66,deepseek-coder:6.7b,0.8333333333333334,3,0.5,1.0,1.0
phi4_14b,CoTPlainLLM,0,qwen3:8b,0.5,3,0.5,0.5,0.5
phi4_14b,CoTPlainLLM,1,qwen3:8b,0.3333333333333333,3,0.5,0.5,0.0
phi4_14b,CoTPlainLLM,2,qwen3:8b,0.5,3,0.5,0.5,0.5
phi4_14b,CoTPlainLLM,3,qwen3:8b,0.5,3,0.5,0.5,0.5
phi4_14b,CoTPlainLLM,4,qwen3:8b,0.5,3,0.5,0.5,0.5
phi4_14b,CoTPlainLLM,5,qwen3:8b,0.1666666666666666,3,0.0,0.5,0.0
phi4_14b,CoTPlainLLM,6,qwen3:8b,0.1666666666666666,3,0.5,0.0,0.0
phi4_14b,CoTPlainLLM,7,qwen3:8b,0.3333333333333333,3,0.5,0.0,0.5
phi4_14b,CoTPlainLLM,8,qwen3:8b,0.3333333333333333,3,0.5,0.5,0.0
phi4_14b,CoTPlainLLM,9,qwen3:8b,0.5,3,0.5,0.5,0.5
phi4_14b,CoTPlainLLM,10,qwen3:8b,0.0,3,0.0,0.0,0.0
phi4_14b,CoTPlainLLM,11,qwen3:8b,0.3333333333333333,3,0.0,0.5,0.5
phi4_14b,CoTPlainLLM,12,qwen3:8b,0.1666666666666666,3,0.5,0.0,0.0
phi4_14b,CoTPlainLLM,13,qwen3:8b,0.5,3,0.5,0.5,0.5
phi4_14b,CoTPlainLLM,14,qwen3:8b,0.5,3,0.5,0.5,0.5
phi4_14b,CoTPlainLLM,15,qwen3:8b,0.5,3,0.5,0.5,0.5
phi4_14b,CoTPlainLLM,16,qwen3:8b,0.5,3,0.5,0.5,0.5
phi4_14b,CoTPlainLLM,17,qwen3:8b,0.5,3,0.5,0.5,0.5
phi4_14b,CoTPlainLLM,18,qwen3:8b,0.5,3,0.5,0.5,0.5
phi4_14b,CoTPlainLLM,19,qwen3:8b,0.6666666666666666,3,1.0,0.5,0.5
phi4_14b,CoTPlainLLM,20,qwen3:8b,0.5,3,0.5,0.5,0.5
phi4_14b,CoTPlainLLM,21,qwen3:8b,0.0,3,0.0,0.0,0.0
phi4_14b,CoTPlainLLM,22,qwen3:8b,0.5,3,0.5,0.5,0.5
phi4_14b,CoTPlainLLM,23,qwen3:8b,0.6666666666666666,3,0.5,0.5,1.0
phi4_14b,CoTPlainLLM,24,qwen3:8b,0.5,3,0.5,0.5,0.5
phi4_14b,CoTPlainLLM,25,qwen3:8b,0.5,3,0.5,0.5,0.5
phi4_14b,CoTPlainLLM,26,qwen3:8b,0.5,3,0.5,0.5,0.5
phi4_14b,CoTPlainLLM,27,qwen3:8b,0.5,3,0.5,0.5,0.5
phi4_14b,CoTPlainLLM,28,qwen3:8b,0.6666666666666666,3,0.5,0.5,1.0
phi4_14b,CoTPlainLLM,29,qwen3:8b,0.5,3,0.5,0.5,0.5
phi4_14b,CoTPlainLLM,30,qwen3:8b,0.5,3,0.5,0.5,0.5
phi4_14b,CoTPlainLLM,31,qwen3:8b,0.1666666666666666,3,0.0,0.5,0.0
phi4_14b,CoTPlainLLM,32,qwen3:8b,0.0,3,0.0,0.0,0.0
phi4_14b,CoTPlainLLM,33,qwen3:8b,0.3333333333333333,3,0.5,0.0,0.5
phi4_14b,CoTPlainLLM,34,qwen3:8b,0.1666666666666666,3,0.0,0.0,0.5
phi4_14b,CoTPlainLLM,35,qwen3:8b,0.0,3,0.0,0.0,0.0
phi4_14b,CoTPlainLLM,36,qwen3:8b,0.0,3,0.0,0.0,0.0
phi4_14b,CoTPlainLLM,37,qwen3:8b,0.5,3,0.5,0.5,0.5
phi4_14b,CoTPlainLLM,38,qwen3:8b,0.5,3,0.5,0.5,0.5
phi4_14b,CoTPlainLLM,39,qwen3:8b,0.5,3,0.5,0.5,0.5
phi4_14b,CoTPlainLLM,40,qwen3:8b,0.5,3,0.5,0.5,0.5
phi4_14b,CoTPlainLLM,41,qwen3:8b,0.5,3,0.5,0.5,0.5
phi4_14b,CoTPlainLLM,42,qwen3:8b,0.1666666666666666,3,0.0,0.0,0.5
phi4_14b,CoTPlainLLM,43,qwen3:8b,0.3333333333333333,3,0.5,0.0,0.5
phi4_14b,CoTPlainLLM,44,qwen3:8b,0.5,3,0.5,0.5,0.5
phi4_14b,CoTPlainLLM,45,qwen3:8b,0.5,3,0.5,0.5,0.5
phi4_14b,CoTPlainLLM,46,qwen3:8b,0.5,3,0.5,0.5,0.5
phi4_14b,CoTPlainLLM,47,qwen3:8b,0.5,3,0.5,0.5,0.5
phi4_14b,CoTPlainLLM,48,qwen3:8b,0.5,3,0.5,0.5,0.5
phi4_14b,CoTPlainLLM,49,qwen3:8b,0.1666666666666666,3,0.5,0.0,0.0
phi4_14b,CoTPlainLLM,50,qwen3:8b,0.5,3,0.5,0.5,0.5
phi4_14b,CoTPlainLLM,51,qwen3:8b,0.5,3,0.5,0.5,0.5
phi4_14b,CoTPlainLLM,52,qwen3:8b,0.3333333333333333,3,0.0,0.5,0.5
phi4_14b,CoTPlainLLM,53,qwen3:8b,0.5,3,0.5,0.5,0.5
phi4_14b,CoTPlainLLM,54,qwen3:8b,0.5,3,0.5,0.5,0.5
phi4_14b,CoTPlainLLM,55,qwen3:8b,0.3333333333333333,3,0.5,0.5,0.0
phi4_14b,CoTPlainLLM,56,qwen3:8b,0.3333333333333333,3,0.0,0.5,0.5
phi4_14b,CoTPlainLLM,57,qwen3:8b,0.1666666666666666,3,0.0,0.0,0.5
phi4_14b,CoTPlainLLM,58,qwen3:8b,0.5,3,0.5,0.5,0.5
phi4_14b,CoTPlainLLM,59,qwen3:8b,1.0,3,1.0,1.0,1.0
phi4_14b,CoTPlainLLM,60,qwen3:8b,0.0,3,0.0,0.0,0.0
phi4_14b,CoTPlainLLM,61,qwen3:8b,0.5,3,0.5,0.5,0.5
phi4_14b,CoTPlainLLM,62,qwen3:8b,0.5,3,0.5,0.5,0.5
phi4_14b,CoTPlainLLM,63,qwen3:8b,0.6666666666666666,3,0.5,1.0,0.5
phi4_14b,CoTPlainLLM,64,qwen3:8b,0.5,3,0.5,0.5,0.5
phi4_14b,CoTPlainLLM,65,qwen3:8b,0.5,3,0.5,0.5,0.5
phi4_14b,CoTPlainLLM,66,qwen3:8b,0.3333333333333333,3,0.5,0.0,0.5
phi4_14b,ToTSelfCorrectionRAG,0,qwen3:8b,0.5,3,0.5,0.5,0.5
phi4_14b,ToTSelfCorrectionRAG,1,qwen3:8b,0.1666666666666666,3,0.0,0.0,0.5
phi4_14b,ToTSelfCorrectionRAG,2,qwen3:8b,0.5,3,0.5,0.5,0.5
phi4_14b,ToTSelfCorrectionRAG,3,qwen3:8b,0.5,3,0.5,0.5,0.5
phi4_14b,ToTSelfCorrectionRAG,4,qwen3:8b,0.5,3,0.5,0.5,0.5
phi4_14b,ToTSelfCorrectionRAG,5,qwen3:8b,0.3333333333333333,3,0.5,0.5,0.0
phi4_14b,ToTSelfCorrectionRAG,6,qwen3:8b,0.3333333333333333,3,0.5,0.0,0.5
phi4_14b,ToTSelfCorrectionRAG,7,qwen3:8b,0.1666666666666666,3,0.0,0.5,0.0
phi4_14b,ToTSelfCorrectionRAG,8,qwen3:8b,0.5,3,0.5,0.5,0.5
phi4_14b,ToTSelfCorrectionRAG,9,qwen3:8b,0.5,3,0.5,0.5,0.5
phi4_14b,ToTSelfCorrectionRAG,10,qwen3:8b,0.3333333333333333,3,0.5,0.0,0.5
phi4_14b,ToTSelfCorrectionRAG,11,qwen3:8b,0.3333333333333333,3,0.0,0.5,0.5
phi4_14b,ToTSelfCorrectionRAG,12,qwen3:8b,0.3333333333333333,3,0.5,0.0,0.5
phi4_14b,ToTSelfCorrectionRAG,13,qwen3:8b,0.5,3,0.5,0.5,0.5
phi4_14b,ToTSelfCorrectionRAG,14,qwen3:8b,0.5,3,0.5,0.5,0.5
phi4_14b,ToTSelfCorrectionRAG,15,qwen3:8b,0.5,3,0.5,0.5,0.5
phi4_14b,ToTSelfCorrectionRAG,16,qwen3:8b,0.6666666666666666,3,1.0,0.5,0.5
phi4_14b,ToTSelfCorrectionRAG,17,qwen3:8b,0.5,3,0.5,0.5,0.5
phi4_14b,ToTSelfCorrectionRAG,18,qwen3:8b,0.5,3,0.5,0.5,0.5
phi4_14b,ToTSelfCorrectionRAG,19,qwen3:8b,0.0,3,0.0,0.0,0.0
phi4_14b,ToTSelfCorrectionRAG,20,qwen3:8b,0.5,3,0.5,0.5,0.5
phi4_14b,ToTSelfCorrectionRAG,21,qwen3:8b,0.5,3,0.5,0.5,0.5
phi4_14b,ToTSelfCorrectionRAG,22,qwen3:8b,0.5,3,0.5,0.5,0.5
phi4_14b,ToTSelfCorrectionRAG,23,qwen3:8b,1.0,3,1.0,1.0,1.0
phi4_14b,ToTSelfCorrectionRAG,24,qwen3:8b,0.8333333333333334,3,0.5,1.0,1.0
phi4_14b,ToTSelfCorrectionRAG,25,qwen3:8b,0.5,3,0.5,0.5,0.5
phi4_14b,ToTSelfCorrectionRAG,26,qwen3:8b,0.5,3,0.5,0.5,0.5
phi4_14b,ToTSelfCorrectionRAG,27,qwen3:8b,0.5,3,0.5,0.5,0.5
phi4_14b,ToTSelfCorrectionRAG,28,qwen3:8b,0.5,3,0.5,0.5,0.5
phi4_14b,ToTSelfCorrectionRAG,29,qwen3:8b,0.5,3,0.5,0.5,0.5
phi4_14b,ToTSelfCorrectionRAG,30,qwen3:8b,0.6666666666666666,3,0.5,0.5,1.0
phi4_14b,ToTSelfCorrectionRAG,31,qwen3:8b,0.0,3,0.0,0.0,0.0
phi4_14b,ToTSelfCorrectionRAG,32,qwen3:8b,0.5,3,0.5,0.5,0.5
phi4_14b,ToTSelfCorrectionRAG,33,qwen3:8b,0.0,3,0.0,0.0,0.0
phi4_14b,ToTSelfCorrectionRAG,34,qwen3:8b,0.6666666666666666,3,1.0,0.5,0.5
phi4_14b,ToTSelfCorrectionRAG,35,qwen3:8b,0.3333333333333333,3,0.0,0.5,0.5
phi4_14b,ToTSelfCorrectionRAG,36,qwen3:8b,0.3333333333333333,3,0.0,0.5,0.5
phi4_14b,ToTSelfCorrectionRAG,37,qwen3:8b,1.0,3,1.0,1.0,1.0
phi4_14b,ToTSelfCorrectionRAG,38,qwen3:8b,0.5,3,0.5,0.5,0.5
phi4_14b,ToTSelfCorrectionRAG,39,qwen3:8b,0.5,3,0.5,0.5,0.5
phi4_14b,ToTSelfCorrectionRAG,40,qwen3:8b,0.5,3,0.5,0.5,0.5
phi4_14b,ToTSelfCorrectionRAG,41,qwen3:8b,0.1666666666666666,3,0.5,0.0,0.0
phi4_14b,ToTSelfCorrectionRAG,42,qwen3:8b,0.5,3,0.5,0.5,0.5
phi4_14b,ToTSelfCorrectionRAG,43,qwen3:8b,0.5,3,0.5,0.5,0.5
phi4_14b,ToTSelfCorrectionRAG,44,qwen3:8b,0.3333333333333333,3,0.5,0.5,0.0
phi4_14b,ToTSelfCorrectionRAG,45,qwen3:8b,0.5,3,0.5,0.5,0.5
phi4_14b,ToTSelfCorrectionRAG,46,qwen3:8b,0.1666666666666666,3,0.5,0.0,0.0
phi4_14b,ToTSelfCorrectionRAG,47,qwen3:8b,0.3333333333333333,3,0.5,0.0,0.5
phi4_14b,ToTSelfCorrectionRAG,48,qwen3:8b,0.3333333333333333,3,0.5,0.0,0.5
phi4_14b,ToTSelfCorrectionRAG,49,qwen3:8b,0.3333333333333333,3,0.0,0.5,0.5
phi4_14b,ToTSelfCorrectionRAG,50,qwen3:8b,0.0,3,0.0,0.0,0.0
phi4_14b,ToTSelfCorrectionRAG,51,qwen3:8b,0.6666666666666666,3,0.5,0.5,1.0
phi4_14b,ToTSelfCorrectionRAG,52,qwen3:8b,0.5,3,0.5,0.5,0.5
phi4_14b,ToTSelfCorrectionRAG,53,qwen3:8b,0.6666666666666666,3,0.5,1.0,0.5
phi4_14b,ToTSelfCorrectionRAG,54,qwen3:8b,0.3333333333333333,3,0.5,0.0,0.5
phi4_14b,ToTSelfCorrectionRAG,55,qwen3:8b,0.0,3,0.0,0.0,0.0
phi4_14b,ToTSelfCorrectionRAG,56,qwen3:8b,0.3333333333333333,3,0.0,0.5,0.5
phi4_14b,ToTSelfCorrectionRAG,57,qwen3:8b,0.5,3,0.5,0.5,0.5
phi4_14b,ToTSelfCorrectionRAG,58,qwen3:8b,0.5,3,0.5,0.5,0.5
phi4_14b,ToTSelfCorrectionRAG,59,qwen3:8b,0.1666666666666666,3,0.0,0.5,0.0
phi4_14b,ToTSelfCorrectionRAG,60,qwen3:8b,0.5,3,0.5,0.5,0.5
phi4_14b,ToTSelfCorrectionRAG,61,qwen3:8b,0.5,3,0.5,0.5,0.5
phi4_14b,ToTSelfCorrectionRAG,62,qwen3:8b,0.5,3,0.5,0.5,0.5
phi4_14b,ToTSelfCorrectionRAG,63,qwen3:8b,0.5,3,0.5,0.5,0.5
phi4_14b,ToTSelfCorrectionRAG,64,qwen3:8b,0.1666666666666666,3,0.0,0.0,0.5
phi4_14b,ToTSelfCorrectionRAG,65,qwen3:8b,0.5,3,0.5,0.5,0.5
phi4_14b,ToTSelfCorrectionRAG,66,qwen3:8b,0.5,3,0.5,0.5,0.5
qwen3_8b,CoTRAG,0,qwen3:8b,0.5,3,0.5,0.5,0.5
qwen3_8b,CoTRAG,1,qwen3:8b,0.1666666666666666,3,0.0,0.5,0.0
qwen3_8b,CoTRAG,2,qwen3:8b,0.3333333333333333,3,0.0,0.5,0.5
qwen3_8b,CoTRAG,3,qwen3:8b,0.5,3,0.5,0.5,0.5
qwen3_8b,CoTRAG,4,qwen3:8b,0.5,3,0.5,0.5,0.5
qwen3_8b,CoTRAG,5,qwen3:8b,0.5,3,0.5,0.5,0.5
qwen3_8b,CoTRAG,6,qwen3:8b,0.1666666666666666,3,0.0,0.5,0.0
qwen3_8b,CoTRAG,7,qwen3:8b,0.5,3,0.5,0.5,0.5
qwen3_8b,CoTRAG,8,qwen3:8b,0.5,3,0.5,0.5,0.5
qwen3_8b,CoTRAG,9,qwen3:8b,0.3333333333333333,3,0.0,0.5,0.5
qwen3_8b,CoTRAG,10,qwen3:8b,0.3333333333333333,3,0.5,0.0,0.5
qwen3_8b,CoTRAG,11,qwen3:8b,0.3333333333333333,3,0.5,0.5,0.0
qwen3_8b,CoTRAG,12,qwen3:8b,0.1666666666666666,3,0.0,0.5,0.0
qwen3_8b,CoTRAG,13,qwen3:8b,0.5,3,0.5,0.5,0.5
qwen3_8b,CoTRAG,14,qwen3:8b,0.5,3,0.5,0.5,0.5
qwen3_8b,CoTRAG,15,qwen3:8b,0.0,3,0.0,0.0,0.0
qwen3_8b,CoTRAG,16,qwen3:8b,0.5,3,0.5,0.5,0.5
qwen3_8b,CoTRAG,17,qwen3:8b,0.5,3,0.5,0.5,0.5
qwen3_8b,CoTRAG,18,qwen3:8b,0.5,3,0.5,0.5,0.5
qwen3_8b,CoTRAG,19,qwen3:8b,0.3333333333333333,3,0.5,0.5,0.0
qwen3_8b,CoTRAG,20,qwen3:8b,0.5,3,0.5,0.5,0.5
qwen3_8b,CoTRAG,21,qwen3:8b,0.5,3,0.5,0.5,0.5
qwen3_8b,CoTRAG,22,qwen3:8b,0.5,3,0.5,0.5,0.5
qwen3_8b,CoTRAG,23,qwen3:8b,0.5,3,0.5,0.5,0.5
qwen3_8b,CoTRAG,24,qwen3:8b,0.5,3,0.5,0.5,0.5
qwen3_8b,CoTRAG,25,qwen3:8b,0.3333333333333333,3,0.0,0.5,0.5
qwen3_8b,CoTRAG,26,qwen3:8b,0.5,3,0.5,0.5,0.5
qwen3_8b,CoTRAG,27,qwen3:8b,0.5,3,0.5,0.5,0.5
qwen3_8b,CoTRAG,28,qwen3:8b,0.5,3,0.5,0.5,0.5
qwen3_8b,CoTRAG,29,qwen3:8b,0.5,3,0.5,0.5,0.5
qwen3_8b,CoTRAG,30,qwen3:8b,0.5,3,0.5,0.5,0.5
qwen3_8b,CoTRAG,31,qwen3:8b,0.5,3,0.5,0.5,0.5
qwen3_8b,CoTRAG,32,qwen3:8b,0.5,3,0.5,0.5,0.5
qwen3_8b,CoTRAG,33,qwen3:8b,0.5,3,0.5,0.5,0.5
qwen3_8b,CoTRAG,34,qwen3:8b,0.5,3,0.5,0.5,0.5
qwen3_8b,CoTRAG,35,qwen3:8b,0.1666666666666666,3,0.5,0.0,0.0
qwen3_8b,CoTRAG,36,qwen3:8b,0.5,3,0.5,0.5,0.5
qwen3_8b,CoTRAG,37,qwen3:8b,0.5,3,0.5,0.5,0.5
qwen3_8b,CoTRAG,38,qwen3:8b,0.3333333333333333,3,0.5,0.5,0.0
qwen3_8b,CoTRAG,39,qwen3:8b,0.5,3,0.5,0.5,0.5
qwen3_8b,CoTRAG,40,qwen3:8b,0.5,3,0.5,0.5,0.5
qwen3_8b,CoTRAG,41,qwen3:8b,0.5,3,0.5,0.5,0.5
qwen3_8b,CoTRAG,42,qwen3:8b,0.5,3,0.5,0.5,0.5
qwen3_8b,CoTRAG,43,qwen3:8b,0.5,3,0.5,0.5,0.5
qwen3_8b,CoTRAG,44,qwen3:8b,0.5,3,0.5,0.5,0.5
qwen3_8b,CoTRAG,45,qwen3:8b,0.5,3,0.5,0.5,0.5
qwen3_8b,CoTRAG,46,qwen3:8b,0.5,3,0.5,0.5,0.5
qwen3_8b,CoTRAG,47,qwen3:8b,0.5,3,0.5,0.5,0.5
qwen3_8b,CoTRAG,48,qwen3:8b,0.0,3,0.0,0.0,0.0
qwen3_8b,CoTRAG,49,qwen3:8b,0.1666666666666666,3,0.5,0.0,0.0
qwen3_8b,CoTRAG,50,qwen3:8b,0.5,3,0.5,0.5,0.5
qwen3_8b,CoTRAG,51,qwen3:8b,0.3333333333333333,3,0.5,0.0,0.5
qwen3_8b,CoTRAG,52,qwen3:8b,0.5,3,0.5,0.5,0.5
qwen3_8b,CoTRAG,53,qwen3:8b,0.3333333333333333,3,0.0,0.5,0.5
qwen3_8b,CoTRAG,54,qwen3:8b,0.3333333333333333,3,0.0,0.5,0.5
qwen3_8b,CoTRAG,55,qwen3:8b,0.3333333333333333,3,0.5,0.0,0.5
qwen3_8b,CoTRAG,56,qwen3:8b,0.5,3,0.5,0.5,0.5
qwen3_8b,CoTRAG,57,qwen3:8b,0.3333333333333333,3,0.5,0.0,0.5
qwen3_8b,CoTRAG,58,qwen3:8b,0.5,3,0.5,0.5,0.5
qwen3_8b,CoTRAG,59,qwen3:8b,0.3333333333333333,3,0.5,0.5,0.0
qwen3_8b,CoTRAG,60,qwen3:8b,0.5,3,0.5,0.5,0.5
qwen3_8b,CoTRAG,61,qwen3:8b,0.3333333333333333,3,0.5,0.0,0.5
qwen3_8b,CoTRAG,62,qwen3:8b,0.5,3,0.5,0.5,0.5
qwen3_8b,CoTRAG,63,qwen3:8b,0.6666666666666666,3,1.0,0.5,0.5
qwen3_8b,CoTRAG,64,qwen3:8b,0.5,3,0.5,0.5,0.5
qwen3_8b,CoTRAG,65,qwen3:8b,0.5,3,0.5,0.5,0.5
qwen3_8b,CoTRAG,66,qwen3:8b,0.3333333333333333,3,0.5,0.0,0.5
llama3_2_latest,CoTSelfCorrectionRAG,0,qwen3:8b,0.3333333333333333,3,0.0,0.5,0.5
llama3_2_latest,CoTSelfCorrectionRAG,1,qwen3:8b,0.0,3,0.0,0.0,0.0
llama3_2_latest,CoTSelfCorrectionRAG,2,qwen3:8b,0.3333333333333333,3,0.5,0.5,0.0
llama3_2_latest,CoTSelfCorrectionRAG,3,qwen3:8b,0.5,3,0.5,0.5,0.5
llama3_2_latest,CoTSelfCorrectionRAG,4,qwen3:8b,0.5,3,0.5,0.5,0.5
llama3_2_latest,CoTSelfCorrectionRAG,5,qwen3:8b,0.0,3,0.0,0.0,0.0
llama3_2_latest,CoTSelfCorrectionRAG,6,qwen3:8b,0.1666666666666666,3,0.5,0.0,0.0
llama3_2_latest,CoTSelfCorrectionRAG,7,qwen3:8b,0.3333333333333333,3,0.0,0.5,0.5
llama3_2_latest,CoTSelfCorrectionRAG,8,qwen3:8b,0.1666666666666666,3,0.5,0.0,0.0
llama3_2_latest,CoTSelfCorrectionRAG,9,qwen3:8b,0.3333333333333333,3,0.5,0.5,0.0
llama3_2_latest,CoTSelfCorrectionRAG,10,qwen3:8b,0.1666666666666666,3,0.0,0.0,0.5
llama3_2_latest,CoTSelfCorrectionRAG,11,qwen3:8b,0.5,3,0.5,0.5,0.5
llama3_2_latest,CoTSelfCorrectionRAG,12,qwen3:8b,0.0,3,0.0,0.0,0.0
llama3_2_latest,CoTSelfCorrectionRAG,13,qwen3:8b,0.0,3,0.0,0.0,0.0
llama3_2_latest,CoTSelfCorrectionRAG,14,qwen3:8b,0.5,3,0.5,0.5,0.5
llama3_2_latest,CoTSelfCorrectionRAG,15,qwen3:8b,0.5,3,0.5,0.5,0.5
llama3_2_latest,CoTSelfCorrectionRAG,16,qwen3:8b,0.3333333333333333,3,0.5,0.0,0.5
llama3_2_latest,CoTSelfCorrectionRAG,17,qwen3:8b,0.1666666666666666,3,0.0,0.0,0.5
llama3_2_latest,CoTSelfCorrectionRAG,18,qwen3:8b,0.1666666666666666,3,0.0,0.5,0.0
llama3_2_latest,CoTSelfCorrectionRAG,19,qwen3:8b,0.0,3,0.0,0.0,0.0
llama3_2_latest,CoTSelfCorrectionRAG,20,qwen3:8b,0.3333333333333333,3,0.5,0.5,0.0
llama3_2_latest,CoTSelfCorrectionRAG,21,qwen3:8b,0.5,3,0.5,0.5,0.5
llama3_2_latest,CoTSelfCorrectionRAG,22,qwen3:8b,0.5,3,0.5,0.5,0.5
llama3_2_latest,CoTSelfCorrectionRAG,23,qwen3:8b,0.5,3,0.5,0.5,0.5
llama3_2_latest,CoTSelfCorrectionRAG,24,qwen3:8b,0.5,3,0.5,0.5,0.5
llama3_2_latest,CoTSelfCorrectionRAG,25,qwen3:8b,0.5,3,0.5,0.5,0.5
llama3_2_latest,CoTSelfCorrectionRAG,26,qwen3:8b,0.5,3,0.5,0.5,0.5
llama3_2_latest,CoTSelfCorrectionRAG,27,qwen3:8b,0.5,3,0.5,0.5,0.5
llama3_2_latest,CoTSelfCorrectionRAG,28,qwen3:8b,0.0,3,0.0,0.0,0.0
llama3_2_latest,CoTSelfCorrectionRAG,29,qwen3:8b,0.8333333333333334,3,1.0,1.0,0.5
llama3_2_latest,CoTSelfCorrectionRAG,30,qwen3:8b,0.1666666666666666,3,0.0,0.0,0.5
llama3_2_latest,CoTSelfCorrectionRAG,31,qwen3:8b,0.1666666666666666,3,0.0,0.5,0.0
llama3_2_latest,CoTSelfCorrectionRAG,32,qwen3:8b,0.0,3,0.0,0.0,0.0
llama3_2_latest,CoTSelfCorrectionRAG,33,qwen3:8b,0.5,3,0.5,0.5,0.5
llama3_2_latest,CoTSelfCorrectionRAG,34,qwen3:8b,0.5,3,0.5,0.5,0.5
llama3_2_latest,CoTSelfCorrectionRAG,35,qwen3:8b,0.5,3,0.5,0.5,0.5
llama3_2_latest,CoTSelfCorrectionRAG,36,qwen3:8b,0.5,3,0.5,0.5,0.5
llama3_2_latest,CoTSelfCorrectionRAG,37,qwen3:8b,0.0,3,0.0,0.0,0.0
llama3_2_latest,CoTSelfCorrectionRAG,38,qwen3:8b,0.1666666666666666,3,0.5,0.0,0.0
llama3_2_latest,CoTSelfCorrectionRAG,39,qwen3:8b,0.5,3,0.5,0.5,0.5
llama3_2_latest,CoTSelfCorrectionRAG,40,qwen3:8b,0.5,3,0.5,0.5,0.5
llama3_2_latest,CoTSelfCorrectionRAG,41,qwen3:8b,0.1666666666666666,3,0.0,0.0,0.5
llama3_2_latest,CoTSelfCorrectionRAG,42,qwen3:8b,0.3333333333333333,3,0.5,0.0,0.5
llama3_2_latest,CoTSelfCorrectionRAG,43,qwen3:8b,0.3333333333333333,3,0.5,0.0,0.5
llama3_2_latest,CoTSelfCorrectionRAG,44,qwen3:8b,0.0,3,0.0,0.0,0.0
llama3_2_latest,CoTSelfCorrectionRAG,45,qwen3:8b,0.1666666666666666,3,0.0,0.0,0.5
llama3_2_latest,CoTSelfCorrectionRAG,46,qwen3:8b,0.3333333333333333,3,0.0,0.5,0.5
llama3_2_latest,CoTSelfCorrectionRAG,47,qwen3:8b,0.3333333333333333,3,0.5,0.0,0.5
llama3_2_latest,CoTSelfCorrectionRAG,48,qwen3:8b,0.1666666666666666,3,0.5,0.0,0.0
llama3_2_latest,CoTSelfCorrectionRAG,49,qwen3:8b,0.0,3,0.0,0.0,0.0
llama3_2_latest,CoTSelfCorrectionRAG,50,qwen3:8b,0.1666666666666666,3,0.5,0.0,0.0
llama3_2_latest,CoTSelfCorrectionRAG,51,qwen3:8b,0.5,3,0.5,0.5,0.5
llama3_2_latest,CoTSelfCorrectionRAG,52,qwen3:8b,0.0,3,0.0,0.0,0.0
llama3_2_latest,CoTSelfCorrectionRAG,53,qwen3:8b,0.5,3,0.5,0.5,0.5
llama3_2_latest,CoTSelfCorrectionRAG,54,qwen3:8b,0.0,3,0.0,0.0,0.0
llama3_2_latest,CoTSelfCorrectionRAG,55,qwen3:8b,0.3333333333333333,3,0.5,0.5,0.0
llama3_2_latest,CoTSelfCorrectionRAG,56,qwen3:8b,0.5,3,0.5,0.5,0.5
llama3_2_latest,CoTSelfCorrectionRAG,57,qwen3:8b,0.3333333333333333,3,0.5,0.5,0.0
llama3_2_latest,CoTSelfCorrectionRAG,58,qwen3:8b,0.0,3,0.0,0.0,0.0
llama3_2_latest,CoTSelfCorrectionRAG,59,qwen3:8b,0.0,3,0.0,0.0,0.0
llama3_2_latest,CoTSelfCorrectionRAG,60,qwen3:8b,0.5,3,0.5,0.5,0.5
llama3_2_latest,CoTSelfCorrectionRAG,61,qwen3:8b,0.1666666666666666,3,0.0,0.0,0.5
llama3_2_latest,CoTSelfCorrectionRAG,62,qwen3:8b,0.5,3,0.5,0.5,0.5
llama3_2_latest,CoTSelfCorrectionRAG,63,qwen3:8b,0.5,3,0.5,0.5,0.5
llama3_2_latest,CoTSelfCorrectionRAG,64,qwen3:8b,0.5,3,0.5,0.5,0.5
llama3_2_latest,CoTSelfCorrectionRAG,65,qwen3:8b,0.1666666666666666,3,0.0,0.5,0.0
llama3_2_latest,CoTSelfCorrectionRAG,66,qwen3:8b,0.0,3,0.0,0.0,0.0
llama3_2_latest,CoTSelfCorrectionRAG,0,deepseek-coder:6.7b,0.8333333333333334,3,0.5,1.0,1.0
llama3_2_latest,CoTSelfCorrectionRAG,1,deepseek-coder:6.7b,0.6666666666666666,3,1.0,0.5,0.5
llama3_2_latest,CoTSelfCorrectionRAG,2,deepseek-coder:6.7b,0.7222222222222222,3,0.5,0.6666666666666666,1.0
llama3_2_latest,CoTSelfCorrectionRAG,3,deepseek-coder:6.7b,0.6666666666666666,3,1.0,0.5,0.5
llama3_2_latest,CoTSelfCorrectionRAG,4,deepseek-coder:6.7b,1.0,3,1.0,1.0,1.0
llama3_2_latest,CoTSelfCorrectionRAG,5,deepseek-coder:6.7b,0.6666666666666666,3,0.5,0.5,1.0
llama3_2_latest,CoTSelfCorrectionRAG,6,deepseek-coder:6.7b,0.75,3,0.5,0.75,1.0
llama3_2_latest,CoTSelfCorrectionRAG,7,deepseek-coder:6.7b,0.5333333333333333,3,0.0,1.0,0.6
llama3_2_latest,CoTSelfCorrectionRAG,8,deepseek-coder:6.7b,1.0,3,1.0,1.0,1.0
llama3_2_latest,CoTSelfCorrectionRAG,9,deepseek-coder:6.7b,1.0,3,1.0,1.0,1.0
llama3_2_latest,CoTSelfCorrectionRAG,10,deepseek-coder:6.7b,1.0,3,1.0,1.0,1.0
llama3_2_latest,CoTSelfCorrectionRAG,11,deepseek-coder:6.7b,0.6666666666666666,3,0.5,1.0,0.5
llama3_2_latest,CoTSelfCorrectionRAG,12,deepseek-coder:6.7b,1.0,3,1.0,1.0,1.0
llama3_2_latest,CoTSelfCorrectionRAG,13,deepseek-coder:6.7b,0.8333333333333334,3,1.0,1.0,0.5
llama3_2_latest,CoTSelfCorrectionRAG,14,deepseek-coder:6.7b,1.0,3,1.0,1.0,1.0
llama3_2_latest,CoTSelfCorrectionRAG,15,deepseek-coder:6.7b,0.8333333333333334,3,1.0,1.0,0.5
llama3_2_latest,CoTSelfCorrectionRAG,16,deepseek-coder:6.7b,0.6666666666666666,3,0.5,1.0,0.5
llama3_2_latest,CoTSelfCorrectionRAG,17,deepseek-coder:6.7b,0.8333333333333334,3,1.0,0.5,1.0
llama3_2_latest,CoTSelfCorrectionRAG,18,deepseek-coder:6.7b,0.6666666666666666,3,0.5,0.5,1.0
llama3_2_latest,CoTSelfCorrectionRAG,19,deepseek-coder:6.7b,0.5,3,1.0,0.5,0.0
llama3_2_latest,CoTSelfCorrectionRAG,20,deepseek-coder:6.7b,1.0,3,1.0,1.0,1.0
llama3_2_latest,CoTSelfCorrectionRAG,21,deepseek-coder:6.7b,0.6669999999999999,3,1.0,0.001,1.0
llama3_2_latest,CoTSelfCorrectionRAG,22,deepseek-coder:6.7b,1.0,3,1.0,1.0,1.0
llama3_2_latest,CoTSelfCorrectionRAG,23,deepseek-coder:6.7b,0.9333333333333332,3,1.0,0.8,1.0
llama3_2_latest,CoTSelfCorrectionRAG,24,deepseek-coder:6.7b,0.8333333333333334,3,1.0,0.5,1.0
llama3_2_latest,CoTSelfCorrectionRAG,25,deepseek-coder:6.7b,0.8066666666666666,3,1.0,0.92,0.5
llama3_2_latest,CoTSelfCorrectionRAG,26,deepseek-coder:6.7b,0.7833333333333333,3,1.0,0.5,0.85
llama3_2_latest,CoTSelfCorrectionRAG,27,deepseek-coder:6.7b,0.9666666666666668,3,1.0,0.9,1.0
llama3_2_latest,CoTSelfCorrectionRAG,28,deepseek-coder:6.7b,0.5666666666666667,3,0.75,0.0,0.95
llama3_2_latest,CoTSelfCorrectionRAG,29,deepseek-coder:6.7b,0.7466666666666667,3,0.24,1.0,1.0
llama3_2_latest,CoTSelfCorrectionRAG,30,deepseek-coder:6.7b,1.0,3,1.0,1.0,1.0
llama3_2_latest,CoTSelfCorrectionRAG,31,deepseek-coder:6.7b,0.7000000000000001,3,0.5,1.0,0.6
llama3_2_latest,CoTSelfCorrectionRAG,32,deepseek-coder:6.7b,0.1716666666666666,3,0.015,0.0,0.5
llama3_2_latest,CoTSelfCorrectionRAG,33,deepseek-coder:6.7b,0.8333333333333334,3,1.0,1.0,0.5
llama3_2_latest,CoTSelfCorrectionRAG,34,deepseek-coder:6.7b,0.5833333333333334,3,0.75,0.5,0.5
llama3_2_latest,CoTSelfCorrectionRAG,35,deepseek-coder:6.7b,0.5033333333333333,3,0.01,0.5,1.0
llama3_2_latest,CoTSelfCorrectionRAG,36,deepseek-coder:6.7b,0.7000000000000001,3,0.5,0.6,1.0
llama3_2_latest,CoTSelfCorrectionRAG,37,deepseek-coder:6.7b,1.0,3,1.0,1.0,1.0
llama3_2_latest,CoTSelfCorrectionRAG,38,deepseek-coder:6.7b,0.6666666666666666,3,0.0,1.0,1.0
llama3_2_latest,CoTSelfCorrectionRAG,39,deepseek-coder:6.7b,0.6666666666666666,3,0.5,0.5,1.0
llama3_2_latest,CoTSelfCorrectionRAG,40,deepseek-coder:6.7b,1.0,3,1.0,1.0,1.0
llama3_2_latest,CoTSelfCorrectionRAG,41,deepseek-coder:6.7b,0.6666666666666666,3,0.0,1.0,1.0
llama3_2_latest,CoTSelfCorrectionRAG,42,deepseek-coder:6.7b,0.5499999999999999,3,0.0,0.9,0.75
llama3_2_latest,CoTSelfCorrectionRAG,43,deepseek-coder:6.7b,0.9833333333333334,3,1.0,0.95,1.0
llama3_2_latest,CoTSelfCorrectionRAG,44,deepseek-coder:6.7b,0.6666666666666666,3,0.0,1.0,1.0
llama3_2_latest,CoTSelfCorrectionRAG,45,deepseek-coder:6.7b,0.8866666666666667,3,0.66,1.0,1.0
llama3_2_latest,CoTSelfCorrectionRAG,46,deepseek-coder:6.7b,0.9166666666666666,3,1.0,1.0,0.75
llama3_2_latest,CoTSelfCorrectionRAG,47,deepseek-coder:6.7b,0.9583333333333334,3,1.0,1.0,0.875
llama3_2_latest,CoTSelfCorrectionRAG,48,deepseek-coder:6.7b,0.75,3,1.0,0.5,0.75
llama3_2_latest,CoTSelfCorrectionRAG,49,deepseek-coder:6.7b,0.9666666666666668,3,1.0,1.0,0.9
llama3_2_latest,CoTSelfCorrectionRAG,50,deepseek-coder:6.7b,0.5003333333333333,3,0.5,1.0,0.001
llama3_2_latest,CoTSelfCorrectionRAG,51,deepseek-coder:6.7b,0.8333333333333334,3,0.5,1.0,1.0
llama3_2_latest,CoTSelfCorrectionRAG,52,deepseek-coder:6.7b,0.7233333333333333,3,0.67,1.0,0.5
llama3_2_latest,CoTSelfCorrectionRAG,53,deepseek-coder:6.7b,0.8166666666666668,3,0.95,0.5,1.0
llama3_2_latest,CoTSelfCorrectionRAG,54,deepseek-coder:6.7b,1.0,3,1.0,1.0,1.0
llama3_2_latest,CoTSelfCorrectionRAG,55,deepseek-coder:6.7b,0.7833333333333333,3,0.85,0.5,1.0
llama3_2_latest,CoTSelfCorrectionRAG,56,deepseek-coder:6.7b,0.8833333333333333,3,0.8,1.0,0.85
llama3_2_latest,CoTSelfCorrectionRAG,57,deepseek-coder:6.7b,0.5033333333333333,3,0.01,0.5,1.0
llama3_2_latest,CoTSelfCorrectionRAG,58,deepseek-coder:6.7b,0.7666666666666666,3,0.5,1.0,0.8
llama3_2_latest,CoTSelfCorrectionRAG,59,deepseek-coder:6.7b,0.8166666666666668,3,0.95,0.5,1.0
llama3_2_latest,CoTSelfCorrectionRAG,60,deepseek-coder:6.7b,0.5,3,0.0,0.5,1.0
llama3_2_latest,CoTSelfCorrectionRAG,61,deepseek-coder:6.7b,0.9166666666666666,3,1.0,1.0,0.75
llama3_2_latest,CoTSelfCorrectionRAG,62,deepseek-coder:6.7b,0.8333333333333334,3,0.5,1.0,1.0
llama3_2_latest,CoTSelfCorrectionRAG,63,deepseek-coder:6.7b,0.8333333333333334,3,1.0,1.0,0.5
llama3_2_latest,CoTSelfCorrectionRAG,64,deepseek-coder:6.7b,0.61,3,1.0,0.83,0.0
llama3_2_latest,CoTSelfCorrectionRAG,65,deepseek-coder:6.7b,0.6666666666666666,3,1.0,0.0,1.0
llama3_2_latest,CoTSelfCorrectionRAG,66,deepseek-coder:6.7b,0.6666666666666666,3,0.5,1.0,0.5
llama3_2_latest,ToTPlainLLM,0,qwen3:8b,0.5,3,0.5,0.5,0.5
llama3_2_latest,ToTPlainLLM,1,qwen3:8b,0.5,3,0.5,0.5,0.5
llama3_2_latest,ToTPlainLLM,2,qwen3:8b,0.5,3,0.5,0.5,0.5
llama3_2_latest,ToTPlainLLM,3,qwen3:8b,0.3333333333333333,3,0.0,0.5,0.5
llama3_2_latest,ToTPlainLLM,4,qwen3:8b,0.5,3,0.5,0.5,0.5
llama3_2_latest,ToTPlainLLM,5,qwen3:8b,0.1666666666666666,3,0.0,0.0,0.5
llama3_2_latest,ToTPlainLLM,6,qwen3:8b,0.0,3,0.0,0.0,0.0
llama3_2_latest,ToTPlainLLM,7,qwen3:8b,0.5,3,0.5,0.5,0.5
llama3_2_latest,ToTPlainLLM,8,qwen3:8b,0.0,3,0.0,0.0,0.0
llama3_2_latest,ToTPlainLLM,9,qwen3:8b,0.5,3,0.5,0.5,0.5
llama3_2_latest,ToTPlainLLM,10,qwen3:8b,0.5,3,0.5,0.5,0.5
llama3_2_latest,ToTPlainLLM,11,qwen3:8b,0.0,3,0.0,0.0,0.0
llama3_2_latest,ToTPlainLLM,12,qwen3:8b,0.5,3,0.5,0.5,0.5
llama3_2_latest,ToTPlainLLM,13,qwen3:8b,0.3333333333333333,3,0.5,0.5,0.0
llama3_2_latest,ToTPlainLLM,14,qwen3:8b,0.3333333333333333,3,0.5,0.0,0.5
llama3_2_latest,ToTPlainLLM,15,qwen3:8b,0.5,3,0.5,0.5,0.5
llama3_2_latest,ToTPlainLLM,16,qwen3:8b,0.3333333333333333,3,0.5,0.5,0.0
llama3_2_latest,ToTPlainLLM,17,qwen3:8b,0.5,3,0.5,0.5,0.5
llama3_2_latest,ToTPlainLLM,18,qwen3:8b,0.3333333333333333,3,0.5,0.0,0.5
llama3_2_latest,ToTPlainLLM,19,qwen3:8b,0.3333333333333333,3,0.0,0.5,0.5
llama3_2_latest,ToTPlainLLM,20,qwen3:8b,0.1666666666666666,3,0.5,0.0,0.0
llama3_2_latest,ToTPlainLLM,21,qwen3:8b,0.8333333333333334,3,1.0,0.5,1.0
llama3_2_latest,ToTPlainLLM,22,qwen3:8b,0.0,3,0.0,0.0,0.0
llama3_2_latest,ToTPlainLLM,23,qwen3:8b,0.5,3,0.5,0.5,0.5
llama3_2_latest,ToTPlainLLM,24,qwen3:8b,0.3333333333333333,3,0.5,0.5,0.0
llama3_2_latest,ToTPlainLLM,25,qwen3:8b,0.3333333333333333,3,0.5,0.0,0.5
llama3_2_latest,ToTPlainLLM,26,qwen3:8b,0.5,3,0.5,0.5,0.5
llama3_2_latest,ToTPlainLLM,27,qwen3:8b,0.1666666666666666,3,0.5,0.0,0.0
llama3_2_latest,ToTPlainLLM,28,qwen3:8b,0.5,3,0.5,0.5,0.5
llama3_2_latest,ToTPlainLLM,29,qwen3:8b,0.1666666666666666,3,0.5,0.0,0.0
llama3_2_latest,ToTPlainLLM,30,qwen3:8b,0.1666666666666666,3,0.0,0.5,0.0
llama3_2_latest,ToTPlainLLM,31,qwen3:8b,0.3333333333333333,3,0.0,0.5,0.5
llama3_2_latest,ToTPlainLLM,32,qwen3:8b,0.3333333333333333,3,0.5,0.5,0.0
llama3_2_latest,ToTPlainLLM,33,qwen3:8b,0.0,3,0.0,0.0,0.0
llama3_2_latest,ToTPlainLLM,34,qwen3:8b,0.0,3,0.0,0.0,0.0
llama3_2_latest,ToTPlainLLM,35,qwen3:8b,0.0,3,0.0,0.0,0.0
llama3_2_latest,ToTPlainLLM,36,qwen3:8b,0.1666666666666666,3,0.0,0.0,0.5
llama3_2_latest,ToTPlainLLM,37,qwen3:8b,0.5,3,0.5,0.5,0.5
llama3_2_latest,ToTPlainLLM,38,qwen3:8b,0.5,3,0.5,0.5,0.5
llama3_2_latest,ToTPlainLLM,39,qwen3:8b,0.3333333333333333,3,0.5,0.0,0.5
llama3_2_latest,ToTPlainLLM,40,qwen3:8b,0.5,3,0.5,0.5,0.5
llama3_2_latest,ToTPlainLLM,41,qwen3:8b,0.1666666666666666,3,0.0,0.0,0.5
llama3_2_latest,ToTPlainLLM,42,qwen3:8b,0.1666666666666666,3,0.0,0.5,0.0
llama3_2_latest,ToTPlainLLM,43,qwen3:8b,0.3333333333333333,3,0.0,0.5,0.5
llama3_2_latest,ToTPlainLLM,44,qwen3:8b,0.1666666666666666,3,0.5,0.0,0.0
llama3_2_latest,ToTPlainLLM,45,qwen3:8b,0.0,3,0.0,0.0,0.0
llama3_2_latest,ToTPlainLLM,46,qwen3:8b,0.5,3,0.5,0.5,0.5
llama3_2_latest,ToTPlainLLM,47,qwen3:8b,0.1666666666666666,3,0.0,0.0,0.5
llama3_2_latest,ToTPlainLLM,48,qwen3:8b,0.5,3,0.5,0.5,0.5
llama3_2_latest,ToTPlainLLM,49,qwen3:8b,0.5,3,0.5,0.5,0.5
llama3_2_latest,ToTPlainLLM,50,qwen3:8b,0.0,3,0.0,0.0,0.0
llama3_2_latest,ToTPlainLLM,51,qwen3:8b,0.0,3,0.0,0.0,0.0
llama3_2_latest,ToTPlainLLM,52,qwen3:8b,0.3333333333333333,3,0.5,0.0,0.5
llama3_2_latest,ToTPlainLLM,53,qwen3:8b,0.5,3,0.5,0.5,0.5
llama3_2_latest,ToTPlainLLM,54,qwen3:8b,0.5,3,0.5,0.5,0.5
llama3_2_latest,ToTPlainLLM,55,qwen3:8b,0.1666666666666666,3,0.5,0.0,0.0
llama3_2_latest,ToTPlainLLM,56,qwen3:8b,0.5,3,0.5,0.5,0.5
llama3_2_latest,ToTPlainLLM,57,qwen3:8b,0.1666666666666666,3,0.0,0.0,0.5
llama3_2_latest,ToTPlainLLM,58,qwen3:8b,0.3333333333333333,3,0.5,0.0,0.5
llama3_2_latest,ToTPlainLLM,59,qwen3:8b,0.3333333333333333,3,0.0,0.5,0.5
llama3_2_latest,ToTPlainLLM,60,qwen3:8b,0.5,3,0.5,0.5,0.5
llama3_2_latest,ToTPlainLLM,61,qwen3:8b,0.5,3,0.5,0.5,0.5
llama3_2_latest,ToTPlainLLM,62,qwen3:8b,0.3333333333333333,3,0.0,0.5,0.5
llama3_2_latest,ToTPlainLLM,63,qwen3:8b,0.5,3,0.5,0.5,0.5
llama3_2_latest,ToTPlainLLM,64,qwen3:8b,0.5,3,0.5,0.5,0.5
llama3_2_latest,ToTPlainLLM,65,qwen3:8b,0.3333333333333333,3,0.0,0.5,0.5
llama3_2_latest,ToTPlainLLM,66,qwen3:8b,0.3333333333333333,3,0.5,0.5,0.0
qwen3_8b,ToTPlainLLM,0,qwen3:8b,0.5,3,0.5,0.5,0.5
qwen3_8b,ToTPlainLLM,1,qwen3:8b,0.5,3,0.5,0.5,0.5
qwen3_8b,ToTPlainLLM,2,qwen3:8b,0.5,3,0.5,0.5,0.5
qwen3_8b,ToTPlainLLM,3,qwen3:8b,0.5,3,0.5,0.5,0.5
qwen3_8b,ToTPlainLLM,4,qwen3:8b,0.5,3,0.5,0.5,0.5
qwen3_8b,ToTPlainLLM,5,qwen3:8b,0.1666666666666666,3,0.5,0.0,0.0
qwen3_8b,ToTPlainLLM,6,qwen3:8b,0.5,3,0.5,0.5,0.5
qwen3_8b,ToTPlainLLM,7,qwen3:8b,0.5,3,0.5,0.5,0.5
qwen3_8b,ToTPlainLLM,8,qwen3:8b,0.5,3,0.5,0.5,0.5
qwen3_8b,ToTPlainLLM,9,qwen3:8b,0.6666666666666666,3,0.5,0.5,1.0
qwen3_8b,ToTPlainLLM,10,qwen3:8b,0.5,3,0.5,0.5,0.5
qwen3_8b,ToTPlainLLM,11,qwen3:8b,0.5,3,0.5,0.5,0.5
qwen3_8b,ToTPlainLLM,12,qwen3:8b,0.5,3,0.5,0.5,0.5
qwen3_8b,ToTPlainLLM,13,qwen3:8b,0.8333333333333334,3,0.5,1.0,1.0
qwen3_8b,ToTPlainLLM,14,qwen3:8b,0.5,3,0.5,0.5,0.5
qwen3_8b,ToTPlainLLM,15,qwen3:8b,0.5,3,0.5,0.5,0.5
qwen3_8b,ToTPlainLLM,16,qwen3:8b,0.5,3,0.5,0.5,0.5
qwen3_8b,ToTPlainLLM,17,qwen3:8b,0.5,3,0.5,0.5,0.5
qwen3_8b,ToTPlainLLM,18,qwen3:8b,0.5,3,0.5,0.5,0.5
qwen3_8b,ToTPlainLLM,19,qwen3:8b,0.3333333333333333,3,0.0,0.5,0.5
qwen3_8b,ToTPlainLLM,20,qwen3:8b,0.5,3,0.5,0.5,0.5
qwen3_8b,ToTPlainLLM,21,qwen3:8b,0.5,3,0.5,0.5,0.5
qwen3_8b,ToTPlainLLM,22,qwen3:8b,0.5,3,0.5,0.5,0.5
qwen3_8b,ToTPlainLLM,23,qwen3:8b,1.0,3,1.0,1.0,1.0
qwen3_8b,ToTPlainLLM,24,qwen3:8b,0.5,3,0.5,0.5,0.5
qwen3_8b,ToTPlainLLM,25,qwen3:8b,0.3333333333333333,3,0.0,0.5,0.5
qwen3_8b,ToTPlainLLM,26,qwen3:8b,0.5,3,0.5,0.5,0.5
qwen3_8b,ToTPlainLLM,27,qwen3:8b,0.6666666666666666,3,0.5,1.0,0.5
qwen3_8b,ToTPlainLLM,28,qwen3:8b,0.8333333333333334,3,1.0,1.0,0.5
qwen3_8b,ToTPlainLLM,29,qwen3:8b,1.0,3,1.0,1.0,1.0
qwen3_8b,ToTPlainLLM,30,qwen3:8b,1.0,3,1.0,1.0,1.0
qwen3_8b,ToTPlainLLM,31,qwen3:8b,0.5,3,0.5,0.5,0.5
qwen3_8b,ToTPlainLLM,32,qwen3:8b,0.5,3,0.5,0.5,0.5
qwen3_8b,ToTPlainLLM,33,qwen3:8b,0.5,3,0.5,0.5,0.5
qwen3_8b,ToTPlainLLM,34,qwen3:8b,0.5,3,0.5,0.5,0.5
qwen3_8b,ToTPlainLLM,35,qwen3:8b,0.5,3,0.5,0.5,0.5
qwen3_8b,ToTPlainLLM,36,qwen3:8b,0.3333333333333333,3,0.5,0.5,0.0
qwen3_8b,ToTPlainLLM,37,qwen3:8b,0.6666666666666666,3,0.5,0.5,1.0
qwen3_8b,ToTPlainLLM,38,qwen3:8b,0.5,3,0.5,0.5,0.5
qwen3_8b,ToTPlainLLM,39,qwen3:8b,0.5,3,0.5,0.5,0.5
qwen3_8b,ToTPlainLLM,40,qwen3:8b,0.5,3,0.5,0.5,0.5
qwen3_8b,ToTPlainLLM,41,qwen3:8b,0.5,3,0.5,0.5,0.5
qwen3_8b,ToTPlainLLM,42,qwen3:8b,0.5,3,0.5,0.5,0.5
qwen3_8b,ToTPlainLLM,43,qwen3:8b,0.5,3,0.5,0.5,0.5
qwen3_8b,ToTPlainLLM,44,qwen3:8b,0.5,3,0.5,0.5,0.5
qwen3_8b,ToTPlainLLM,45,qwen3:8b,0.6666666666666666,3,0.5,0.5,1.0
qwen3_8b,ToTPlainLLM,46,qwen3:8b,0.5,3,0.5,0.5,0.5
qwen3_8b,ToTPlainLLM,47,qwen3:8b,0.5,3,0.5,0.5,0.5
qwen3_8b,ToTPlainLLM,48,qwen3:8b,0.5,3,0.5,0.5,0.5
qwen3_8b,ToTPlainLLM,49,qwen3:8b,0.1666666666666666,3,0.5,0.0,0.0
qwen3_8b,ToTPlainLLM,50,qwen3:8b,0.5,3,0.5,0.5,0.5
qwen3_8b,ToTPlainLLM,51,qwen3:8b,0.5,3,0.5,0.5,0.5
qwen3_8b,ToTPlainLLM,52,qwen3:8b,0.5,3,0.5,0.5,0.5
qwen3_8b,ToTPlainLLM,53,qwen3:8b,0.5,3,0.5,0.5,0.5
qwen3_8b,ToTPlainLLM,54,qwen3:8b,0.5,3,0.5,0.5,0.5
qwen3_8b,ToTPlainLLM,55,qwen3:8b,0.6333333333333333,3,0.9,0.5,0.5
qwen3_8b,ToTPlainLLM,56,qwen3:8b,0.5,3,0.5,0.5,0.5
qwen3_8b,ToTPlainLLM,57,qwen3:8b,0.5,3,0.5,0.5,0.5
qwen3_8b,ToTPlainLLM,58,qwen3:8b,0.5,3,0.5,0.5,0.5
qwen3_8b,ToTPlainLLM,59,qwen3:8b,0.5,3,0.5,0.5,0.5
qwen3_8b,ToTPlainLLM,60,qwen3:8b,0.5,3,0.5,0.5,0.5
qwen3_8b,ToTPlainLLM,61,qwen3:8b,0.5,3,0.5,0.5,0.5
qwen3_8b,ToTPlainLLM,62,qwen3:8b,0.5,3,0.5,0.5,0.5
qwen3_8b,ToTPlainLLM,63,qwen3:8b,0.5,3,0.5,0.5,0.5
qwen3_8b,ToTPlainLLM,64,qwen3:8b,0.5,3,0.5,0.5,0.5
qwen3_8b,ToTPlainLLM,65,qwen3:8b,0.5,3,0.5,0.5,0.5
qwen3_8b,ToTPlainLLM,66,qwen3:8b,0.3333333333333333,3,0.5,0.0,0.5
phi4_14b,GoTSelfCorrectionRAG,0,deepseek-coder:6.7b,0.6669999999999999,3,1.0,1.0,0.001
phi4_14b,GoTSelfCorrectionRAG,1,deepseek-coder:6.7b,1.0,3,1.0,1.0,1.0
phi4_14b,GoTSelfCorrectionRAG,2,deepseek-coder:6.7b,0.8333333333333334,3,1.0,1.0,0.5
phi4_14b,GoTSelfCorrectionRAG,3,deepseek-coder:6.7b,1.0,3,1.0,1.0,1.0
phi4_14b,GoTSelfCorrectionRAG,4,deepseek-coder:6.7b,0.6749999999999999,3,1.0,0.025,1.0
phi4_14b,GoTSelfCorrectionRAG,5,deepseek-coder:6.7b,0.75,3,0.75,1.0,0.5
phi4_14b,GoTSelfCorrectionRAG,6,deepseek-coder:6.7b,0.8333333333333334,3,1.0,0.5,1.0
phi4_14b,GoTSelfCorrectionRAG,7,deepseek-coder:6.7b,0.9333333333333332,3,1.0,1.0,0.8
phi4_14b,GoTSelfCorrectionRAG,8,deepseek-coder:6.7b,0.7999999999999999,3,0.5,0.9,1.0
phi4_14b,GoTSelfCorrectionRAG,9,deepseek-coder:6.7b,0.89,3,0.67,1.0,1.0
phi4_14b,GoTSelfCorrectionRAG,10,deepseek-coder:6.7b,0.6666666666666666,3,0.0,1.0,1.0
phi4_14b,GoTSelfCorrectionRAG,11,deepseek-coder:6.7b,0.7333333333333334,3,0.8,1.0,0.4
phi4_14b,GoTSelfCorrectionRAG,12,deepseek-coder:6.7b,0.9333333333333332,3,1.0,1.0,0.8
phi4_14b,GoTSelfCorrectionRAG,13,deepseek-coder:6.7b,1.0,3,1.0,1.0,1.0
phi4_14b,GoTSelfCorrectionRAG,14,deepseek-coder:6.7b,0.9166666666666666,3,0.75,1.0,1.0
phi4_14b,GoTSelfCorrectionRAG,15,deepseek-coder:6.7b,1.0,3,1.0,1.0,1.0
phi4_14b,GoTSelfCorrectionRAG,16,deepseek-coder:6.7b,0.5833333333333334,3,0.75,0.5,0.5
phi4_14b,GoTSelfCorrectionRAG,17,deepseek-coder:6.7b,0.9166666666666666,3,1.0,1.0,0.75
phi4_14b,GoTSelfCorrectionRAG,18,deepseek-coder:6.7b,0.6766666666666666,3,0.03,1.0,1.0
phi4_14b,GoTSelfCorrectionRAG,19,deepseek-coder:6.7b,0.5,3,0.0,0.5,1.0
phi4_14b,GoTSelfCorrectionRAG,20,deepseek-coder:6.7b,0.5,3,1.0,0.0,0.5
phi4_14b,GoTSelfCorrectionRAG,21,deepseek-coder:6.7b,0.7916666666666666,3,0.5,1.0,0.875
phi4_14b,GoTSelfCorrectionRAG,22,deepseek-coder:6.7b,0.8333333333333334,3,0.5,1.0,1.0
phi4_14b,GoTSelfCorrectionRAG,23,deepseek-coder:6.7b,0.6666666666666666,3,0.0,1.0,1.0
phi4_14b,GoTSelfCorrectionRAG,24,deepseek-coder:6.7b,1.0,3,1.0,1.0,1.0
phi4_14b,GoTSelfCorrectionRAG,25,deepseek-coder:6.7b,0.9583333333333334,3,1.0,1.0,0.875
phi4_14b,GoTSelfCorrectionRAG,26,deepseek-coder:6.7b,1.0,3,1.0,1.0,1.0
phi4_14b,GoTSelfCorrectionRAG,27,deepseek-coder:6.7b,1.0,3,1.0,1.0,1.0
phi4_14b,GoTSelfCorrectionRAG,28,deepseek-coder:6.7b,0.95,3,0.85,1.0,1.0
phi4_14b,GoTSelfCorrectionRAG,29,deepseek-coder:6.7b,0.8333333333333334,3,1.0,1.0,0.5
phi4_14b,GoTSelfCorrectionRAG,30,deepseek-coder:6.7b,0.7222222222222222,3,0.6666666666666666,1.0,0.5
phi4_14b,GoTSelfCorrectionRAG,31,deepseek-coder:6.7b,0.5,3,1.0,0.0,0.5
phi4_14b,GoTSelfCorrectionRAG,32,deepseek-coder:6.7b,0.5,3,0.0,0.5,1.0
phi4_14b,GoTSelfCorrectionRAG,33,deepseek-coder:6.7b,1.0,3,1.0,1.0,1.0
phi4_14b,GoTSelfCorrectionRAG,34,deepseek-coder:6.7b,0.6666666666666666,3,0.5,1.0,0.5
phi4_14b,GoTSelfCorrectionRAG,35,deepseek-coder:6.7b,0.3366666666666666,3,0.5,0.5,0.01
phi4_14b,GoTSelfCorrectionRAG,36,deepseek-coder:6.7b,1.0,3,1.0,1.0,1.0
phi4_14b,GoTSelfCorrectionRAG,37,deepseek-coder:6.7b,1.0,3,1.0,1.0,1.0
phi4_14b,GoTSelfCorrectionRAG,38,deepseek-coder:6.7b,0.6254444444444444,3,0.0433333333333333,1.0,0.833
phi4_14b,GoTSelfCorrectionRAG,39,deepseek-coder:6.7b,1.0,3,1.0,1.0,1.0
phi4_14b,GoTSelfCorrectionRAG,40,deepseek-coder:6.7b,0.8333333333333334,3,0.5,1.0,1.0
phi4_14b,GoTSelfCorrectionRAG,41,deepseek-coder:6.7b,1.0,3,1.0,1.0,1.0
phi4_14b,GoTSelfCorrectionRAG,42,deepseek-coder:6.7b,1.0,3,1.0,1.0,1.0
phi4_14b,GoTSelfCorrectionRAG,43,deepseek-coder:6.7b,0.6666666666666666,3,0.0,1.0,1.0
phi4_14b,GoTSelfCorrectionRAG,44,deepseek-coder:6.7b,0.5622222222222222,3,1.0,0.02,0.6666666666666666
phi4_14b,GoTSelfCorrectionRAG,45,deepseek-coder:6.7b,0.625,3,0.0,1.0,0.875
phi4_14b,GoTSelfCorrectionRAG,46,deepseek-coder:6.7b,1.0,3,1.0,1.0,1.0
phi4_14b,GoTSelfCorrectionRAG,47,deepseek-coder:6.7b,0.8333333333333334,3,1.0,0.5,1.0
phi4_14b,GoTSelfCorrectionRAG,48,deepseek-coder:6.7b,1.0,3,1.0,1.0,1.0
phi4_14b,GoTSelfCorrectionRAG,49,deepseek-coder:6.7b,0.875,3,0.625,1.0,1.0
phi4_14b,GoTSelfCorrectionRAG,50,deepseek-coder:6.7b,1.0,3,1.0,1.0,1.0
phi4_14b,GoTSelfCorrectionRAG,51,deepseek-coder:6.7b,0.7833333333333333,3,0.85,0.5,1.0
phi4_14b,GoTSelfCorrectionRAG,52,deepseek-coder:6.7b,0.6266666666666666,3,0.7,0.68,0.5
phi4_14b,GoTSelfCorrectionRAG,53,deepseek-coder:6.7b,1.0,3,1.0,1.0,1.0
phi4_14b,GoTSelfCorrectionRAG,54,deepseek-coder:6.7b,0.6666666666666666,3,0.0,1.0,1.0
phi4_14b,GoTSelfCorrectionRAG,55,deepseek-coder:6.7b,0.5,3,1.0,0.5,0.0
phi4_14b,GoTSelfCorrectionRAG,56,deepseek-coder:6.7b,0.75,3,0.5,0.75,1.0
phi4_14b,GoTSelfCorrectionRAG,57,deepseek-coder:6.7b,0.8666666666666667,3,0.85,1.0,0.75
phi4_14b,GoTSelfCorrectionRAG,58,deepseek-coder:6.7b,0.9166666666666666,3,1.0,1.0,0.75
phi4_14b,GoTSelfCorrectionRAG,59,deepseek-coder:6.7b,0.9333333333333332,3,1.0,0.9,0.9
phi4_14b,GoTSelfCorrectionRAG,60,deepseek-coder:6.7b,0.8333333333333334,3,1.0,0.5,1.0
phi4_14b,GoTSelfCorrectionRAG,61,deepseek-coder:6.7b,0.6666666666666666,3,0.0,1.0,1.0
phi4_14b,GoTSelfCorrectionRAG,62,deepseek-coder:6.7b,1.0,3,1.0,1.0,1.0
phi4_14b,GoTSelfCorrectionRAG,63,deepseek-coder:6.7b,1.0,3,1.0,1.0,1.0
phi4_14b,GoTSelfCorrectionRAG,64,deepseek-coder:6.7b,0.6133333333333334,3,0.75,1.0,0.09
phi4_14b,GoTSelfCorrectionRAG,65,deepseek-coder:6.7b,0.9666666666666668,3,1.0,1.0,0.9
phi4_14b,GoTSelfCorrectionRAG,66,deepseek-coder:6.7b,1.0,3,1.0,1.0,1.0
llama3_2_latest,PlainLLM,0,deepseek-coder:6.7b,0.0006666666666666,3,0.0,0.001,0.001
llama3_2_latest,PlainLLM,1,deepseek-coder:6.7b,0.3333333333333333,3,0.5,0.0,0.5
llama3_2_latest,PlainLLM,2,deepseek-coder:6.7b,0.8333333333333334,3,0.5,1.0,1.0
llama3_2_latest,PlainLLM,3,deepseek-coder:6.7b,0.5,3,0.5,0.5,0.5
llama3_2_latest,PlainLLM,4,deepseek-coder:6.7b,1.0,3,1.0,1.0,1.0
llama3_2_latest,PlainLLM,5,deepseek-coder:6.7b,0.6333333333333333,3,0.5,0.9,0.5
llama3_2_latest,PlainLLM,6,deepseek-coder:6.7b,0.8333333333333334,3,0.5,1.0,1.0
llama3_2_latest,PlainLLM,7,deepseek-coder:6.7b,0.8053333333333333,3,1.0,0.416,1.0
llama3_2_latest,PlainLLM,8,deepseek-coder:6.7b,0.8333333333333334,3,1.0,1.0,0.5
llama3_2_latest,PlainLLM,9,deepseek-coder:6.7b,0.8333333333333334,3,1.0,0.5,1.0
llama3_2_latest,PlainLLM,10,deepseek-coder:6.7b,0.5812499999999999,3,0.8,0.5,0.44375
llama3_2_latest,PlainLLM,11,deepseek-coder:6.7b,1.0,3,1.0,1.0,1.0
llama3_2_latest,PlainLLM,12,deepseek-coder:6.7b,0.6749999999999999,3,1.0,0.025,1.0
llama3_2_latest,PlainLLM,13,deepseek-coder:6.7b,1.0,3,1.0,1.0,1.0
llama3_2_latest,PlainLLM,14,deepseek-coder:6.7b,0.7777777777777778,3,0.5,1.0,0.8333333333333334
llama3_2_latest,PlainLLM,15,deepseek-coder:6.7b,0.75,3,1.0,0.75,0.5
llama3_2_latest,PlainLLM,16,deepseek-coder:6.7b,0.5833333333333334,3,0.75,0.5,0.5
llama3_2_latest,PlainLLM,17,deepseek-coder:6.7b,1.0,3,1.0,1.0,1.0
llama3_2_latest,PlainLLM,18,deepseek-coder:6.7b,0.6666666666666666,3,0.5,0.5,1.0
llama3_2_latest,PlainLLM,19,deepseek-coder:6.7b,0.4444444444444444,3,0.3333333333333333,0.0,1.0
llama3_2_latest,PlainLLM,20,deepseek-coder:6.7b,0.9166666666666666,3,1.0,0.75,1.0
llama3_2_latest,PlainLLM,21,deepseek-coder:6.7b,1.0,3,1.0,1.0,1.0
llama3_2_latest,PlainLLM,22,deepseek-coder:6.7b,1.0,3,1.0,1.0,1.0
llama3_2_latest,PlainLLM,23,deepseek-coder:6.7b,0.8889999999999999,3,1.0,0.667,1.0
llama3_2_latest,PlainLLM,24,deepseek-coder:6.7b,0.9166666666666666,3,1.0,1.0,0.75
llama3_2_latest,PlainLLM,25,deepseek-coder:6.7b,0.75,3,0.5,0.75,1.0
llama3_2_latest,PlainLLM,26,deepseek-coder:6.7b,0.3333333333333333,3,0.5,0.5,0.0
llama3_2_latest,PlainLLM,27,deepseek-coder:6.7b,0.6666666666666666,3,0.5,1.0,0.5
llama3_2_latest,PlainLLM,28,deepseek-coder:6.7b,0.2833333333333333,3,0.85,0.0,0.0
llama3_2_latest,PlainLLM,29,deepseek-coder:6.7b,0.8166666666666668,3,1.0,0.75,0.7
llama3_2_latest,PlainLLM,30,deepseek-coder:6.7b,0.5833333333333334,3,0.75,0.5,0.5
llama3_2_latest,PlainLLM,31,deepseek-coder:6.7b,0.3333333333333333,3,0.0,0.0,1.0
llama3_2_latest,PlainLLM,32,deepseek-coder:6.7b,0.2833333333333333,3,0.1,0.75,0.0
llama3_2_latest,PlainLLM,33,deepseek-coder:6.7b,0.0,3,0.0,0.0,0.0
llama3_2_latest,PlainLLM,34,deepseek-coder:6.7b,0.8055555555555555,3,0.6666666666666666,0.75,1.0
llama3_2_latest,PlainLLM,35,deepseek-coder:6.7b,0.6699999999999999,3,0.01,1.0,1.0
llama3_2_latest,PlainLLM,36,deepseek-coder:6.7b,0.2113333333333333,3,0.01,0.024,0.6
llama3_2_latest,PlainLLM,37,deepseek-coder:6.7b,0.3333333333333333,3,1.0,0.0,0.0
llama3_2_latest,PlainLLM,38,deepseek-coder:6.7b,0.8333333333333334,3,1.0,1.0,0.5
llama3_2_latest,PlainLLM,39,deepseek-coder:6.7b,0.9433333333333334,3,1.0,1.0,0.83
llama3_2_latest,PlainLLM,40,deepseek-coder:6.7b,0.9166666666666666,3,0.75,1.0,1.0
llama3_2_latest,PlainLLM,41,deepseek-coder:6.7b,0.5,3,0.5,0.0,1.0
llama3_2_latest,PlainLLM,42,deepseek-coder:6.7b,0.6183333333333333,3,0.83,0.025,1.0
llama3_2_latest,PlainLLM,43,deepseek-coder:6.7b,0.5833333333333334,3,1.0,0.75,0.0
llama3_2_latest,PlainLLM,44,deepseek-coder:6.7b,0.1666666666666666,3,0.0,0.0,0.5
llama3_2_latest,PlainLLM,45,deepseek-coder:6.7b,0.3333333333333333,3,0.0,0.0,1.0
llama3_2_latest,PlainLLM,46,deepseek-coder:6.7b,0.7833333333333333,3,0.5,0.85,1.0
llama3_2_latest,PlainLLM,47,deepseek-coder:6.7b,0.75,3,1.0,0.5,0.75
llama3_2_latest,PlainLLM,48,deepseek-coder:6.7b,0.5,3,0.0,0.5,1.0
llama3_2_latest,PlainLLM,49,deepseek-coder:6.7b,1.0,3,1.0,1.0,1.0
llama3_2_latest,PlainLLM,50,deepseek-coder:6.7b,0.6669999999999999,3,0.001,1.0,1.0
llama3_2_latest,PlainLLM,51,deepseek-coder:6.7b,0.9,3,1.0,1.0,0.7
llama3_2_latest,PlainLLM,52,deepseek-coder:6.7b,0.8333333333333334,3,1.0,1.0,0.5
llama3_2_latest,PlainLLM,53,deepseek-coder:6.7b,0.69,3,1.0,0.07,1.0
llama3_2_latest,PlainLLM,54,deepseek-coder:6.7b,0.8333333333333334,3,1.0,0.5,1.0
llama3_2_latest,PlainLLM,55,deepseek-coder:6.7b,0.5,3,0.5,0.0,1.0
llama3_2_latest,PlainLLM,56,deepseek-coder:6.7b,0.6666666666666666,3,0.5,0.5,1.0
llama3_2_latest,PlainLLM,57,deepseek-coder:6.7b,0.3333333333333333,3,0.0,1.0,0.0
llama3_2_latest,PlainLLM,58,deepseek-coder:6.7b,0.9433333333333334,3,1.0,0.83,1.0
llama3_2_latest,PlainLLM,59,deepseek-coder:6.7b,0.6666666666666666,3,1.0,1.0,0.0
llama3_2_latest,PlainLLM,60,deepseek-coder:6.7b,0.5666666666666667,3,1.0,0.0,0.7
llama3_2_latest,PlainLLM,61,deepseek-coder:6.7b,0.3333333333333333,3,1.0,0.0,0.0
llama3_2_latest,PlainLLM,62,deepseek-coder:6.7b,0.3333333333333333,3,0.0,0.0,1.0
llama3_2_latest,PlainLLM,63,deepseek-coder:6.7b,0.7666666666666666,3,0.8,0.5,1.0
llama3_2_latest,PlainLLM,64,deepseek-coder:6.7b,0.3899999999999999,3,0.67,0.5,0.0
llama3_2_latest,PlainLLM,65,deepseek-coder:6.7b,0.5,3,0.0,0.5,1.0
llama3_2_latest,PlainLLM,66,deepseek-coder:6.7b,0.3333333333333333,3,0.0,0.5,0.5
llama3_2_latest,CoTRAG,0,deepseek-coder:6.7b,0.5003333333333333,3,0.001,0.5,1.0
llama3_2_latest,CoTRAG,1,deepseek-coder:6.7b,0.6666666666666666,3,1.0,0.5,0.5
llama3_2_latest,CoTRAG,2,deepseek-coder:6.7b,0.9166666666666666,3,1.0,1.0,0.75
llama3_2_latest,CoTRAG,3,deepseek-coder:6.7b,0.9666666666666668,3,1.0,0.9,1.0
llama3_2_latest,CoTRAG,4,deepseek-coder:6.7b,0.8766666666666666,3,0.63,1.0,1.0
llama3_2_latest,CoTRAG,5,deepseek-coder:6.7b,0.75,3,0.65,1.0,0.6
llama3_2_latest,CoTRAG,6,deepseek-coder:6.7b,1.0,3,1.0,1.0,1.0
llama3_2_latest,CoTRAG,7,deepseek-coder:6.7b,0.6666666666666666,3,1.0,0.0,1.0
llama3_2_latest,CoTRAG,8,deepseek-coder:6.7b,0.65,3,0.5,0.95,0.5
llama3_2_latest,CoTRAG,9,deepseek-coder:6.7b,0.75,3,1.0,0.5,0.75
llama3_2_latest,CoTRAG,10,deepseek-coder:6.7b,0.8333333333333334,3,1.0,1.0,0.5
llama3_2_latest,CoTRAG,11,deepseek-coder:6.7b,1.0,3,1.0,1.0,1.0
llama3_2_latest,CoTRAG,12,deepseek-coder:6.7b,1.0,3,1.0,1.0,1.0
llama3_2_latest,CoTRAG,13,deepseek-coder:6.7b,0.3388666666666666,3,0.0,1.0,0.0166
llama3_2_latest,CoTRAG,14,deepseek-coder:6.7b,0.75,3,0.75,1.0,0.5
llama3_2_latest,CoTRAG,15,deepseek-coder:6.7b,0.8333333333333334,3,0.5,1.0,1.0
llama3_2_latest,CoTRAG,16,deepseek-coder:6.7b,0.6566666666666666,3,0.87,0.5,0.6
llama3_2_latest,CoTRAG,17,deepseek-coder:6.7b,0.8333333333333334,3,1.0,1.0,0.5
llama3_2_latest,CoTRAG,18,deepseek-coder:6.7b,0.8333333333333334,3,0.5,1.0,1.0
llama3_2_latest,CoTRAG,19,deepseek-coder:6.7b,0.3333333333333333,3,0.0,1.0,0.0
llama3_2_latest,CoTRAG,20,deepseek-coder:6.7b,0.8333333333333334,3,1.0,0.5,1.0
llama3_2_latest,CoTRAG,21,deepseek-coder:6.7b,0.6666666666666666,3,0.5,0.5,1.0
llama3_2_latest,CoTRAG,22,deepseek-coder:6.7b,0.6,3,0.8,0.5,0.5
llama3_2_latest,CoTRAG,23,deepseek-coder:6.7b,0.6666666666666666,3,0.5,0.5,1.0
llama3_2_latest,CoTRAG,24,deepseek-coder:6.7b,1.0,3,1.0,1.0,1.0
llama3_2_latest,CoTRAG,25,deepseek-coder:6.7b,0.9166666666666666,3,1.0,0.75,1.0
llama3_2_latest,CoTRAG,26,deepseek-coder:6.7b,0.64,3,1.0,0.5,0.42
llama3_2_latest,CoTRAG,27,deepseek-coder:6.7b,0.8723333333333333,3,0.667,0.95,1.0
llama3_2_latest,CoTRAG,28,deepseek-coder:6.7b,1.0,3,1.0,1.0,1.0
llama3_2_latest,CoTRAG,29,deepseek-coder:6.7b,0.8333333333333334,3,1.0,0.5,1.0
llama3_2_latest,CoTRAG,30,deepseek-coder:6.7b,0.7833333333333333,3,1.0,0.5,0.85
llama3_2_latest,CoTRAG,31,deepseek-coder:6.7b,0.5,3,1.0,0.0,0.5
llama3_2_latest,CoTRAG,32,deepseek-coder:6.7b,0.6666666666666666,3,1.0,0.0,1.0
llama3_2_latest,CoTRAG,33,deepseek-coder:6.7b,1.0,3,1.0,1.0,1.0
llama3_2_latest,CoTRAG,34,deepseek-coder:6.7b,0.73,3,0.94,0.75,0.5
llama3_2_latest,CoTRAG,35,deepseek-coder:6.7b,0.2563333333333333,3,0.75,0.019,0.0
llama3_2_latest,CoTRAG,36,deepseek-coder:6.7b,0.3366666666666666,3,0.5,0.5,0.01
llama3_2_latest,CoTRAG,37,deepseek-coder:6.7b,0.7083333333333334,3,1.0,0.625,0.5
llama3_2_latest,CoTRAG,38,deepseek-coder:6.7b,0.5,3,0.5,0.5,0.5
llama3_2_latest,CoTRAG,39,deepseek-coder:6.7b,0.7333333333333334,3,0.5,0.7,1.0
llama3_2_latest,CoTRAG,40,deepseek-coder:6.7b,1.0,3,1.0,1.0,1.0
llama3_2_latest,CoTRAG,41,deepseek-coder:6.7b,0.49,3,0.0,0.67,0.8
llama3_2_latest,CoTRAG,42,deepseek-coder:6.7b,0.6666666666666666,3,0.75,0.5,0.75
llama3_2_latest,CoTRAG,43,deepseek-coder:6.7b,0.75,3,0.75,0.5,1.0
llama3_2_latest,CoTRAG,44,deepseek-coder:6.7b,0.8333333333333334,3,1.0,1.0,0.5
llama3_2_latest,CoTRAG,45,deepseek-coder:6.7b,1.0,3,1.0,1.0,1.0
llama3_2_latest,CoTRAG,46,deepseek-coder:6.7b,0.5,3,0.0,1.0,0.5
llama3_2_latest,CoTRAG,47,deepseek-coder:6.7b,0.8333333333333334,3,0.75,0.75,1.0
llama3_2_latest,CoTRAG,48,deepseek-coder:6.7b,0.6666666666666666,3,0.5,0.5,1.0
llama3_2_latest,CoTRAG,49,deepseek-coder:6.7b,0.8333333333333334,3,1.0,1.0,0.5
llama3_2_latest,CoTRAG,50,deepseek-coder:6.7b,0.8333333333333334,3,1.0,1.0,0.5
llama3_2_latest,CoTRAG,51,deepseek-coder:6.7b,0.5833333333333334,3,0.25,1.0,0.5
llama3_2_latest,CoTRAG,52,deepseek-coder:6.7b,0.8333333333333334,3,1.0,0.5,1.0
llama3_2_latest,CoTRAG,53,deepseek-coder:6.7b,0.8333333333333334,3,1.0,0.5,1.0
llama3_2_latest,CoTRAG,54,deepseek-coder:6.7b,1.0,3,1.0,1.0,1.0
llama3_2_latest,CoTRAG,55,deepseek-coder:6.7b,0.3333333333333333,3,0.5,0.0,0.5
llama3_2_latest,CoTRAG,56,deepseek-coder:6.7b,0.2566666666666666,3,0.01,0.75,0.01
llama3_2_latest,CoTRAG,57,deepseek-coder:6.7b,0.75,3,0.5,1.0,0.75
llama3_2_latest,CoTRAG,58,deepseek-coder:6.7b,0.6666666666666666,3,0.5,0.5,1.0
llama3_2_latest,CoTRAG,59,deepseek-coder:6.7b,0.6666666666666666,3,0.0,1.0,1.0
llama3_2_latest,CoTRAG,60,deepseek-coder:6.7b,0.9433333333333334,3,0.83,1.0,1.0
llama3_2_latest,CoTRAG,61,deepseek-coder:6.7b,0.4266666666666667,3,0.0,1.0,0.28
llama3_2_latest,CoTRAG,62,deepseek-coder:6.7b,0.4166666666666667,3,0.5,0.75,0.0
llama3_2_latest,CoTRAG,63,deepseek-coder:6.7b,0.6666666666666666,3,1.0,0.5,0.5
llama3_2_latest,CoTRAG,64,deepseek-coder:6.7b,0.8333333333333334,3,1.0,1.0,0.5
llama3_2_latest,CoTRAG,65,deepseek-coder:6.7b,0.95,3,1.0,1.0,0.85
llama3_2_latest,CoTRAG,66,deepseek-coder:6.7b,0.9,3,1.0,1.0,0.7
qwen3_8b,SelfCorrectionRAG,0,deepseek-coder:6.7b,0.8333333333333334,3,1.0,0.5,1.0
qwen3_8b,SelfCorrectionRAG,1,deepseek-coder:6.7b,1.0,3,1.0,1.0,1.0
qwen3_8b,SelfCorrectionRAG,2,deepseek-coder:6.7b,0.89,3,1.0,1.0,0.67
qwen3_8b,SelfCorrectionRAG,3,deepseek-coder:6.7b,0.8333333333333334,3,0.5,1.0,1.0
qwen3_8b,SelfCorrectionRAG,4,deepseek-coder:6.7b,0.8333333333333334,3,0.5,1.0,1.0
qwen3_8b,SelfCorrectionRAG,5,deepseek-coder:6.7b,0.3333333333333333,3,0.0,0.5,0.5
qwen3_8b,SelfCorrectionRAG,6,deepseek-coder:6.7b,0.8333333333333334,3,1.0,0.5,1.0
qwen3_8b,SelfCorrectionRAG,7,deepseek-coder:6.7b,1.0,3,1.0,1.0,1.0
qwen3_8b,SelfCorrectionRAG,8,deepseek-coder:6.7b,0.9833333333333334,3,1.0,0.95,1.0
qwen3_8b,SelfCorrectionRAG,9,deepseek-coder:6.7b,0.8166666666666668,3,0.75,0.7,1.0
qwen3_8b,SelfCorrectionRAG,10,deepseek-coder:6.7b,1.0,3,1.0,1.0,1.0
qwen3_8b,SelfCorrectionRAG,11,deepseek-coder:6.7b,1.0,3,1.0,1.0,1.0
qwen3_8b,SelfCorrectionRAG,12,deepseek-coder:6.7b,0.8333333333333334,3,1.0,0.5,1.0
qwen3_8b,SelfCorrectionRAG,13,deepseek-coder:6.7b,0.8333333333333334,3,1.0,1.0,0.5
qwen3_8b,SelfCorrectionRAG,14,deepseek-coder:6.7b,0.85,3,0.8,1.0,0.75
qwen3_8b,SelfCorrectionRAG,15,deepseek-coder:6.7b,1.0,3,1.0,1.0,1.0
qwen3_8b,SelfCorrectionRAG,16,deepseek-coder:6.7b,0.7833333333333333,3,1.0,0.5,0.85
qwen3_8b,SelfCorrectionRAG,17,deepseek-coder:6.7b,0.9166666666666666,3,1.0,1.0,0.75
qwen3_8b,SelfCorrectionRAG,18,deepseek-coder:6.7b,1.0,3,1.0,1.0,1.0
qwen3_8b,SelfCorrectionRAG,19,deepseek-coder:6.7b,0.6666666666666666,3,0.5,1.0,0.5
qwen3_8b,SelfCorrectionRAG,20,deepseek-coder:6.7b,0.9666666666666668,3,0.9,1.0,1.0
qwen3_8b,SelfCorrectionRAG,21,deepseek-coder:6.7b,0.8333333333333334,3,0.5,1.0,1.0
qwen3_8b,SelfCorrectionRAG,22,deepseek-coder:6.7b,1.0,3,1.0,1.0,1.0
qwen3_8b,SelfCorrectionRAG,23,deepseek-coder:6.7b,0.7222222222222222,3,1.0,0.5,0.6666666666666666
qwen3_8b,SelfCorrectionRAG,24,deepseek-coder:6.7b,0.75,3,1.0,0.5,0.75
qwen3_8b,SelfCorrectionRAG,25,deepseek-coder:6.7b,1.0,3,1.0,1.0,1.0
qwen3_8b,SelfCorrectionRAG,26,deepseek-coder:6.7b,1.0,3,1.0,1.0,1.0
qwen3_8b,SelfCorrectionRAG,27,deepseek-coder:6.7b,0.8889999999999999,3,1.0,0.667,1.0
qwen3_8b,SelfCorrectionRAG,28,deepseek-coder:6.7b,0.8333333333333334,3,1.0,0.5,1.0
qwen3_8b,SelfCorrectionRAG,29,deepseek-coder:6.7b,1.0,3,1.0,1.0,1.0
qwen3_8b,SelfCorrectionRAG,30,deepseek-coder:6.7b,1.0,3,1.0,1.0,1.0
qwen3_8b,SelfCorrectionRAG,31,deepseek-coder:6.7b,0.8333333333333334,3,1.0,1.0,0.5
qwen3_8b,SelfCorrectionRAG,32,deepseek-coder:6.7b,1.0,3,1.0,1.0,1.0
qwen3_8b,SelfCorrectionRAG,33,deepseek-coder:6.7b,0.4166666666666667,3,0.5,0.0,0.75
qwen3_8b,SelfCorrectionRAG,34,deepseek-coder:6.7b,1.0,3,1.0,1.0,1.0
qwen3_8b,SelfCorrectionRAG,35,deepseek-coder:6.7b,1.0,3,1.0,1.0,1.0
qwen3_8b,SelfCorrectionRAG,36,deepseek-coder:6.7b,0.6666666666666666,3,1.0,0.0,1.0
qwen3_8b,SelfCorrectionRAG,37,deepseek-coder:6.7b,0.5616666666666666,3,0.015,0.67,1.0
qwen3_8b,SelfCorrectionRAG,38,deepseek-coder:6.7b,0.6533333333333333,3,1.0,0.96,0.0
qwen3_8b,SelfCorrectionRAG,39,deepseek-coder:6.7b,0.5,3,0.5,0.5,0.5
qwen3_8b,SelfCorrectionRAG,40,deepseek-coder:6.7b,0.5,3,0.5,0.0,1.0
qwen3_8b,SelfCorrectionRAG,41,deepseek-coder:6.7b,1.0,3,1.0,1.0,1.0
qwen3_8b,SelfCorrectionRAG,42,deepseek-coder:6.7b,1.0,3,1.0,1.0,1.0
qwen3_8b,SelfCorrectionRAG,43,deepseek-coder:6.7b,1.0,3,1.0,1.0,1.0
qwen3_8b,SelfCorrectionRAG,44,deepseek-coder:6.7b,0.8333333333333334,3,1.0,1.0,0.5
qwen3_8b,SelfCorrectionRAG,45,deepseek-coder:6.7b,1.0,3,1.0,1.0,1.0
qwen3_8b,SelfCorrectionRAG,46,deepseek-coder:6.7b,0.7833333333333333,3,0.5,1.0,0.85
qwen3_8b,SelfCorrectionRAG,47,deepseek-coder:6.7b,0.6666666666666666,3,1.0,1.0,0.0
qwen3_8b,SelfCorrectionRAG,48,deepseek-coder:6.7b,0.5,3,1.0,0.5,0.0
qwen3_8b,SelfCorrectionRAG,49,deepseek-coder:6.7b,0.625,3,0.5,0.875,0.5
qwen3_8b,SelfCorrectionRAG,50,deepseek-coder:6.7b,0.8333333333333334,3,0.75,1.0,0.75
qwen3_8b,SelfCorrectionRAG,51,deepseek-coder:6.7b,0.6666666666666666,3,0.0,1.0,1.0
qwen3_8b,SelfCorrectionRAG,52,deepseek-coder:6.7b,1.0,3,1.0,1.0,1.0
qwen3_8b,SelfCorrectionRAG,53,deepseek-coder:6.7b,0.8333333333333334,3,1.0,1.0,0.5
qwen3_8b,SelfCorrectionRAG,54,deepseek-coder:6.7b,0.9666666666666668,3,1.0,0.95,0.95
qwen3_8b,SelfCorrectionRAG,55,deepseek-coder:6.7b,0.9533333333333333,3,0.86,1.0,1.0
qwen3_8b,SelfCorrectionRAG,56,deepseek-coder:6.7b,1.0,3,1.0,1.0,1.0
qwen3_8b,SelfCorrectionRAG,57,deepseek-coder:6.7b,0.65,3,0.45,1.0,0.5
qwen3_8b,SelfCorrectionRAG,58,deepseek-coder:6.7b,0.7222222222222222,3,1.0,0.5,0.6666666666666666
qwen3_8b,SelfCorrectionRAG,59,deepseek-coder:6.7b,1.0,3,1.0,1.0,1.0
qwen3_8b,SelfCorrectionRAG,60,deepseek-coder:6.7b,0.9766666666666668,3,1.0,0.93,1.0
qwen3_8b,SelfCorrectionRAG,61,deepseek-coder:6.7b,1.0,3,1.0,1.0,1.0
qwen3_8b,SelfCorrectionRAG,62,deepseek-coder:6.7b,0.75,3,0.75,0.5,1.0
qwen3_8b,SelfCorrectionRAG,63,deepseek-coder:6.7b,1.0,3,1.0,1.0,1.0
qwen3_8b,SelfCorrectionRAG,64,deepseek-coder:6.7b,1.0,3,1.0,1.0,1.0
qwen3_8b,SelfCorrectionRAG,65,deepseek-coder:6.7b,0.875,3,0.875,1.0,0.75
qwen3_8b,SelfCorrectionRAG,66,deepseek-coder:6.7b,0.8333333333333334,3,1.0,1.0,0.5
qwen3_8b,ToTSelfCorrectionRAG,0,qwen3:8b,0.5,3,0.5,0.5,0.5
qwen3_8b,ToTSelfCorrectionRAG,1,qwen3:8b,0.5,3,0.5,0.5,0.5
qwen3_8b,ToTSelfCorrectionRAG,2,qwen3:8b,0.1666666666666666,3,0.0,0.0,0.5
qwen3_8b,ToTSelfCorrectionRAG,3,qwen3:8b,0.5,3,0.5,0.5,0.5
qwen3_8b,ToTSelfCorrectionRAG,4,qwen3:8b,0.3333333333333333,3,0.5,0.0,0.5
qwen3_8b,ToTSelfCorrectionRAG,5,qwen3:8b,0.6666666666666666,3,0.5,0.5,1.0
qwen3_8b,ToTSelfCorrectionRAG,6,qwen3:8b,0.1666666666666666,3,0.5,0.0,0.0
qwen3_8b,ToTSelfCorrectionRAG,7,qwen3:8b,0.0,3,0.0,0.0,0.0
qwen3_8b,ToTSelfCorrectionRAG,8,qwen3:8b,0.3333333333333333,3,0.5,0.0,0.5
qwen3_8b,ToTSelfCorrectionRAG,9,qwen3:8b,0.1666666666666666,3,0.0,0.0,0.5
qwen3_8b,ToTSelfCorrectionRAG,10,qwen3:8b,0.5,3,0.5,0.5,0.5
qwen3_8b,ToTSelfCorrectionRAG,11,qwen3:8b,0.1666666666666666,3,0.5,0.0,0.0
qwen3_8b,ToTSelfCorrectionRAG,12,qwen3:8b,0.5,3,0.5,0.5,0.5
qwen3_8b,ToTSelfCorrectionRAG,13,qwen3:8b,0.5,3,0.5,0.5,0.5
qwen3_8b,ToTSelfCorrectionRAG,14,qwen3:8b,0.8333333333333334,3,1.0,1.0,0.5
qwen3_8b,ToTSelfCorrectionRAG,15,qwen3:8b,0.6666666666666666,3,0.5,1.0,0.5
qwen3_8b,ToTSelfCorrectionRAG,16,qwen3:8b,0.5,3,0.5,0.5,0.5
qwen3_8b,ToTSelfCorrectionRAG,17,qwen3:8b,0.5,3,0.5,0.5,0.5
qwen3_8b,ToTSelfCorrectionRAG,18,qwen3:8b,0.0,3,0.0,0.0,0.0
qwen3_8b,ToTSelfCorrectionRAG,19,qwen3:8b,0.5,3,0.5,0.5,0.5
qwen3_8b,ToTSelfCorrectionRAG,20,qwen3:8b,0.5,3,0.5,0.5,0.5
qwen3_8b,ToTSelfCorrectionRAG,21,qwen3:8b,0.5,3,0.5,0.5,0.5
qwen3_8b,ToTSelfCorrectionRAG,22,qwen3:8b,0.5,3,0.5,0.5,0.5
qwen3_8b,ToTSelfCorrectionRAG,23,qwen3:8b,0.5,3,0.5,0.5,0.5
qwen3_8b,ToTSelfCorrectionRAG,24,qwen3:8b,0.5,3,0.5,0.5,0.5
qwen3_8b,ToTSelfCorrectionRAG,25,qwen3:8b,0.5,3,0.5,0.5,0.5
qwen3_8b,ToTSelfCorrectionRAG,26,qwen3:8b,0.5,3,0.5,0.5,0.5
qwen3_8b,ToTSelfCorrectionRAG,27,qwen3:8b,0.5,3,0.5,0.5,0.5
qwen3_8b,ToTSelfCorrectionRAG,28,qwen3:8b,0.6666666666666666,3,0.5,0.5,1.0
qwen3_8b,ToTSelfCorrectionRAG,29,qwen3:8b,0.3333333333333333,3,0.0,0.5,0.5
qwen3_8b,ToTSelfCorrectionRAG,30,qwen3:8b,0.5,3,0.5,0.5,0.5
qwen3_8b,ToTSelfCorrectionRAG,31,qwen3:8b,0.1666666666666666,3,0.5,0.0,0.0
qwen3_8b,ToTSelfCorrectionRAG,32,qwen3:8b,0.3333333333333333,3,0.5,0.5,0.0
qwen3_8b,ToTSelfCorrectionRAG,33,qwen3:8b,0.5,3,0.5,0.5,0.5
qwen3_8b,ToTSelfCorrectionRAG,34,qwen3:8b,0.5,3,0.5,0.5,0.5
qwen3_8b,ToTSelfCorrectionRAG,35,qwen3:8b,0.3333333333333333,3,0.0,0.5,0.5
qwen3_8b,ToTSelfCorrectionRAG,36,qwen3:8b,0.5,3,0.5,0.5,0.5
qwen3_8b,ToTSelfCorrectionRAG,37,qwen3:8b,0.5,3,0.5,0.5,0.5
qwen3_8b,ToTSelfCorrectionRAG,38,qwen3:8b,0.5,3,0.5,0.5,0.5
qwen3_8b,ToTSelfCorrectionRAG,39,qwen3:8b,0.5,3,0.5,0.5,0.5
qwen3_8b,ToTSelfCorrectionRAG,40,qwen3:8b,0.5,3,0.5,0.5,0.5
qwen3_8b,ToTSelfCorrectionRAG,41,qwen3:8b,0.6666666666666666,3,1.0,0.5,0.5
qwen3_8b,ToTSelfCorrectionRAG,42,qwen3:8b,0.5,3,0.5,0.5,0.5
qwen3_8b,ToTSelfCorrectionRAG,43,qwen3:8b,0.3333333333333333,3,0.5,0.5,0.0
qwen3_8b,ToTSelfCorrectionRAG,44,qwen3:8b,0.5,3,0.5,0.5,0.5
qwen3_8b,ToTSelfCorrectionRAG,45,qwen3:8b,0.8333333333333334,3,1.0,0.5,1.0
qwen3_8b,ToTSelfCorrectionRAG,46,qwen3:8b,0.5,3,0.5,0.5,0.5
qwen3_8b,ToTSelfCorrectionRAG,47,qwen3:8b,0.1666666666666666,3,0.0,0.5,0.0
qwen3_8b,ToTSelfCorrectionRAG,48,qwen3:8b,0.5,3,0.5,0.5,0.5
qwen3_8b,ToTSelfCorrectionRAG,49,qwen3:8b,0.3333333333333333,3,0.0,0.5,0.5
qwen3_8b,ToTSelfCorrectionRAG,50,qwen3:8b,0.3333333333333333,3,0.5,0.5,0.0
qwen3_8b,ToTSelfCorrectionRAG,51,qwen3:8b,0.3333333333333333,3,0.5,0.5,0.0
qwen3_8b,ToTSelfCorrectionRAG,52,qwen3:8b,0.5,3,0.5,0.5,0.5
qwen3_8b,ToTSelfCorrectionRAG,53,qwen3:8b,0.5,3,0.5,0.5,0.5
qwen3_8b,ToTSelfCorrectionRAG,54,qwen3:8b,0.5,3,0.5,0.5,0.5
qwen3_8b,ToTSelfCorrectionRAG,55,qwen3:8b,0.1666666666666666,3,0.0,0.5,0.0
qwen3_8b,ToTSelfCorrectionRAG,56,qwen3:8b,0.5,3,0.5,0.5,0.5
qwen3_8b,ToTSelfCorrectionRAG,57,qwen3:8b,0.3333333333333333,3,0.5,0.0,0.5
qwen3_8b,ToTSelfCorrectionRAG,58,qwen3:8b,0.5,3,0.5,0.5,0.5
qwen3_8b,ToTSelfCorrectionRAG,59,qwen3:8b,0.5,3,0.5,0.5,0.5
qwen3_8b,ToTSelfCorrectionRAG,60,qwen3:8b,0.5,3,0.5,0.5,0.5
qwen3_8b,ToTSelfCorrectionRAG,61,qwen3:8b,0.8333333333333334,3,1.0,0.5,1.0
qwen3_8b,ToTSelfCorrectionRAG,62,qwen3:8b,0.5,3,0.5,0.5,0.5
qwen3_8b,ToTSelfCorrectionRAG,63,qwen3:8b,0.5,3,0.5,0.5,0.5
qwen3_8b,ToTSelfCorrectionRAG,64,qwen3:8b,0.5,3,0.5,0.5,0.5
qwen3_8b,ToTSelfCorrectionRAG,65,qwen3:8b,0.5,3,0.5,0.5,0.5
qwen3_8b,ToTSelfCorrectionRAG,66,qwen3:8b,0.5,3,0.5,0.5,0.5
llama3_2_latest,ToTSelfCorrectionRAG,0,deepseek-coder:6.7b,1.0,3,1.0,1.0,1.0
llama3_2_latest,ToTSelfCorrectionRAG,1,deepseek-coder:6.7b,0.7083333333333334,3,1.0,0.625,0.5
llama3_2_latest,ToTSelfCorrectionRAG,2,deepseek-coder:6.7b,0.8333333333333334,3,0.5,1.0,1.0
llama3_2_latest,ToTSelfCorrectionRAG,3,deepseek-coder:6.7b,0.6666666666666666,3,1.0,0.5,0.5
llama3_2_latest,ToTSelfCorrectionRAG,4,deepseek-coder:6.7b,0.4333333333333333,3,0.5,0.75,0.05
llama3_2_latest,ToTSelfCorrectionRAG,5,deepseek-coder:6.7b,0.6666666666666666,3,0.5,0.5,1.0
llama3_2_latest,ToTSelfCorrectionRAG,6,deepseek-coder:6.7b,0.9166666666666666,3,1.0,0.75,1.0
llama3_2_latest,ToTSelfCorrectionRAG,7,deepseek-coder:6.7b,0.8333333333333334,3,1.0,1.0,0.5
llama3_2_latest,ToTSelfCorrectionRAG,8,deepseek-coder:6.7b,1.0,3,1.0,1.0,1.0
llama3_2_latest,ToTSelfCorrectionRAG,9,deepseek-coder:6.7b,1.0,3,1.0,1.0,1.0
llama3_2_latest,ToTSelfCorrectionRAG,10,deepseek-coder:6.7b,0.75,3,1.0,0.75,0.5
llama3_2_latest,ToTSelfCorrectionRAG,11,deepseek-coder:6.7b,0.8333333333333334,3,1.0,1.0,0.5
llama3_2_latest,ToTSelfCorrectionRAG,12,deepseek-coder:6.7b,0.7000000000000001,3,0.75,0.85,0.5
llama3_2_latest,ToTSelfCorrectionRAG,13,deepseek-coder:6.7b,0.3333333333333333,3,1.0,0.0,0.0
llama3_2_latest,ToTSelfCorrectionRAG,14,deepseek-coder:6.7b,0.3333333333333333,3,0.0,1.0,0.0
llama3_2_latest,ToTSelfCorrectionRAG,15,deepseek-coder:6.7b,0.8333333333333334,3,1.0,1.0,0.5
llama3_2_latest,ToTSelfCorrectionRAG,16,deepseek-coder:6.7b,0.3333333333333333,3,1.0,0.0,0.0
llama3_2_latest,ToTSelfCorrectionRAG,17,deepseek-coder:6.7b,0.9166666666666666,3,1.0,0.75,1.0
llama3_2_latest,ToTSelfCorrectionRAG,18,deepseek-coder:6.7b,0.61,3,0.5,1.0,0.33
llama3_2_latest,ToTSelfCorrectionRAG,19,deepseek-coder:6.7b,0.6666666666666666,3,1.0,0.5,0.5
llama3_2_latest,ToTSelfCorrectionRAG,20,deepseek-coder:6.7b,0.45,3,0.5,0.85,0.0
llama3_2_latest,ToTSelfCorrectionRAG,21,deepseek-coder:6.7b,0.6669999999999999,3,1.0,1.0,0.001
llama3_2_latest,ToTSelfCorrectionRAG,22,deepseek-coder:6.7b,0.3333333333333333,3,0.0,1.0,0.0
llama3_2_latest,ToTSelfCorrectionRAG,23,deepseek-coder:6.7b,1.0,3,1.0,1.0,1.0
llama3_2_latest,ToTSelfCorrectionRAG,24,deepseek-coder:6.7b,0.8333333333333334,3,1.0,1.0,0.5
llama3_2_latest,ToTSelfCorrectionRAG,25,deepseek-coder:6.7b,0.4666666666666666,3,0.9,0.5,0.0
llama3_2_latest,ToTSelfCorrectionRAG,26,deepseek-coder:6.7b,1.0,3,1.0,1.0,1.0
llama3_2_latest,ToTSelfCorrectionRAG,27,deepseek-coder:6.7b,1.0,3,1.0,1.0,1.0
llama3_2_latest,ToTSelfCorrectionRAG,28,deepseek-coder:6.7b,0.9166666666666666,3,0.75,1.0,1.0
llama3_2_latest,ToTSelfCorrectionRAG,29,deepseek-coder:6.7b,0.3333333333333333,3,0.0,1.0,0.0
llama3_2_latest,ToTSelfCorrectionRAG,30,deepseek-coder:6.7b,0.9333333333333332,3,0.8,1.0,1.0
llama3_2_latest,ToTSelfCorrectionRAG,31,deepseek-coder:6.7b,0.5,3,0.5,0.0,1.0
llama3_2_latest,ToTSelfCorrectionRAG,32,deepseek-coder:6.7b,1.0,3,1.0,1.0,1.0
llama3_2_latest,ToTSelfCorrectionRAG,33,deepseek-coder:6.7b,0.2291666666666666,3,0.1875,0.5,0.0
llama3_2_latest,ToTSelfCorrectionRAG,34,deepseek-coder:6.7b,0.75,3,1.0,0.5,0.75
llama3_2_latest,ToTSelfCorrectionRAG,35,deepseek-coder:6.7b,0.6333333333333333,3,1.0,0.9,0.0
llama3_2_latest,ToTSelfCorrectionRAG,36,deepseek-coder:6.7b,0.6666666666666666,3,1.0,0.5,0.5
llama3_2_latest,ToTSelfCorrectionRAG,37,deepseek-coder:6.7b,0.7666666666666666,3,0.8,0.5,1.0
llama3_2_latest,ToTSelfCorrectionRAG,38,deepseek-coder:6.7b,1.0,3,1.0,1.0,1.0
llama3_2_latest,ToTSelfCorrectionRAG,39,deepseek-coder:6.7b,0.6733333333333333,3,0.02,1.0,1.0
llama3_2_latest,ToTSelfCorrectionRAG,40,deepseek-coder:6.7b,0.9166666666666666,3,0.75,1.0,1.0
llama3_2_latest,ToTSelfCorrectionRAG,41,deepseek-coder:6.7b,0.6666666666666666,3,1.0,0.0,1.0
llama3_2_latest,ToTSelfCorrectionRAG,42,deepseek-coder:6.7b,0.6933333333333334,3,0.83,0.5,0.75
llama3_2_latest,ToTSelfCorrectionRAG,43,deepseek-coder:6.7b,0.5833333333333334,3,0.0,0.75,1.0
llama3_2_latest,ToTSelfCorrectionRAG,44,deepseek-coder:6.7b,0.9166666666666666,3,1.0,1.0,0.75
llama3_2_latest,ToTSelfCorrectionRAG,45,deepseek-coder:6.7b,0.6666666666666666,3,1.0,0.0,1.0
llama3_2_latest,ToTSelfCorrectionRAG,46,deepseek-coder:6.7b,0.6666666666666666,3,0.5,1.0,0.5
llama3_2_latest,ToTSelfCorrectionRAG,47,deepseek-coder:6.7b,0.6666666666666666,3,0.0,1.0,1.0
llama3_2_latest,ToTSelfCorrectionRAG,48,deepseek-coder:6.7b,0.5,3,0.5,0.5,0.5
llama3_2_latest,ToTSelfCorrectionRAG,49,deepseek-coder:6.7b,0.9333333333333332,3,0.8,1.0,1.0
llama3_2_latest,ToTSelfCorrectionRAG,50,deepseek-coder:6.7b,0.8333333333333334,3,0.5,1.0,1.0
llama3_2_latest,ToTSelfCorrectionRAG,51,deepseek-coder:6.7b,1.0,3,1.0,1.0,1.0
llama3_2_latest,ToTSelfCorrectionRAG,52,deepseek-coder:6.7b,1.0,3,1.0,1.0,1.0
llama3_2_latest,ToTSelfCorrectionRAG,53,deepseek-coder:6.7b,1.0,3,1.0,1.0,1.0
llama3_2_latest,ToTSelfCorrectionRAG,54,deepseek-coder:6.7b,0.9166666666666666,3,0.75,1.0,1.0
llama3_2_latest,ToTSelfCorrectionRAG,55,deepseek-coder:6.7b,0.8333333333333334,3,1.0,0.5,1.0
llama3_2_latest,ToTSelfCorrectionRAG,56,deepseek-coder:6.7b,0.1733333333333333,3,0.01,0.01,0.5
llama3_2_latest,ToTSelfCorrectionRAG,57,deepseek-coder:6.7b,0.8333333333333334,3,0.5,1.0,1.0
llama3_2_latest,ToTSelfCorrectionRAG,58,deepseek-coder:6.7b,0.3333333333333333,3,0.5,0.0,0.5
llama3_2_latest,ToTSelfCorrectionRAG,59,deepseek-coder:6.7b,0.1666666666666666,3,0.0,0.0,0.5
llama3_2_latest,ToTSelfCorrectionRAG,60,deepseek-coder:6.7b,0.6666666666666666,3,0.5,1.0,0.5
llama3_2_latest,ToTSelfCorrectionRAG,61,deepseek-coder:6.7b,1.0,3,1.0,1.0,1.0
llama3_2_latest,ToTSelfCorrectionRAG,62,deepseek-coder:6.7b,0.6666666666666666,3,0.5,0.5,1.0
llama3_2_latest,ToTSelfCorrectionRAG,63,deepseek-coder:6.7b,0.8333333333333334,3,1.0,1.0,0.5
llama3_2_latest,ToTSelfCorrectionRAG,64,deepseek-coder:6.7b,0.9166666666666666,3,1.0,1.0,0.75
llama3_2_latest,ToTSelfCorrectionRAG,65,deepseek-coder:6.7b,0.6666666666666666,3,1.0,1.0,0.0
llama3_2_latest,ToTSelfCorrectionRAG,66,deepseek-coder:6.7b,0.6666666666666666,3,1.0,0.5,0.5
llama3_2_latest,ToTPlainLLM,0,deepseek-coder:6.7b,0.75,3,1.0,0.5,0.75
llama3_2_latest,ToTPlainLLM,1,deepseek-coder:6.7b,0.8250000000000001,3,0.875,0.6,1.0
llama3_2_latest,ToTPlainLLM,2,deepseek-coder:6.7b,0.9666666666666668,3,1.0,1.0,0.9
llama3_2_latest,ToTPlainLLM,3,deepseek-coder:6.7b,0.4833333333333333,3,0.5,0.95,0.0
llama3_2_latest,ToTPlainLLM,4,deepseek-coder:6.7b,0.8333333333333334,3,0.5,1.0,1.0
llama3_2_latest,ToTPlainLLM,5,deepseek-coder:6.7b,0.5,3,1.0,0.0,0.5
llama3_2_latest,ToTPlainLLM,6,deepseek-coder:6.7b,0.7233333333333333,3,1.0,0.5,0.67
llama3_2_latest,ToTPlainLLM,7,deepseek-coder:6.7b,0.8333333333333334,3,0.5,1.0,1.0
llama3_2_latest,ToTPlainLLM,8,deepseek-coder:6.7b,0.666025641025641,3,0.075,0.923076923076923,1.0
llama3_2_latest,ToTPlainLLM,9,deepseek-coder:6.7b,0.6666666666666666,3,0.0,1.0,1.0
llama3_2_latest,ToTPlainLLM,10,deepseek-coder:6.7b,0.6666666666666666,3,0.5,1.0,0.5
llama3_2_latest,ToTPlainLLM,11,deepseek-coder:6.7b,1.0,3,1.0,1.0,1.0
llama3_2_latest,ToTPlainLLM,12,deepseek-coder:6.7b,1.0,3,1.0,1.0,1.0
llama3_2_latest,ToTPlainLLM,13,deepseek-coder:6.7b,0.5833333333333334,3,0.75,1.0,0.0
llama3_2_latest,ToTPlainLLM,14,deepseek-coder:6.7b,0.9333333333333332,3,1.0,1.0,0.8
llama3_2_latest,ToTPlainLLM,15,deepseek-coder:6.7b,0.8333333333333334,3,0.5,1.0,1.0
llama3_2_latest,ToTPlainLLM,16,deepseek-coder:6.7b,0.9,3,1.0,0.7,1.0
llama3_2_latest,ToTPlainLLM,17,deepseek-coder:6.7b,1.0,3,1.0,1.0,1.0
llama3_2_latest,ToTPlainLLM,18,deepseek-coder:6.7b,0.9166666666666666,3,1.0,1.0,0.75
llama3_2_latest,ToTPlainLLM,19,deepseek-coder:6.7b,0.7766666666666667,3,0.83,0.5,1.0
llama3_2_latest,ToTPlainLLM,20,deepseek-coder:6.7b,0.5,3,0.0,0.5,1.0
llama3_2_latest,ToTPlainLLM,21,deepseek-coder:6.7b,0.95,3,1.0,1.0,0.85
llama3_2_latest,ToTPlainLLM,22,deepseek-coder:6.7b,0.8333333333333334,3,1.0,1.0,0.5
llama3_2_latest,ToTPlainLLM,23,deepseek-coder:6.7b,1.0,3,1.0,1.0,1.0
llama3_2_latest,ToTPlainLLM,24,deepseek-coder:6.7b,0.9166666666666666,3,1.0,0.75,1.0
llama3_2_latest,ToTPlainLLM,25,deepseek-coder:6.7b,0.8333333333333334,3,1.0,0.5,1.0
llama3_2_latest,ToTPlainLLM,26,deepseek-coder:6.7b,0.9333333333333332,3,1.0,1.0,0.8
llama3_2_latest,ToTPlainLLM,27,deepseek-coder:6.7b,0.75,3,0.75,1.0,0.5
llama3_2_latest,ToTPlainLLM,28,deepseek-coder:6.7b,0.9,3,0.7,1.0,1.0
llama3_2_latest,ToTPlainLLM,29,deepseek-coder:6.7b,0.8333333333333334,3,1.0,1.0,0.5
llama3_2_latest,ToTPlainLLM,30,deepseek-coder:6.7b,0.9166666666666666,3,1.0,0.75,1.0
llama3_2_latest,ToTPlainLLM,31,deepseek-coder:6.7b,0.8333333333333334,3,1.0,1.0,0.5
llama3_2_latest,ToTPlainLLM,32,deepseek-coder:6.7b,0.3333333333333333,3,1.0,0.0,0.0
llama3_2_latest,ToTPlainLLM,33,deepseek-coder:6.7b,0.6666666666666666,3,1.0,1.0,0.0
llama3_2_latest,ToTPlainLLM,34,deepseek-coder:6.7b,0.5416666666666666,3,0.0,0.625,1.0
llama3_2_latest,ToTPlainLLM,35,deepseek-coder:6.7b,0.34,3,1.0,0.01,0.01
llama3_2_latest,ToTPlainLLM,36,deepseek-coder:6.7b,0.8333333333333334,3,1.0,1.0,0.5
llama3_2_latest,ToTPlainLLM,37,deepseek-coder:6.7b,1.0,3,1.0,1.0,1.0
llama3_2_latest,ToTPlainLLM,38,deepseek-coder:6.7b,0.9833333333333334,3,0.95,1.0,1.0
llama3_2_latest,ToTPlainLLM,39,deepseek-coder:6.7b,0.9666666666666668,3,1.0,0.9,1.0
llama3_2_latest,ToTPlainLLM,40,deepseek-coder:6.7b,0.6666666666666666,3,0.5,1.0,0.5
llama3_2_latest,ToTPlainLLM,41,deepseek-coder:6.7b,0.8888888888888888,3,1.0,0.6666666666666666,1.0
llama3_2_latest,ToTPlainLLM,42,deepseek-coder:6.7b,0.6666666666666666,3,0.5,1.0,0.5
llama3_2_latest,ToTPlainLLM,43,deepseek-coder:6.7b,0.6,3,0.0,0.8,1.0
llama3_2_latest,ToTPlainLLM,44,deepseek-coder:6.7b,0.5833333333333334,3,0.75,0.0,1.0
llama3_2_latest,ToTPlainLLM,45,deepseek-coder:6.7b,0.6666666666666666,3,0.5,0.5,1.0
llama3_2_latest,ToTPlainLLM,46,deepseek-coder:6.7b,0.8333333333333334,3,1.0,1.0,0.5
llama3_2_latest,ToTPlainLLM,47,deepseek-coder:6.7b,0.8333333333333334,3,1.0,1.0,0.5
llama3_2_latest,ToTPlainLLM,48,deepseek-coder:6.7b,0.5883333333333333,3,1.0,0.75,0.015
llama3_2_latest,ToTPlainLLM,49,deepseek-coder:6.7b,0.8166666666666668,3,0.95,0.5,1.0
llama3_2_latest,ToTPlainLLM,50,deepseek-coder:6.7b,0.6669999999999999,3,1.0,0.001,1.0
llama3_2_latest,ToTPlainLLM,51,deepseek-coder:6.7b,0.75,3,1.0,0.75,0.5
llama3_2_latest,ToTPlainLLM,52,deepseek-coder:6.7b,0.8333333333333334,3,1.0,1.0,0.5
llama3_2_latest,ToTPlainLLM,53,deepseek-coder:6.7b,0.8333333333333334,3,1.0,1.0,0.5
llama3_2_latest,ToTPlainLLM,54,deepseek-coder:6.7b,1.0,3,1.0,1.0,1.0
llama3_2_latest,ToTPlainLLM,55,deepseek-coder:6.7b,0.8333333333333334,3,1.0,1.0,0.5
llama3_2_latest,ToTPlainLLM,56,deepseek-coder:6.7b,0.8333333333333334,3,1.0,1.0,0.5
llama3_2_latest,ToTPlainLLM,57,deepseek-coder:6.7b,0.9833333333333334,3,1.0,1.0,0.95
llama3_2_latest,ToTPlainLLM,58,deepseek-coder:6.7b,0.6666666666666666,3,1.0,0.0,1.0
llama3_2_latest,ToTPlainLLM,59,deepseek-coder:6.7b,0.8333333333333334,3,0.75,0.75,1.0
llama3_2_latest,ToTPlainLLM,60,deepseek-coder:6.7b,0.8333333333333334,3,1.0,0.5,1.0
llama3_2_latest,ToTPlainLLM,61,deepseek-coder:6.7b,0.9166666666666666,3,1.0,1.0,0.75
llama3_2_latest,ToTPlainLLM,62,deepseek-coder:6.7b,0.4166666666666667,3,0.5,0.75,0.0
llama3_2_latest,ToTPlainLLM,63,deepseek-coder:6.7b,0.6666666666666666,3,1.0,1.0,0.0
llama3_2_latest,ToTPlainLLM,64,deepseek-coder:6.7b,0.6166666666666667,3,1.0,0.0,0.85
llama3_2_latest,ToTPlainLLM,65,deepseek-coder:6.7b,0.9166666666666666,3,1.0,0.75,1.0
llama3_2_latest,ToTPlainLLM,66,deepseek-coder:6.7b,0.4166666666666667,3,0.5,0.75,0.0
llama3_2_latest,SimpleRAG,0,deepseek-coder:6.7b,0.95,3,0.85,1.0,1.0
llama3_2_latest,SimpleRAG,1,deepseek-coder:6.7b,1.0,3,1.0,1.0,1.0
llama3_2_latest,SimpleRAG,2,deepseek-coder:6.7b,0.8333333333333334,3,1.0,0.5,1.0
llama3_2_latest,SimpleRAG,3,deepseek-coder:6.7b,0.8333333333333334,3,0.5,1.0,1.0
llama3_2_latest,SimpleRAG,4,deepseek-coder:6.7b,0.8333333333333334,3,1.0,0.5,1.0
llama3_2_latest,SimpleRAG,5,deepseek-coder:6.7b,1.0,3,1.0,1.0,1.0
llama3_2_latest,SimpleRAG,6,deepseek-coder:6.7b,0.5833333333333334,3,0.75,0.5,0.5
llama3_2_latest,SimpleRAG,7,deepseek-coder:6.7b,0.8333333333333334,3,0.5,1.0,1.0
llama3_2_latest,SimpleRAG,8,deepseek-coder:6.7b,0.6333333333333333,3,0.5,0.9,0.5
llama3_2_latest,SimpleRAG,9,deepseek-coder:6.7b,1.0,3,1.0,1.0,1.0
llama3_2_latest,SimpleRAG,10,deepseek-coder:6.7b,0.9333333333333332,3,0.8,1.0,1.0
llama3_2_latest,SimpleRAG,11,deepseek-coder:6.7b,1.0,3,1.0,1.0,1.0
llama3_2_latest,SimpleRAG,12,deepseek-coder:6.7b,0.8333333333333334,3,1.0,0.5,1.0
llama3_2_latest,SimpleRAG,13,deepseek-coder:6.7b,0.6749999999999999,3,1.0,0.025,1.0
llama3_2_latest,SimpleRAG,14,deepseek-coder:6.7b,0.3333333333333333,3,1.0,0.0,0.0
llama3_2_latest,SimpleRAG,15,deepseek-coder:6.7b,0.5,3,0.5,0.5,0.5
llama3_2_latest,SimpleRAG,16,deepseek-coder:6.7b,0.7999999999999999,3,0.5,0.9,1.0
llama3_2_latest,SimpleRAG,17,deepseek-coder:6.7b,1.0,3,1.0,1.0,1.0
llama3_2_latest,SimpleRAG,18,deepseek-coder:6.7b,0.8333333333333334,3,0.5,1.0,1.0
llama3_2_latest,SimpleRAG,19,deepseek-coder:6.7b,0.79,3,0.67,0.95,0.75
llama3_2_latest,SimpleRAG,20,deepseek-coder:6.7b,0.8333333333333334,3,0.5,1.0,1.0
llama3_2_latest,SimpleRAG,21,deepseek-coder:6.7b,0.3333333333333333,3,0.0,1.0,0.0
llama3_2_latest,SimpleRAG,22,deepseek-coder:6.7b,0.6666666666666666,3,1.0,0.0,1.0
llama3_2_latest,SimpleRAG,23,deepseek-coder:6.7b,0.8333333333333334,3,0.5,1.0,1.0
llama3_2_latest,SimpleRAG,24,deepseek-coder:6.7b,0.6666666666666666,3,0.5,0.5,1.0
llama3_2_latest,SimpleRAG,25,deepseek-coder:6.7b,0.5,3,0.0,0.5,1.0
llama3_2_latest,SimpleRAG,26,deepseek-coder:6.7b,0.8333333333333334,3,1.0,0.5,1.0
llama3_2_latest,SimpleRAG,27,deepseek-coder:6.7b,1.0,3,1.0,1.0,1.0
llama3_2_latest,SimpleRAG,28,deepseek-coder:6.7b,0.6758333333333333,3,1.0,0.0275,1.0
llama3_2_latest,SimpleRAG,29,deepseek-coder:6.7b,1.0,3,1.0,1.0,1.0
llama3_2_latest,SimpleRAG,30,deepseek-coder:6.7b,0.9666666666666668,3,1.0,0.9,1.0
llama3_2_latest,SimpleRAG,31,deepseek-coder:6.7b,0.6666666666666666,3,1.0,1.0,0.0
llama3_2_latest,SimpleRAG,32,deepseek-coder:6.7b,0.7776666666666667,3,1.0,0.833,0.5
llama3_2_latest,SimpleRAG,33,deepseek-coder:6.7b,0.6666666666666666,3,1.0,0.5,0.5
llama3_2_latest,SimpleRAG,34,deepseek-coder:6.7b,0.8333333333333334,3,1.0,1.0,0.5
llama3_2_latest,SimpleRAG,35,deepseek-coder:6.7b,0.8333333333333334,3,1.0,0.5,1.0
llama3_2_latest,SimpleRAG,36,deepseek-coder:6.7b,0.4133333333333333,3,0.9,0.01,0.33
llama3_2_latest,SimpleRAG,37,deepseek-coder:6.7b,0.6666666666666666,3,1.0,0.5,0.5
llama3_2_latest,SimpleRAG,38,deepseek-coder:6.7b,0.7833333333333333,3,0.85,0.5,1.0
llama3_2_latest,SimpleRAG,39,deepseek-coder:6.7b,1.0,3,1.0,1.0,1.0
llama3_2_latest,SimpleRAG,40,deepseek-coder:6.7b,0.5,3,0.5,0.5,0.5
llama3_2_latest,SimpleRAG,41,deepseek-coder:6.7b,0.6,3,1.0,0.8,0.0
llama3_2_latest,SimpleRAG,42,deepseek-coder:6.7b,1.0,3,1.0,1.0,1.0
llama3_2_latest,SimpleRAG,43,deepseek-coder:6.7b,0.9666666666666668,3,0.9,1.0,1.0
llama3_2_latest,SimpleRAG,44,deepseek-coder:6.7b,0.8250000000000001,3,0.675,0.8,1.0
llama3_2_latest,SimpleRAG,45,deepseek-coder:6.7b,1.0,3,1.0,1.0,1.0
llama3_2_latest,SimpleRAG,46,deepseek-coder:6.7b,1.0,3,1.0,1.0,1.0
llama3_2_latest,SimpleRAG,47,deepseek-coder:6.7b,0.6666666666666666,3,1.0,1.0,0.0
llama3_2_latest,SimpleRAG,48,deepseek-coder:6.7b,0.7333333333333334,3,0.5,0.7,1.0
llama3_2_latest,SimpleRAG,49,deepseek-coder:6.7b,0.95,3,1.0,0.85,1.0
llama3_2_latest,SimpleRAG,50,deepseek-coder:6.7b,0.42,3,0.75,0.01,0.5
llama3_2_latest,SimpleRAG,51,deepseek-coder:6.7b,0.3166666666666666,3,0.0,0.0,0.95
llama3_2_latest,SimpleRAG,52,deepseek-coder:6.7b,1.0,3,1.0,1.0,1.0
llama3_2_latest,SimpleRAG,53,deepseek-coder:6.7b,0.8333333333333334,3,1.0,1.0,0.5
llama3_2_latest,SimpleRAG,54,deepseek-coder:6.7b,0.9333333333333332,3,1.0,1.0,0.8
llama3_2_latest,SimpleRAG,55,deepseek-coder:6.7b,0.3333333333333333,3,0.5,0.0,0.5
llama3_2_latest,SimpleRAG,56,deepseek-coder:6.7b,0.6699999999999999,3,1.0,0.01,1.0
llama3_2_latest,SimpleRAG,57,deepseek-coder:6.7b,0.8333333333333334,3,1.0,1.0,0.5
llama3_2_latest,SimpleRAG,58,deepseek-coder:6.7b,0.6666666666666666,3,0.0,1.0,1.0
llama3_2_latest,SimpleRAG,59,deepseek-coder:6.7b,0.5,3,1.0,0.5,0.0
llama3_2_latest,SimpleRAG,60,deepseek-coder:6.7b,0.95,3,0.85,1.0,1.0
llama3_2_latest,SimpleRAG,61,deepseek-coder:6.7b,0.6666666666666666,3,0.75,0.5,0.75
llama3_2_latest,SimpleRAG,62,deepseek-coder:6.7b,0.3333333333333333,3,0.0,0.5,0.5
llama3_2_latest,SimpleRAG,63,deepseek-coder:6.7b,0.75,3,0.75,1.0,0.5
llama3_2_latest,SimpleRAG,64,deepseek-coder:6.7b,0.8333333333333334,3,1.0,1.0,0.5
llama3_2_latest,SimpleRAG,65,deepseek-coder:6.7b,0.8166666666666668,3,1.0,0.95,0.5
llama3_2_latest,SimpleRAG,66,deepseek-coder:6.7b,0.3666666666666667,3,0.0,0.5,0.6
phi4_14b,GoTSelfCorrectionRAG,0,qwen3:8b,0.5,3,0.5,0.5,0.5
phi4_14b,GoTSelfCorrectionRAG,1,qwen3:8b,0.5,3,0.5,0.5,0.5
phi4_14b,GoTSelfCorrectionRAG,2,qwen3:8b,0.3333333333333333,3,0.5,0.0,0.5
phi4_14b,GoTSelfCorrectionRAG,3,qwen3:8b,0.5,3,0.5,0.5,0.5
phi4_14b,GoTSelfCorrectionRAG,4,qwen3:8b,0.5,3,0.5,0.5,0.5
phi4_14b,GoTSelfCorrectionRAG,5,qwen3:8b,0.3333333333333333,3,0.5,0.5,0.0
phi4_14b,GoTSelfCorrectionRAG,6,qwen3:8b,0.5,3,0.5,0.5,0.5
phi4_14b,GoTSelfCorrectionRAG,7,qwen3:8b,0.6666666666666666,3,0.5,0.5,1.0
phi4_14b,GoTSelfCorrectionRAG,8,qwen3:8b,0.5,3,0.5,0.5,0.5
phi4_14b,GoTSelfCorrectionRAG,9,qwen3:8b,0.5,3,0.5,0.5,0.5
phi4_14b,GoTSelfCorrectionRAG,10,qwen3:8b,0.3333333333333333,3,0.0,0.5,0.5
phi4_14b,GoTSelfCorrectionRAG,11,qwen3:8b,0.5,3,0.5,0.5,0.5
phi4_14b,GoTSelfCorrectionRAG,12,qwen3:8b,0.3333333333333333,3,0.5,0.0,0.5
phi4_14b,GoTSelfCorrectionRAG,13,qwen3:8b,0.5,3,0.5,0.5,0.5
phi4_14b,GoTSelfCorrectionRAG,14,qwen3:8b,0.5,3,0.5,0.5,0.5
phi4_14b,GoTSelfCorrectionRAG,15,qwen3:8b,0.5,3,0.5,0.5,0.5
phi4_14b,GoTSelfCorrectionRAG,16,qwen3:8b,0.3333333333333333,3,0.5,0.5,0.0
phi4_14b,GoTSelfCorrectionRAG,17,qwen3:8b,0.5,3,0.5,0.5,0.5
phi4_14b,GoTSelfCorrectionRAG,18,qwen3:8b,0.6666666666666666,3,0.5,1.0,0.5
phi4_14b,GoTSelfCorrectionRAG,19,qwen3:8b,0.3333333333333333,3,0.0,0.5,0.5
phi4_14b,GoTSelfCorrectionRAG,20,qwen3:8b,0.3333333333333333,3,0.0,0.5,0.5
phi4_14b,GoTSelfCorrectionRAG,21,qwen3:8b,0.3333333333333333,3,0.5,0.0,0.5
phi4_14b,GoTSelfCorrectionRAG,22,qwen3:8b,0.5,3,0.5,0.5,0.5
phi4_14b,GoTSelfCorrectionRAG,23,qwen3:8b,0.5,3,0.5,0.5,0.5
phi4_14b,GoTSelfCorrectionRAG,24,qwen3:8b,0.5,3,0.5,0.5,0.5
phi4_14b,GoTSelfCorrectionRAG,25,qwen3:8b,0.5,3,0.5,0.5,0.5
phi4_14b,GoTSelfCorrectionRAG,26,qwen3:8b,1.0,3,1.0,1.0,1.0
phi4_14b,GoTSelfCorrectionRAG,27,qwen3:8b,0.5,3,0.5,0.5,0.5
phi4_14b,GoTSelfCorrectionRAG,28,qwen3:8b,0.5,3,0.5,0.5,0.5
phi4_14b,GoTSelfCorrectionRAG,29,qwen3:8b,0.6666666666666666,3,0.5,1.0,0.5
phi4_14b,GoTSelfCorrectionRAG,30,qwen3:8b,0.5,3,0.5,0.5,0.5
phi4_14b,GoTSelfCorrectionRAG,31,qwen3:8b,0.0,3,0.0,0.0,0.0
phi4_14b,GoTSelfCorrectionRAG,32,qwen3:8b,0.5,3,0.5,0.5,0.5
phi4_14b,GoTSelfCorrectionRAG,33,qwen3:8b,0.5,3,0.5,0.5,0.5
phi4_14b,GoTSelfCorrectionRAG,34,qwen3:8b,0.5,3,0.5,0.5,0.5
phi4_14b,GoTSelfCorrectionRAG,35,qwen3:8b,0.3333333333333333,3,0.0,0.5,0.5
phi4_14b,GoTSelfCorrectionRAG,36,qwen3:8b,0.5,3,0.5,0.5,0.5
phi4_14b,GoTSelfCorrectionRAG,37,qwen3:8b,1.0,3,1.0,1.0,1.0
phi4_14b,GoTSelfCorrectionRAG,38,qwen3:8b,0.5,3,0.5,0.5,0.5
phi4_14b,GoTSelfCorrectionRAG,39,qwen3:8b,0.6666666666666666,3,0.5,1.0,0.5
phi4_14b,GoTSelfCorrectionRAG,40,qwen3:8b,0.5,3,0.5,0.5,0.5
phi4_14b,GoTSelfCorrectionRAG,41,qwen3:8b,0.0,3,0.0,0.0,0.0
phi4_14b,GoTSelfCorrectionRAG,42,qwen3:8b,0.5,3,0.5,0.5,0.5
phi4_14b,GoTSelfCorrectionRAG,43,qwen3:8b,0.8333333333333334,3,1.0,1.0,0.5
phi4_14b,GoTSelfCorrectionRAG,44,qwen3:8b,0.1666666666666666,3,0.0,0.0,0.5
phi4_14b,GoTSelfCorrectionRAG,45,qwen3:8b,0.6666666666666666,3,0.5,1.0,0.5
phi4_14b,GoTSelfCorrectionRAG,46,qwen3:8b,0.8333333333333334,3,1.0,0.5,1.0
phi4_14b,GoTSelfCorrectionRAG,47,qwen3:8b,0.5,3,0.5,0.5,0.5
phi4_14b,GoTSelfCorrectionRAG,48,qwen3:8b,0.5,3,0.5,0.5,0.5
phi4_14b,GoTSelfCorrectionRAG,49,qwen3:8b,0.1666666666666666,3,0.0,0.0,0.5
phi4_14b,GoTSelfCorrectionRAG,50,qwen3:8b,0.6666666666666666,3,0.5,0.5,1.0
phi4_14b,GoTSelfCorrectionRAG,51,qwen3:8b,0.4333333333333333,3,0.5,0.5,0.3
phi4_14b,GoTSelfCorrectionRAG,52,qwen3:8b,0.5,3,0.5,0.5,0.5
phi4_14b,GoTSelfCorrectionRAG,53,qwen3:8b,0.5,3,0.5,0.5,0.5
phi4_14b,GoTSelfCorrectionRAG,54,qwen3:8b,0.5,3,0.5,0.5,0.5
phi4_14b,GoTSelfCorrectionRAG,55,qwen3:8b,0.5,3,0.5,0.5,0.5
phi4_14b,GoTSelfCorrectionRAG,56,qwen3:8b,0.5,3,0.5,0.5,0.5
phi4_14b,GoTSelfCorrectionRAG,57,qwen3:8b,0.5,3,0.5,0.5,0.5
phi4_14b,GoTSelfCorrectionRAG,58,qwen3:8b,0.5,3,0.5,0.5,0.5
phi4_14b,GoTSelfCorrectionRAG,59,qwen3:8b,0.5,3,0.5,0.5,0.5
phi4_14b,GoTSelfCorrectionRAG,60,qwen3:8b,0.0,3,0.0,0.0,0.0
phi4_14b,GoTSelfCorrectionRAG,61,qwen3:8b,0.8333333333333334,3,1.0,1.0,0.5
phi4_14b,GoTSelfCorrectionRAG,62,qwen3:8b,0.5,3,0.5,0.5,0.5
phi4_14b,GoTSelfCorrectionRAG,63,qwen3:8b,0.6666666666666666,3,0.5,1.0,0.5
phi4_14b,GoTSelfCorrectionRAG,64,qwen3:8b,0.5,3,0.5,0.5,0.5
phi4_14b,GoTSelfCorrectionRAG,65,qwen3:8b,0.5,3,0.5,0.5,0.5
phi4_14b,GoTSelfCorrectionRAG,66,qwen3:8b,0.3333333333333333,3,0.0,0.5,0.5
llama3_2_latest,CoTPlainLLM,0,qwen3:8b,0.0,3,0.0,0.0,0.0
llama3_2_latest,CoTPlainLLM,1,qwen3:8b,0.5,3,0.5,0.5,0.5
llama3_2_latest,CoTPlainLLM,2,qwen3:8b,0.1666666666666666,3,0.5,0.0,0.0
llama3_2_latest,CoTPlainLLM,3,qwen3:8b,0.5,3,0.5,0.5,0.5
llama3_2_latest,CoTPlainLLM,4,qwen3:8b,0.5,3,0.5,0.5,0.5
llama3_2_latest,CoTPlainLLM,5,qwen3:8b,0.0,3,0.0,0.0,0.0
llama3_2_latest,CoTPlainLLM,6,qwen3:8b,0.0,3,0.0,0.0,0.0
llama3_2_latest,CoTPlainLLM,7,qwen3:8b,0.3333333333333333,3,0.5,0.0,0.5
llama3_2_latest,CoTPlainLLM,8,qwen3:8b,0.0,3,0.0,0.0,0.0
llama3_2_latest,CoTPlainLLM,9,qwen3:8b,0.3333333333333333,3,0.0,0.5,0.5
llama3_2_latest,CoTPlainLLM,10,qwen3:8b,0.0,3,0.0,0.0,0.0
llama3_2_latest,CoTPlainLLM,11,qwen3:8b,0.3333333333333333,3,0.5,0.0,0.5
llama3_2_latest,CoTPlainLLM,12,qwen3:8b,0.0,3,0.0,0.0,0.0
llama3_2_latest,CoTPlainLLM,13,qwen3:8b,0.5,3,0.5,0.5,0.5
llama3_2_latest,CoTPlainLLM,14,qwen3:8b,0.1666666666666666,3,0.0,0.5,0.0
llama3_2_latest,CoTPlainLLM,15,qwen3:8b,0.1666666666666666,3,0.0,0.0,0.5
llama3_2_latest,CoTPlainLLM,16,qwen3:8b,0.0,3,0.0,0.0,0.0
llama3_2_latest,CoTPlainLLM,17,qwen3:8b,0.1666666666666666,3,0.0,0.5,0.0
llama3_2_latest,CoTPlainLLM,18,qwen3:8b,0.0,3,0.0,0.0,0.0
llama3_2_latest,CoTPlainLLM,19,qwen3:8b,0.0,3,0.0,0.0,0.0
llama3_2_latest,CoTPlainLLM,20,qwen3:8b,0.5,3,0.5,0.5,0.5
llama3_2_latest,CoTPlainLLM,21,qwen3:8b,0.3333333333333333,3,0.5,0.5,0.0
llama3_2_latest,CoTPlainLLM,22,qwen3:8b,0.0,3,0.0,0.0,0.0
llama3_2_latest,CoTPlainLLM,23,qwen3:8b,0.5,3,0.5,0.5,0.5
llama3_2_latest,CoTPlainLLM,24,qwen3:8b,0.5,3,0.5,0.5,0.5
llama3_2_latest,CoTPlainLLM,25,qwen3:8b,0.5,3,0.5,0.5,0.5
llama3_2_latest,CoTPlainLLM,26,qwen3:8b,0.3333333333333333,3,0.5,0.0,0.5
llama3_2_latest,CoTPlainLLM,27,qwen3:8b,0.5,3,0.5,0.5,0.5
llama3_2_latest,CoTPlainLLM,28,qwen3:8b,0.1666666666666666,3,0.5,0.0,0.0
llama3_2_latest,CoTPlainLLM,29,qwen3:8b,0.1666666666666666,3,0.0,0.5,0.0
llama3_2_latest,CoTPlainLLM,30,qwen3:8b,0.3333333333333333,3,0.5,0.0,0.5
llama3_2_latest,CoTPlainLLM,31,qwen3:8b,0.1666666666666666,3,0.0,0.0,0.5
llama3_2_latest,CoTPlainLLM,32,qwen3:8b,0.5,3,0.5,0.5,0.5
llama3_2_latest,CoTPlainLLM,33,qwen3:8b,0.5,3,0.5,0.5,0.5
llama3_2_latest,CoTPlainLLM,34,qwen3:8b,0.3333333333333333,3,0.5,0.0,0.5
llama3_2_latest,CoTPlainLLM,35,qwen3:8b,0.0,3,0.0,0.0,0.0
llama3_2_latest,CoTPlainLLM,36,qwen3:8b,0.3333333333333333,3,0.0,0.5,0.5
llama3_2_latest,CoTPlainLLM,37,qwen3:8b,0.1666666666666666,3,0.5,0.0,0.0
llama3_2_latest,CoTPlainLLM,38,qwen3:8b,0.3333333333333333,3,0.5,0.0,0.5
llama3_2_latest,CoTPlainLLM,39,qwen3:8b,0.5,3,0.5,0.5,0.5
llama3_2_latest,CoTPlainLLM,40,qwen3:8b,0.3333333333333333,3,0.5,0.5,0.0
llama3_2_latest,CoTPlainLLM,41,qwen3:8b,0.3333333333333333,3,0.5,0.5,0.0
llama3_2_latest,CoTPlainLLM,42,qwen3:8b,0.3333333333333333,3,0.0,0.5,0.5
llama3_2_latest,CoTPlainLLM,43,qwen3:8b,0.5,3,0.5,0.5,0.5
llama3_2_latest,CoTPlainLLM,44,qwen3:8b,0.0,3,0.0,0.0,0.0
llama3_2_latest,CoTPlainLLM,45,qwen3:8b,0.4333333333333333,3,0.5,0.5,0.3
llama3_2_latest,CoTPlainLLM,46,qwen3:8b,0.0,3,0.0,0.0,0.0
llama3_2_latest,CoTPlainLLM,47,qwen3:8b,0.1666666666666666,3,0.5,0.0,0.0
llama3_2_latest,CoTPlainLLM,48,qwen3:8b,0.0,3,0.0,0.0,0.0
llama3_2_latest,CoTPlainLLM,49,qwen3:8b,0.1666666666666666,3,0.0,0.5,0.0
llama3_2_latest,CoTPlainLLM,50,qwen3:8b,0.0,3,0.0,0.0,0.0
llama3_2_latest,CoTPlainLLM,51,qwen3:8b,0.0,3,0.0,0.0,0.0
llama3_2_latest,CoTPlainLLM,52,qwen3:8b,0.3333333333333333,3,0.5,0.0,0.5
llama3_2_latest,CoTPlainLLM,53,qwen3:8b,0.1666666666666666,3,0.0,0.5,0.0
llama3_2_latest,CoTPlainLLM,54,qwen3:8b,0.0,3,0.0,0.0,0.0
llama3_2_latest,CoTPlainLLM,55,qwen3:8b,0.1666666666666666,3,0.0,0.5,0.0
llama3_2_latest,CoTPlainLLM,56,qwen3:8b,0.0,3,0.0,0.0,0.0
llama3_2_latest,CoTPlainLLM,57,qwen3:8b,0.0,3,0.0,0.0,0.0
llama3_2_latest,CoTPlainLLM,58,qwen3:8b,0.0,3,0.0,0.0,0.0
llama3_2_latest,CoTPlainLLM,59,qwen3:8b,0.3333333333333333,3,0.5,0.0,0.5
llama3_2_latest,CoTPlainLLM,60,qwen3:8b,0.0,3,0.0,0.0,0.0
llama3_2_latest,CoTPlainLLM,61,qwen3:8b,0.0,3,0.0,0.0,0.0
llama3_2_latest,CoTPlainLLM,62,qwen3:8b,0.0,3,0.0,0.0,0.0
llama3_2_latest,CoTPlainLLM,63,qwen3:8b,0.1666666666666666,3,0.0,0.0,0.5
llama3_2_latest,CoTPlainLLM,64,qwen3:8b,0.0,3,0.0,0.0,0.0
llama3_2_latest,CoTPlainLLM,65,qwen3:8b,0.1666666666666666,3,0.5,0.0,0.0
llama3_2_latest,CoTPlainLLM,66,qwen3:8b,0.0,3,0.0,0.0,0.0
llama3_2_latest,FewShotPlainLLM,0,qwen3:8b,0.0,3,0.0,0.0,0.0
llama3_2_latest,FewShotPlainLLM,1,qwen3:8b,0.1666666666666666,3,0.0,0.5,0.0
llama3_2_latest,FewShotPlainLLM,2,qwen3:8b,0.5,3,0.5,0.5,0.5
llama3_2_latest,FewShotPlainLLM,3,qwen3:8b,0.5,3,0.5,0.5,0.5
llama3_2_latest,FewShotPlainLLM,4,qwen3:8b,0.5,3,0.5,0.5,0.5
llama3_2_latest,FewShotPlainLLM,5,qwen3:8b,0.0,3,0.0,0.0,0.0
llama3_2_latest,FewShotPlainLLM,6,qwen3:8b,0.0,3,0.0,0.0,0.0
llama3_2_latest,FewShotPlainLLM,7,qwen3:8b,0.1666666666666666,3,0.0,0.5,0.0
llama3_2_latest,FewShotPlainLLM,8,qwen3:8b,0.0,3,0.0,0.0,0.0
llama3_2_latest,FewShotPlainLLM,9,qwen3:8b,0.3333333333333333,3,0.0,0.5,0.5
llama3_2_latest,FewShotPlainLLM,10,qwen3:8b,0.3333333333333333,3,0.5,0.0,0.5
llama3_2_latest,FewShotPlainLLM,11,qwen3:8b,0.1666666666666666,3,0.0,0.5,0.0
llama3_2_latest,FewShotPlainLLM,12,qwen3:8b,0.1666666666666666,3,0.0,0.5,0.0
llama3_2_latest,FewShotPlainLLM,13,qwen3:8b,0.0,3,0.0,0.0,0.0
llama3_2_latest,FewShotPlainLLM,14,qwen3:8b,0.0,3,0.0,0.0,0.0
llama3_2_latest,FewShotPlainLLM,15,qwen3:8b,0.3333333333333333,3,0.5,0.0,0.5
llama3_2_latest,FewShotPlainLLM,16,qwen3:8b,0.1666666666666666,3,0.0,0.0,0.5
llama3_2_latest,FewShotPlainLLM,17,qwen3:8b,0.0,3,0.0,0.0,0.0
llama3_2_latest,FewShotPlainLLM,18,qwen3:8b,0.0,3,0.0,0.0,0.0
llama3_2_latest,FewShotPlainLLM,19,qwen3:8b,0.1666666666666666,3,0.0,0.5,0.0
llama3_2_latest,FewShotPlainLLM,20,qwen3:8b,0.5,3,0.5,0.5,0.5
llama3_2_latest,FewShotPlainLLM,21,qwen3:8b,0.0,3,0.0,0.0,0.0
llama3_2_latest,FewShotPlainLLM,22,qwen3:8b,0.3333333333333333,3,0.0,0.5,0.5
llama3_2_latest,FewShotPlainLLM,23,qwen3:8b,0.3333333333333333,3,0.0,0.5,0.5
llama3_2_latest,FewShotPlainLLM,24,qwen3:8b,0.5,3,0.5,0.5,0.5
llama3_2_latest,FewShotPlainLLM,25,qwen3:8b,0.5,3,0.5,0.5,0.5
llama3_2_latest,FewShotPlainLLM,26,qwen3:8b,0.5,3,0.5,0.5,0.5
llama3_2_latest,FewShotPlainLLM,27,qwen3:8b,0.1666666666666666,3,0.0,0.5,0.0
llama3_2_latest,FewShotPlainLLM,28,qwen3:8b,0.1666666666666666,3,0.5,0.0,0.0
llama3_2_latest,FewShotPlainLLM,29,qwen3:8b,0.1666666666666666,3,0.0,0.0,0.5
llama3_2_latest,FewShotPlainLLM,30,qwen3:8b,0.3333333333333333,3,0.5,0.5,0.0
llama3_2_latest,FewShotPlainLLM,31,qwen3:8b,0.1666666666666666,3,0.0,0.0,0.5
llama3_2_latest,FewShotPlainLLM,32,qwen3:8b,0.0,3,0.0,0.0,0.0
llama3_2_latest,FewShotPlainLLM,33,qwen3:8b,0.0,3,0.0,0.0,0.0
llama3_2_latest,FewShotPlainLLM,34,qwen3:8b,0.5,3,0.5,0.5,0.5
llama3_2_latest,FewShotPlainLLM,35,qwen3:8b,0.0,3,0.0,0.0,0.0
llama3_2_latest,FewShotPlainLLM,36,qwen3:8b,0.0,3,0.0,0.0,0.0
llama3_2_latest,FewShotPlainLLM,37,qwen3:8b,0.3333333333333333,3,0.0,0.5,0.5
llama3_2_latest,FewShotPlainLLM,38,qwen3:8b,0.5,3,0.5,0.5,0.5
llama3_2_latest,FewShotPlainLLM,39,qwen3:8b,0.5,3,0.5,0.5,0.5
llama3_2_latest,FewShotPlainLLM,40,qwen3:8b,0.5,3,0.5,0.5,0.5
llama3_2_latest,FewShotPlainLLM,41,qwen3:8b,0.3333333333333333,3,0.0,0.5,0.5
llama3_2_latest,FewShotPlainLLM,42,qwen3:8b,0.1666666666666666,3,0.0,0.5,0.0
llama3_2_latest,FewShotPlainLLM,43,qwen3:8b,0.0,3,0.0,0.0,0.0
llama3_2_latest,FewShotPlainLLM,44,qwen3:8b,0.0,3,0.0,0.0,0.0
llama3_2_latest,FewShotPlainLLM,45,qwen3:8b,0.5,3,0.5,0.5,0.5
llama3_2_latest,FewShotPlainLLM,46,qwen3:8b,0.0,3,0.0,0.0,0.0
llama3_2_latest,FewShotPlainLLM,47,qwen3:8b,0.0,3,0.0,0.0,0.0
llama3_2_latest,FewShotPlainLLM,48,qwen3:8b,0.0,3,0.0,0.0,0.0
llama3_2_latest,FewShotPlainLLM,49,qwen3:8b,0.0,3,0.0,0.0,0.0
llama3_2_latest,FewShotPlainLLM,50,qwen3:8b,0.0,3,0.0,0.0,0.0
llama3_2_latest,FewShotPlainLLM,51,qwen3:8b,0.0,3,0.0,0.0,0.0
llama3_2_latest,FewShotPlainLLM,52,qwen3:8b,0.1666666666666666,3,0.0,0.5,0.0
llama3_2_latest,FewShotPlainLLM,53,qwen3:8b,0.1666666666666666,3,0.0,0.5,0.0
llama3_2_latest,FewShotPlainLLM,54,qwen3:8b,0.1666666666666666,3,0.0,0.0,0.5
llama3_2_latest,FewShotPlainLLM,55,qwen3:8b,0.0,3,0.0,0.0,0.0
llama3_2_latest,FewShotPlainLLM,56,qwen3:8b,0.0,3,0.0,0.0,0.0
llama3_2_latest,FewShotPlainLLM,57,qwen3:8b,0.0,3,0.0,0.0,0.0
llama3_2_latest,FewShotPlainLLM,58,qwen3:8b,0.0,3,0.0,0.0,0.0
llama3_2_latest,FewShotPlainLLM,59,qwen3:8b,0.3333333333333333,3,0.5,0.5,0.0
llama3_2_latest,FewShotPlainLLM,60,qwen3:8b,0.0,3,0.0,0.0,0.0
llama3_2_latest,FewShotPlainLLM,61,qwen3:8b,0.0,3,0.0,0.0,0.0
llama3_2_latest,FewShotPlainLLM,62,qwen3:8b,0.0,3,0.0,0.0,0.0
llama3_2_latest,FewShotPlainLLM,63,qwen3:8b,0.3333333333333333,3,0.0,0.5,0.5
llama3_2_latest,FewShotPlainLLM,64,qwen3:8b,0.1666666666666666,3,0.0,0.5,0.0
llama3_2_latest,FewShotPlainLLM,65,qwen3:8b,0.1666666666666666,3,0.0,0.0,0.5
llama3_2_latest,FewShotPlainLLM,66,qwen3:8b,0.0,3,0.0,0.0,0.0
qwen3_8b,PlainLLM,0,qwen3:8b,0.5,3,0.5,0.5,0.5
qwen3_8b,PlainLLM,1,qwen3:8b,0.6666666666666666,3,0.5,1.0,0.5
qwen3_8b,PlainLLM,2,qwen3:8b,0.5,3,0.5,0.5,0.5
qwen3_8b,PlainLLM,3,qwen3:8b,0.3333333333333333,3,0.5,0.5,0.0
qwen3_8b,PlainLLM,4,qwen3:8b,0.5,3,0.5,0.5,0.5
qwen3_8b,PlainLLM,5,qwen3:8b,0.1666666666666666,3,0.0,0.5,0.0
qwen3_8b,PlainLLM,6,qwen3:8b,0.3333333333333333,3,0.5,0.5,0.0
qwen3_8b,PlainLLM,7,qwen3:8b,0.0,3,0.0,0.0,0.0
qwen3_8b,PlainLLM,8,qwen3:8b,0.5,3,0.5,0.5,0.5
qwen3_8b,PlainLLM,9,qwen3:8b,0.5,3,0.5,0.5,0.5
qwen3_8b,PlainLLM,10,qwen3:8b,0.5,3,0.5,0.5,0.5
qwen3_8b,PlainLLM,11,qwen3:8b,0.5,3,0.5,0.5,0.5
qwen3_8b,PlainLLM,12,qwen3:8b,0.5,3,0.5,0.5,0.5
qwen3_8b,PlainLLM,13,qwen3:8b,0.6666666666666666,3,0.5,0.5,1.0
qwen3_8b,PlainLLM,14,qwen3:8b,0.5,3,0.5,0.5,0.5
qwen3_8b,PlainLLM,15,qwen3:8b,0.5,3,0.5,0.5,0.5
qwen3_8b,PlainLLM,16,qwen3:8b,0.5,3,0.5,0.5,0.5
qwen3_8b,PlainLLM,17,qwen3:8b,0.5,3,0.5,0.5,0.5
qwen3_8b,PlainLLM,18,qwen3:8b,0.0,3,0.0,0.0,0.0
qwen3_8b,PlainLLM,19,qwen3:8b,0.1666666666666666,3,0.5,0.0,0.0
qwen3_8b,PlainLLM,20,qwen3:8b,0.0,3,0.0,0.0,0.0
qwen3_8b,PlainLLM,21,qwen3:8b,0.1666666666666666,3,0.5,0.0,0.0
qwen3_8b,PlainLLM,22,qwen3:8b,0.1666666666666666,3,0.0,0.5,0.0
qwen3_8b,PlainLLM,23,qwen3:8b,0.5,3,0.5,0.5,0.5
qwen3_8b,PlainLLM,24,qwen3:8b,0.5,3,0.5,0.5,0.5
qwen3_8b,PlainLLM,25,qwen3:8b,0.5,3,0.5,0.5,0.5
qwen3_8b,PlainLLM,26,qwen3:8b,0.5,3,0.5,0.5,0.5
qwen3_8b,PlainLLM,27,qwen3:8b,0.5,3,0.5,0.5,0.5
qwen3_8b,PlainLLM,28,qwen3:8b,0.5,3,0.5,0.5,0.5
qwen3_8b,PlainLLM,29,qwen3:8b,0.5,3,0.5,0.5,0.5
qwen3_8b,PlainLLM,30,qwen3:8b,1.0,3,1.0,1.0,1.0
qwen3_8b,PlainLLM,31,qwen3:8b,0.0,3,0.0,0.0,0.0
qwen3_8b,PlainLLM,32,qwen3:8b,0.0,3,0.0,0.0,0.0
qwen3_8b,PlainLLM,33,qwen3:8b,0.5,3,0.5,0.5,0.5
qwen3_8b,PlainLLM,34,qwen3:8b,0.1666666666666666,3,0.0,0.0,0.5
qwen3_8b,PlainLLM,35,qwen3:8b,0.0,3,0.0,0.0,0.0
qwen3_8b,PlainLLM,36,qwen3:8b,0.1666666666666666,3,0.0,0.5,0.0
qwen3_8b,PlainLLM,37,qwen3:8b,0.5,3,0.5,0.5,0.5
qwen3_8b,PlainLLM,38,qwen3:8b,0.5,3,0.5,0.5,0.5
qwen3_8b,PlainLLM,39,qwen3:8b,0.5,3,0.5,0.5,0.5
qwen3_8b,PlainLLM,40,qwen3:8b,0.3333333333333333,3,0.0,0.5,0.5
qwen3_8b,PlainLLM,41,qwen3:8b,0.1666666666666666,3,0.5,0.0,0.0
qwen3_8b,PlainLLM,42,qwen3:8b,0.5,3,0.5,0.5,0.5
qwen3_8b,PlainLLM,43,qwen3:8b,0.8333333333333334,3,0.5,1.0,1.0
qwen3_8b,PlainLLM,44,qwen3:8b,1.0,3,1.0,1.0,1.0
qwen3_8b,PlainLLM,45,qwen3:8b,0.5,3,0.5,0.5,0.5
qwen3_8b,PlainLLM,46,qwen3:8b,0.3333333333333333,3,0.5,0.0,0.5
qwen3_8b,PlainLLM,47,qwen3:8b,0.3333333333333333,3,0.0,0.5,0.5
qwen3_8b,PlainLLM,48,qwen3:8b,0.3333333333333333,3,0.5,0.0,0.5
qwen3_8b,PlainLLM,49,qwen3:8b,0.0,3,0.0,0.0,0.0
qwen3_8b,PlainLLM,50,qwen3:8b,0.3333333333333333,3,0.0,0.5,0.5
qwen3_8b,PlainLLM,51,qwen3:8b,0.5,3,0.5,0.5,0.5
qwen3_8b,PlainLLM,52,qwen3:8b,0.5,3,0.5,0.5,0.5
qwen3_8b,PlainLLM,53,qwen3:8b,0.5,3,0.5,0.5,0.5
qwen3_8b,PlainLLM,54,qwen3:8b,0.0,3,0.0,0.0,0.0
qwen3_8b,PlainLLM,55,qwen3:8b,0.3333333333333333,3,0.0,0.5,0.5
qwen3_8b,PlainLLM,56,qwen3:8b,0.5,3,0.5,0.5,0.5
qwen3_8b,PlainLLM,57,qwen3:8b,0.3333333333333333,3,0.5,0.0,0.5
qwen3_8b,PlainLLM,58,qwen3:8b,0.3333333333333333,3,0.5,0.0,0.5
qwen3_8b,PlainLLM,59,qwen3:8b,0.5,3,0.5,0.5,0.5
qwen3_8b,PlainLLM,60,qwen3:8b,0.5,3,0.5,0.5,0.5
qwen3_8b,PlainLLM,61,qwen3:8b,0.5,3,0.5,0.5,0.5
qwen3_8b,PlainLLM,62,qwen3:8b,0.3333333333333333,3,0.5,0.5,0.0
qwen3_8b,PlainLLM,63,qwen3:8b,0.8333333333333334,3,1.0,1.0,0.5
qwen3_8b,PlainLLM,64,qwen3:8b,0.5,3,0.5,0.5,0.5
qwen3_8b,PlainLLM,65,qwen3:8b,0.3333333333333333,3,0.5,0.5,0.0
qwen3_8b,PlainLLM,66,qwen3:8b,0.1666666666666666,3,0.0,0.5,0.0
qwen3_8b,GoTSelfCorrectionRAG,0,qwen3:8b,0.5,3,0.5,0.5,0.5
qwen3_8b,GoTSelfCorrectionRAG,1,qwen3:8b,0.5,3,0.5,0.5,0.5
qwen3_8b,GoTSelfCorrectionRAG,2,qwen3:8b,0.5,3,0.5,0.5,0.5
qwen3_8b,GoTSelfCorrectionRAG,3,qwen3:8b,0.3333333333333333,3,0.5,0.0,0.5
qwen3_8b,GoTSelfCorrectionRAG,4,qwen3:8b,0.8333333333333334,3,1.0,1.0,0.5
qwen3_8b,GoTSelfCorrectionRAG,5,qwen3:8b,0.3333333333333333,3,0.0,0.5,0.5
qwen3_8b,GoTSelfCorrectionRAG,6,qwen3:8b,0.5,3,0.5,0.5,0.5
qwen3_8b,GoTSelfCorrectionRAG,7,qwen3:8b,0.5,3,0.5,0.5,0.5
qwen3_8b,GoTSelfCorrectionRAG,8,qwen3:8b,0.5,3,0.5,0.5,0.5
qwen3_8b,GoTSelfCorrectionRAG,9,qwen3:8b,0.5,3,0.5,0.5,0.5
qwen3_8b,GoTSelfCorrectionRAG,10,qwen3:8b,0.5,3,0.5,0.5,0.5
qwen3_8b,GoTSelfCorrectionRAG,11,qwen3:8b,0.5,3,0.5,0.5,0.5
qwen3_8b,GoTSelfCorrectionRAG,12,qwen3:8b,0.5,3,0.5,0.5,0.5
qwen3_8b,GoTSelfCorrectionRAG,13,qwen3:8b,0.5,3,0.5,0.5,0.5
qwen3_8b,GoTSelfCorrectionRAG,14,qwen3:8b,0.5,3,0.5,0.5,0.5
qwen3_8b,GoTSelfCorrectionRAG,15,qwen3:8b,0.5,3,0.5,0.5,0.5
qwen3_8b,GoTSelfCorrectionRAG,16,qwen3:8b,0.8333333333333334,3,1.0,0.5,1.0
qwen3_8b,GoTSelfCorrectionRAG,17,qwen3:8b,0.5,3,0.5,0.5,0.5
qwen3_8b,GoTSelfCorrectionRAG,18,qwen3:8b,0.5,3,0.5,0.5,0.5
qwen3_8b,GoTSelfCorrectionRAG,19,qwen3:8b,0.0,3,0.0,0.0,0.0
qwen3_8b,GoTSelfCorrectionRAG,20,qwen3:8b,0.5,3,0.5,0.5,0.5
qwen3_8b,GoTSelfCorrectionRAG,21,qwen3:8b,0.5,3,0.5,0.5,0.5
qwen3_8b,GoTSelfCorrectionRAG,22,qwen3:8b,0.5,3,0.5,0.5,0.5
qwen3_8b,GoTSelfCorrectionRAG,23,qwen3:8b,1.0,3,1.0,1.0,1.0
qwen3_8b,GoTSelfCorrectionRAG,24,qwen3:8b,0.5,3,0.5,0.5,0.5
qwen3_8b,GoTSelfCorrectionRAG,25,qwen3:8b,0.5,3,0.5,0.5,0.5
qwen3_8b,GoTSelfCorrectionRAG,26,qwen3:8b,0.6666666666666666,3,0.5,1.0,0.5
qwen3_8b,GoTSelfCorrectionRAG,27,qwen3:8b,0.5,3,0.5,0.5,0.5
qwen3_8b,GoTSelfCorrectionRAG,28,qwen3:8b,0.5,3,0.5,0.5,0.5
qwen3_8b,GoTSelfCorrectionRAG,29,qwen3:8b,0.5,3,0.5,0.5,0.5
qwen3_8b,GoTSelfCorrectionRAG,30,qwen3:8b,0.5,3,0.5,0.5,0.5
qwen3_8b,GoTSelfCorrectionRAG,31,qwen3:8b,0.5,3,0.5,0.5,0.5
qwen3_8b,GoTSelfCorrectionRAG,32,qwen3:8b,0.5,3,0.5,0.5,0.5
qwen3_8b,GoTSelfCorrectionRAG,33,qwen3:8b,0.5,3,0.5,0.5,0.5
qwen3_8b,GoTSelfCorrectionRAG,34,qwen3:8b,0.5,3,0.5,0.5,0.5
qwen3_8b,GoTSelfCorrectionRAG,35,qwen3:8b,0.5,3,0.5,0.5,0.5
qwen3_8b,GoTSelfCorrectionRAG,36,qwen3:8b,0.5,3,0.5,0.5,0.5
qwen3_8b,GoTSelfCorrectionRAG,37,qwen3:8b,0.5,3,0.5,0.5,0.5
qwen3_8b,GoTSelfCorrectionRAG,38,qwen3:8b,0.5,3,0.5,0.5,0.5
qwen3_8b,GoTSelfCorrectionRAG,39,qwen3:8b,0.5,3,0.5,0.5,0.5
qwen3_8b,GoTSelfCorrectionRAG,40,qwen3:8b,0.6666666666666666,3,1.0,0.5,0.5
qwen3_8b,GoTSelfCorrectionRAG,41,qwen3:8b,0.5,3,0.5,0.5,0.5
qwen3_8b,GoTSelfCorrectionRAG,42,qwen3:8b,0.3333333333333333,3,0.5,0.5,0.0
qwen3_8b,GoTSelfCorrectionRAG,43,qwen3:8b,0.5,3,0.5,0.5,0.5
qwen3_8b,GoTSelfCorrectionRAG,44,qwen3:8b,1.0,3,1.0,1.0,1.0
qwen3_8b,GoTSelfCorrectionRAG,45,qwen3:8b,1.0,3,1.0,1.0,1.0
qwen3_8b,GoTSelfCorrectionRAG,46,qwen3:8b,0.5,3,0.5,0.5,0.5
qwen3_8b,GoTSelfCorrectionRAG,47,qwen3:8b,0.5,3,0.5,0.5,0.5
qwen3_8b,GoTSelfCorrectionRAG,48,qwen3:8b,0.3333333333333333,3,0.5,0.5,0.0
qwen3_8b,GoTSelfCorrectionRAG,49,qwen3:8b,0.5,3,0.5,0.5,0.5
qwen3_8b,GoTSelfCorrectionRAG,50,qwen3:8b,0.5,3,0.5,0.5,0.5
qwen3_8b,GoTSelfCorrectionRAG,51,qwen3:8b,0.5,3,0.5,0.5,0.5
qwen3_8b,GoTSelfCorrectionRAG,52,qwen3:8b,0.5,3,0.5,0.5,0.5
qwen3_8b,GoTSelfCorrectionRAG,53,qwen3:8b,0.5,3,0.5,0.5,0.5
qwen3_8b,GoTSelfCorrectionRAG,54,qwen3:8b,0.5,3,0.5,0.5,0.5
qwen3_8b,GoTSelfCorrectionRAG,55,qwen3:8b,0.5,3,0.5,0.5,0.5
qwen3_8b,GoTSelfCorrectionRAG,56,qwen3:8b,0.3333333333333333,3,0.0,0.5,0.5
qwen3_8b,GoTSelfCorrectionRAG,57,qwen3:8b,0.5,3,0.5,0.5,0.5
qwen3_8b,GoTSelfCorrectionRAG,58,qwen3:8b,0.5,3,0.5,0.5,0.5
qwen3_8b,GoTSelfCorrectionRAG,59,qwen3:8b,0.5,3,0.5,0.5,0.5
qwen3_8b,GoTSelfCorrectionRAG,60,qwen3:8b,0.5,3,0.5,0.5,0.5
qwen3_8b,GoTSelfCorrectionRAG,61,qwen3:8b,1.0,3,1.0,1.0,1.0
qwen3_8b,GoTSelfCorrectionRAG,62,qwen3:8b,0.5,3,0.5,0.5,0.5
qwen3_8b,GoTSelfCorrectionRAG,63,qwen3:8b,0.5,3,0.5,0.5,0.5
qwen3_8b,GoTSelfCorrectionRAG,64,qwen3:8b,0.6666666666666666,3,0.5,0.5,1.0
qwen3_8b,GoTSelfCorrectionRAG,65,qwen3:8b,1.0,3,1.0,1.0,1.0
qwen3_8b,GoTSelfCorrectionRAG,66,qwen3:8b,0.5,3,0.5,0.5,0.5
phi4_14b,ToTRAG,0,deepseek-coder:6.7b,0.3333333333333333,3,0.0,1.0,0.0
phi4_14b,ToTRAG,1,deepseek-coder:6.7b,0.8166666666666668,3,0.5,1.0,0.95
phi4_14b,ToTRAG,2,deepseek-coder:6.7b,0.8333333333333334,3,1.0,0.5,1.0
phi4_14b,ToTRAG,3,deepseek-coder:6.7b,0.8333333333333334,3,0.5,1.0,1.0
phi4_14b,ToTRAG,4,deepseek-coder:6.7b,0.8166666666666668,3,0.75,1.0,0.7
phi4_14b,ToTRAG,5,deepseek-coder:6.7b,0.611,3,0.5,0.5,0.833
phi4_14b,ToTRAG,6,deepseek-coder:6.7b,0.8333333333333334,3,1.0,1.0,0.5
phi4_14b,ToTRAG,7,deepseek-coder:6.7b,0.9833333333333334,3,0.95,1.0,1.0
phi4_14b,ToTRAG,8,deepseek-coder:6.7b,1.0,3,1.0,1.0,1.0
phi4_14b,ToTRAG,9,deepseek-coder:6.7b,1.0,3,1.0,1.0,1.0
phi4_14b,ToTRAG,10,deepseek-coder:6.7b,0.75,3,1.0,0.5,0.75
phi4_14b,ToTRAG,11,deepseek-coder:6.7b,1.0,3,1.0,1.0,1.0
phi4_14b,ToTRAG,12,deepseek-coder:6.7b,0.6666666666666666,3,0.5,1.0,0.5
phi4_14b,ToTRAG,13,deepseek-coder:6.7b,1.0,3,1.0,1.0,1.0
phi4_14b,ToTRAG,14,deepseek-coder:6.7b,0.7166666666666667,3,0.5,0.65,1.0
phi4_14b,ToTRAG,15,deepseek-coder:6.7b,0.5,3,1.0,0.0,0.5
phi4_14b,ToTRAG,16,deepseek-coder:6.7b,0.4333333333333333,3,0.8,0.0,0.5
phi4_14b,ToTRAG,17,deepseek-coder:6.7b,0.5,3,0.5,0.5,0.5
phi4_14b,ToTRAG,18,deepseek-coder:6.7b,0.6666666666666666,3,1.0,1.0,0.0
phi4_14b,ToTRAG,19,deepseek-coder:6.7b,0.5,3,0.0,0.5,1.0
phi4_14b,ToTRAG,20,deepseek-coder:6.7b,0.6666666666666666,3,0.0,1.0,1.0
phi4_14b,ToTRAG,21,deepseek-coder:6.7b,1.0,3,1.0,1.0,1.0
phi4_14b,ToTRAG,22,deepseek-coder:6.7b,1.0,3,1.0,1.0,1.0
phi4_14b,ToTRAG,23,deepseek-coder:6.7b,0.6666666666666666,3,1.0,0.0,1.0
phi4_14b,ToTRAG,24,deepseek-coder:6.7b,1.0,3,1.0,1.0,1.0
phi4_14b,ToTRAG,25,deepseek-coder:6.7b,0.7666666666666666,3,0.8,0.5,1.0
phi4_14b,ToTRAG,26,deepseek-coder:6.7b,0.8333333333333334,3,1.0,0.5,1.0
phi4_14b,ToTRAG,27,deepseek-coder:6.7b,0.3333333333333333,3,0.5,0.0,0.5
phi4_14b,ToTRAG,28,deepseek-coder:6.7b,0.3899999999999999,3,0.0,0.5,0.67
phi4_14b,ToTRAG,29,deepseek-coder:6.7b,1.0,3,1.0,1.0,1.0
phi4_14b,ToTRAG,30,deepseek-coder:6.7b,0.95,3,1.0,0.85,1.0
phi4_14b,ToTRAG,31,deepseek-coder:6.7b,0.8333333333333334,3,0.5,1.0,1.0
phi4_14b,ToTRAG,32,deepseek-coder:6.7b,0.3166666666666666,3,0.0,0.95,0.0
phi4_14b,ToTRAG,33,deepseek-coder:6.7b,0.5,3,0.5,1.0,0.0
phi4_14b,ToTRAG,34,deepseek-coder:6.7b,0.7833333333333333,3,0.85,1.0,0.5
phi4_14b,ToTRAG,35,deepseek-coder:6.7b,1.0,3,1.0,1.0,1.0
phi4_14b,ToTRAG,36,deepseek-coder:6.7b,0.5,3,0.5,0.5,0.5
phi4_14b,ToTRAG,37,deepseek-coder:6.7b,0.7000000000000001,3,0.5,0.7,0.9
phi4_14b,ToTRAG,38,deepseek-coder:6.7b,0.6666666666666666,3,0.5,0.5,1.0
phi4_14b,ToTRAG,39,deepseek-coder:6.7b,0.9333333333333332,3,1.0,0.8,1.0
phi4_14b,ToTRAG,40,deepseek-coder:6.7b,0.6666666666666666,3,0.0,1.0,1.0
phi4_14b,ToTRAG,41,deepseek-coder:6.7b,0.8166666666666668,3,1.0,0.5,0.95
phi4_14b,ToTRAG,42,deepseek-coder:6.7b,0.9166666666666666,3,1.0,0.75,1.0
phi4_14b,ToTRAG,43,deepseek-coder:6.7b,0.8333333333333334,3,1.0,0.5,1.0
phi4_14b,ToTRAG,44,deepseek-coder:6.7b,0.5833333333333334,3,0.75,1.0,0.0
phi4_14b,ToTRAG,45,deepseek-coder:6.7b,0.6666666666666666,3,0.0,1.0,1.0
phi4_14b,ToTRAG,46,deepseek-coder:6.7b,0.8333333333333334,3,1.0,0.5,1.0
phi4_14b,ToTRAG,47,deepseek-coder:6.7b,1.0,3,1.0,1.0,1.0
phi4_14b,ToTRAG,48,deepseek-coder:6.7b,0.7666666666666666,3,0.5,1.0,0.8
phi4_14b,ToTRAG,49,deepseek-coder:6.7b,0.3333333333333333,3,1.0,0.0,0.0
phi4_14b,ToTRAG,50,deepseek-coder:6.7b,0.9166666666666666,3,0.75,1.0,1.0
phi4_14b,ToTRAG,51,deepseek-coder:6.7b,0.5333333333333333,3,0.6,0.0,1.0
phi4_14b,ToTRAG,52,deepseek-coder:6.7b,0.9333333333333332,3,1.0,1.0,0.8
phi4_14b,ToTRAG,53,deepseek-coder:6.7b,0.4166666666666667,3,0.75,0.5,0.0
phi4_14b,ToTRAG,54,deepseek-coder:6.7b,0.6166666666666667,3,0.5,0.75,0.6
phi4_14b,ToTRAG,55,deepseek-coder:6.7b,1.0,3,1.0,1.0,1.0
phi4_14b,ToTRAG,56,deepseek-coder:6.7b,0.95,3,0.85,1.0,1.0
phi4_14b,ToTRAG,57,deepseek-coder:6.7b,1.0,3,1.0,1.0,1.0
phi4_14b,ToTRAG,58,deepseek-coder:6.7b,0.4166666666666667,3,0.5,0.75,0.0
phi4_14b,ToTRAG,59,deepseek-coder:6.7b,0.6666666666666666,3,1.0,0.0,1.0
phi4_14b,ToTRAG,60,deepseek-coder:6.7b,0.9166666666666666,3,1.0,0.75,1.0
phi4_14b,ToTRAG,61,deepseek-coder:6.7b,0.8333333333333334,3,0.5,1.0,1.0
phi4_14b,ToTRAG,62,deepseek-coder:6.7b,0.8333333333333334,3,1.0,0.5,1.0
phi4_14b,ToTRAG,63,deepseek-coder:6.7b,1.0,3,1.0,1.0,1.0
phi4_14b,ToTRAG,64,deepseek-coder:6.7b,0.7783333333333333,3,0.875,1.0,0.46
phi4_14b,ToTRAG,65,deepseek-coder:6.7b,0.6,3,0.8,1.0,0.0
phi4_14b,ToTRAG,66,deepseek-coder:6.7b,0.45,3,0.0,0.5,0.85
qwen3_8b,CoTPlainLLM,0,qwen3:8b,0.6666666666666666,3,0.5,1.0,0.5
qwen3_8b,CoTPlainLLM,1,qwen3:8b,0.5,3,0.5,0.5,0.5
qwen3_8b,CoTPlainLLM,2,qwen3:8b,0.5,3,0.5,0.5,0.5
qwen3_8b,CoTPlainLLM,3,qwen3:8b,0.3333333333333333,3,0.5,0.5,0.0
qwen3_8b,CoTPlainLLM,4,qwen3:8b,0.5,3,0.5,0.5,0.5
qwen3_8b,CoTPlainLLM,5,qwen3:8b,0.3333333333333333,3,0.5,0.5,0.0
qwen3_8b,CoTPlainLLM,6,qwen3:8b,0.3333333333333333,3,0.5,0.5,0.0
qwen3_8b,CoTPlainLLM,7,qwen3:8b,0.1666666666666666,3,0.0,0.0,0.5
qwen3_8b,CoTPlainLLM,8,qwen3:8b,0.5,3,0.5,0.5,0.5
qwen3_8b,CoTPlainLLM,9,qwen3:8b,0.3333333333333333,3,0.5,0.5,0.0
qwen3_8b,CoTPlainLLM,10,qwen3:8b,0.5,3,0.5,0.5,0.5
qwen3_8b,CoTPlainLLM,11,qwen3:8b,0.1666666666666666,3,0.5,0.0,0.0
qwen3_8b,CoTPlainLLM,12,qwen3:8b,0.5,3,0.5,0.5,0.5
qwen3_8b,CoTPlainLLM,13,qwen3:8b,0.5,3,0.5,0.5,0.5
qwen3_8b,CoTPlainLLM,14,qwen3:8b,0.5,3,0.5,0.5,0.5
qwen3_8b,CoTPlainLLM,15,qwen3:8b,0.3333333333333333,3,0.5,0.5,0.0
qwen3_8b,CoTPlainLLM,16,qwen3:8b,0.5,3,0.5,0.5,0.5
qwen3_8b,CoTPlainLLM,17,qwen3:8b,0.1666666666666666,3,0.0,0.5,0.0
qwen3_8b,CoTPlainLLM,18,qwen3:8b,0.5,3,0.5,0.5,0.5
qwen3_8b,CoTPlainLLM,19,qwen3:8b,0.3333333333333333,3,0.5,0.0,0.5
qwen3_8b,CoTPlainLLM,20,qwen3:8b,0.6666666666666666,3,1.0,0.5,0.5
qwen3_8b,CoTPlainLLM,21,qwen3:8b,0.3333333333333333,3,0.0,0.5,0.5
qwen3_8b,CoTPlainLLM,22,qwen3:8b,0.6666666666666666,3,1.0,0.5,0.5
qwen3_8b,CoTPlainLLM,23,qwen3:8b,0.5,3,0.5,0.5,0.5
qwen3_8b,CoTPlainLLM,24,qwen3:8b,0.1666666666666666,3,0.5,0.0,0.0
qwen3_8b,CoTPlainLLM,25,qwen3:8b,0.5,3,0.5,0.5,0.5
qwen3_8b,CoTPlainLLM,26,qwen3:8b,0.3333333333333333,3,0.5,0.5,0.0
qwen3_8b,CoTPlainLLM,27,qwen3:8b,0.5,3,0.5,0.5,0.5
qwen3_8b,CoTPlainLLM,28,qwen3:8b,0.5,3,0.5,0.5,0.5
qwen3_8b,CoTPlainLLM,29,qwen3:8b,0.5,3,0.5,0.5,0.5
qwen3_8b,CoTPlainLLM,30,qwen3:8b,0.5,3,0.5,0.5,0.5
qwen3_8b,CoTPlainLLM,31,qwen3:8b,0.0,3,0.0,0.0,0.0
qwen3_8b,CoTPlainLLM,32,qwen3:8b,0.5,3,0.5,0.5,0.5
qwen3_8b,CoTPlainLLM,33,qwen3:8b,0.3333333333333333,3,0.5,0.0,0.5
qwen3_8b,CoTPlainLLM,34,qwen3:8b,0.1666666666666666,3,0.0,0.5,0.0
qwen3_8b,CoTPlainLLM,35,qwen3:8b,0.1666666666666666,3,0.5,0.0,0.0
qwen3_8b,CoTPlainLLM,36,qwen3:8b,0.1666666666666666,3,0.0,0.5,0.0
qwen3_8b,CoTPlainLLM,37,qwen3:8b,0.5,3,0.5,0.5,0.5
qwen3_8b,CoTPlainLLM,38,qwen3:8b,0.5,3,0.5,0.5,0.5
qwen3_8b,CoTPlainLLM,39,qwen3:8b,0.5,3,0.5,0.5,0.5
qwen3_8b,CoTPlainLLM,40,qwen3:8b,0.5,3,0.5,0.5,0.5
qwen3_8b,CoTPlainLLM,41,qwen3:8b,0.5,3,0.5,0.5,0.5
qwen3_8b,CoTPlainLLM,42,qwen3:8b,0.3333333333333333,3,0.0,0.5,0.5
qwen3_8b,CoTPlainLLM,43,qwen3:8b,0.5,3,0.5,0.5,0.5
qwen3_8b,CoTPlainLLM,44,qwen3:8b,0.5,3,0.5,0.5,0.5
qwen3_8b,CoTPlainLLM,45,qwen3:8b,0.5,3,0.5,0.5,0.5
qwen3_8b,CoTPlainLLM,46,qwen3:8b,0.3333333333333333,3,0.5,0.0,0.5
qwen3_8b,CoTPlainLLM,47,qwen3:8b,0.3333333333333333,3,0.5,0.5,0.0
qwen3_8b,CoTPlainLLM,48,qwen3:8b,0.3333333333333333,3,0.5,0.5,0.0
qwen3_8b,CoTPlainLLM,49,qwen3:8b,0.5,3,0.5,0.5,0.5
qwen3_8b,CoTPlainLLM,50,qwen3:8b,0.0,3,0.0,0.0,0.0
qwen3_8b,CoTPlainLLM,51,qwen3:8b,0.3333333333333333,3,0.5,0.5,0.0
qwen3_8b,CoTPlainLLM,52,qwen3:8b,0.3333333333333333,3,0.5,0.0,0.5
qwen3_8b,CoTPlainLLM,53,qwen3:8b,0.1666666666666666,3,0.0,0.0,0.5
qwen3_8b,CoTPlainLLM,54,qwen3:8b,0.0,3,0.0,0.0,0.0
qwen3_8b,CoTPlainLLM,55,qwen3:8b,0.0,3,0.0,0.0,0.0
qwen3_8b,CoTPlainLLM,56,qwen3:8b,0.5,3,0.5,0.5,0.5
qwen3_8b,CoTPlainLLM,57,qwen3:8b,0.8333333333333334,3,1.0,1.0,0.5
qwen3_8b,CoTPlainLLM,58,qwen3:8b,0.5,3,0.5,0.5,0.5
qwen3_8b,CoTPlainLLM,59,qwen3:8b,0.6666666666666666,3,1.0,0.5,0.5
qwen3_8b,CoTPlainLLM,60,qwen3:8b,0.5,3,0.5,0.5,0.5
qwen3_8b,CoTPlainLLM,61,qwen3:8b,0.5,3,0.5,0.5,0.5
qwen3_8b,CoTPlainLLM,62,qwen3:8b,0.5,3,0.5,0.5,0.5
qwen3_8b,CoTPlainLLM,63,qwen3:8b,0.75,3,1.0,0.75,0.5
qwen3_8b,CoTPlainLLM,64,qwen3:8b,1.0,3,1.0,1.0,1.0
qwen3_8b,CoTPlainLLM,65,qwen3:8b,0.8333333333333334,3,1.0,0.5,1.0
qwen3_8b,CoTPlainLLM,66,qwen3:8b,0.3333333333333333,3,0.5,0.5,0.0
qwen3_8b,GoTPlainLLM,0,qwen3:8b,0.5,3,0.5,0.5,0.5
qwen3_8b,GoTPlainLLM,1,qwen3:8b,0.3333333333333333,3,0.5,0.5,0.0
qwen3_8b,GoTPlainLLM,2,qwen3:8b,0.5,3,0.5,0.5,0.5
qwen3_8b,GoTPlainLLM,3,qwen3:8b,0.5,3,0.5,0.5,0.5
qwen3_8b,GoTPlainLLM,4,qwen3:8b,0.8333333333333334,3,1.0,0.5,1.0
qwen3_8b,GoTPlainLLM,5,qwen3:8b,0.5,3,0.5,0.5,0.5
qwen3_8b,GoTPlainLLM,6,qwen3:8b,0.5,3,0.5,0.5,0.5
qwen3_8b,GoTPlainLLM,7,qwen3:8b,0.6666666666666666,3,1.0,0.5,0.5
qwen3_8b,GoTPlainLLM,8,qwen3:8b,0.5,3,0.5,0.5,0.5
qwen3_8b,GoTPlainLLM,9,qwen3:8b,0.5,3,0.5,0.5,0.5
qwen3_8b,GoTPlainLLM,10,qwen3:8b,0.5,3,0.5,0.5,0.5
qwen3_8b,GoTPlainLLM,11,qwen3:8b,0.5,3,0.5,0.5,0.5
qwen3_8b,GoTPlainLLM,12,qwen3:8b,0.5,3,0.5,0.5,0.5
qwen3_8b,GoTPlainLLM,13,qwen3:8b,0.5,3,0.5,0.5,0.5
qwen3_8b,GoTPlainLLM,14,qwen3:8b,0.5,3,0.5,0.5,0.5
qwen3_8b,GoTPlainLLM,15,qwen3:8b,0.5,3,0.5,0.5,0.5
qwen3_8b,GoTPlainLLM,16,qwen3:8b,0.8333333333333334,3,0.5,1.0,1.0
qwen3_8b,GoTPlainLLM,17,qwen3:8b,0.5,3,0.5,0.5,0.5
qwen3_8b,GoTPlainLLM,18,qwen3:8b,0.5,3,0.5,0.5,0.5
qwen3_8b,GoTPlainLLM,19,qwen3:8b,0.5,3,0.5,0.5,0.5
qwen3_8b,GoTPlainLLM,20,qwen3:8b,0.5,3,0.5,0.5,0.5
qwen3_8b,GoTPlainLLM,21,qwen3:8b,0.1666666666666666,3,0.5,0.0,0.0
qwen3_8b,GoTPlainLLM,22,qwen3:8b,0.5,3,0.5,0.5,0.5
qwen3_8b,GoTPlainLLM,23,qwen3:8b,0.5,3,0.5,0.5,0.5
qwen3_8b,GoTPlainLLM,24,qwen3:8b,0.6666666666666666,3,0.5,0.5,1.0
qwen3_8b,GoTPlainLLM,25,qwen3:8b,0.5,3,0.5,0.5,0.5
qwen3_8b,GoTPlainLLM,26,qwen3:8b,0.5,3,0.5,0.5,0.5
qwen3_8b,GoTPlainLLM,27,qwen3:8b,0.5,3,0.5,0.5,0.5
qwen3_8b,GoTPlainLLM,28,qwen3:8b,0.5,3,0.5,0.5,0.5
qwen3_8b,GoTPlainLLM,29,qwen3:8b,0.5,3,0.5,0.5,0.5
qwen3_8b,GoTPlainLLM,30,qwen3:8b,0.6666666666666666,3,1.0,0.5,0.5
qwen3_8b,GoTPlainLLM,31,qwen3:8b,0.5,3,0.5,0.5,0.5
qwen3_8b,GoTPlainLLM,32,qwen3:8b,0.5,3,0.5,0.5,0.5
qwen3_8b,GoTPlainLLM,33,qwen3:8b,0.5,3,0.5,0.5,0.5
qwen3_8b,GoTPlainLLM,34,qwen3:8b,0.5,3,0.5,0.5,0.5
qwen3_8b,GoTPlainLLM,35,qwen3:8b,0.5,3,0.5,0.5,0.5
qwen3_8b,GoTPlainLLM,36,qwen3:8b,0.3333333333333333,3,0.0,0.5,0.5
qwen3_8b,GoTPlainLLM,37,qwen3:8b,0.5,3,0.5,0.5,0.5
qwen3_8b,GoTPlainLLM,38,qwen3:8b,0.5,3,0.5,0.5,0.5
qwen3_8b,GoTPlainLLM,39,qwen3:8b,0.5,3,0.5,0.5,0.5
qwen3_8b,GoTPlainLLM,40,qwen3:8b,0.5,3,0.5,0.5,0.5
qwen3_8b,GoTPlainLLM,41,qwen3:8b,0.5,3,0.5,0.5,0.5
qwen3_8b,GoTPlainLLM,42,qwen3:8b,0.5,3,0.5,0.5,0.5
qwen3_8b,GoTPlainLLM,43,qwen3:8b,0.5,3,0.5,0.5,0.5
qwen3_8b,GoTPlainLLM,44,qwen3:8b,0.5,3,0.5,0.5,0.5
qwen3_8b,GoTPlainLLM,45,qwen3:8b,0.5,3,0.5,0.5,0.5
qwen3_8b,GoTPlainLLM,46,qwen3:8b,0.5,3,0.5,0.5,0.5
qwen3_8b,GoTPlainLLM,47,qwen3:8b,0.5,3,0.5,0.5,0.5
qwen3_8b,GoTPlainLLM,48,qwen3:8b,0.5,3,0.5,0.5,0.5
qwen3_8b,GoTPlainLLM,49,qwen3:8b,0.5,3,0.5,0.5,0.5
qwen3_8b,GoTPlainLLM,50,qwen3:8b,0.5,3,0.5,0.5,0.5
qwen3_8b,GoTPlainLLM,51,qwen3:8b,0.5,3,0.5,0.5,0.5
qwen3_8b,GoTPlainLLM,52,qwen3:8b,0.3333333333333333,3,0.0,0.5,0.5
qwen3_8b,GoTPlainLLM,53,qwen3:8b,0.3333333333333333,3,0.5,0.0,0.5
qwen3_8b,GoTPlainLLM,54,qwen3:8b,0.6666666666666666,3,1.0,0.5,0.5
qwen3_8b,GoTPlainLLM,55,qwen3:8b,0.5,3,0.5,0.5,0.5
qwen3_8b,GoTPlainLLM,56,qwen3:8b,0.5,3,0.5,0.5,0.5
qwen3_8b,GoTPlainLLM,57,qwen3:8b,0.5,3,0.5,0.5,0.5
qwen3_8b,GoTPlainLLM,58,qwen3:8b,0.5,3,0.5,0.5,0.5
qwen3_8b,GoTPlainLLM,59,qwen3:8b,1.0,3,1.0,1.0,1.0
qwen3_8b,GoTPlainLLM,60,qwen3:8b,0.6666666666666666,3,0.5,1.0,0.5
qwen3_8b,GoTPlainLLM,61,qwen3:8b,0.5,3,0.5,0.5,0.5
qwen3_8b,GoTPlainLLM,62,qwen3:8b,0.5,3,0.5,0.5,0.5
qwen3_8b,GoTPlainLLM,63,qwen3:8b,0.5,3,0.5,0.5,0.5
qwen3_8b,GoTPlainLLM,64,qwen3:8b,0.5,3,0.5,0.5,0.5
qwen3_8b,GoTPlainLLM,65,qwen3:8b,0.5,3,0.5,0.5,0.5
qwen3_8b,GoTPlainLLM,66,qwen3:8b,0.3333333333333333,3,0.0,0.5,0.5
llama3_2_latest,CoTPlainLLM,0,deepseek-coder:6.7b,1.0,3,1.0,1.0,1.0
llama3_2_latest,CoTPlainLLM,1,deepseek-coder:6.7b,0.4333333333333333,3,0.8,0.0,0.5
llama3_2_latest,CoTPlainLLM,2,deepseek-coder:6.7b,0.8333333333333334,3,0.5,1.0,1.0
llama3_2_latest,CoTPlainLLM,3,deepseek-coder:6.7b,0.8333333333333334,3,1.0,0.5,1.0
llama3_2_latest,CoTPlainLLM,4,deepseek-coder:6.7b,0.8333333333333334,3,1.0,0.5,1.0
llama3_2_latest,CoTPlainLLM,5,deepseek-coder:6.7b,0.8333333333333334,3,0.5,1.0,1.0
llama3_2_latest,CoTPlainLLM,6,deepseek-coder:6.7b,0.5,3,1.0,0.0,0.5
llama3_2_latest,CoTPlainLLM,7,deepseek-coder:6.7b,0.8333333333333334,3,1.0,0.5,1.0
llama3_2_latest,CoTPlainLLM,8,deepseek-coder:6.7b,0.84,3,0.67,0.85,1.0
llama3_2_latest,CoTPlainLLM,9,deepseek-coder:6.7b,1.0,3,1.0,1.0,1.0
llama3_2_latest,CoTPlainLLM,10,deepseek-coder:6.7b,0.8333333333333334,3,1.0,0.5,1.0
llama3_2_latest,CoTPlainLLM,11,deepseek-coder:6.7b,0.8333333333333334,3,1.0,1.0,0.5
llama3_2_latest,CoTPlainLLM,12,deepseek-coder:6.7b,0.8333333333333334,3,1.0,0.75,0.75
llama3_2_latest,CoTPlainLLM,13,deepseek-coder:6.7b,0.9166666666666666,3,1.0,1.0,0.75
llama3_2_latest,CoTPlainLLM,14,deepseek-coder:6.7b,0.75,3,0.5,1.0,0.75
llama3_2_latest,CoTPlainLLM,15,deepseek-coder:6.7b,0.75,3,1.0,0.5,0.75
llama3_2_latest,CoTPlainLLM,16,deepseek-coder:6.7b,0.9083333333333332,3,0.85,1.0,0.875
llama3_2_latest,CoTPlainLLM,17,deepseek-coder:6.7b,0.3566666666666667,3,0.5,0.5,0.07
llama3_2_latest,CoTPlainLLM,18,deepseek-coder:6.7b,0.8333333333333334,3,1.0,0.5,1.0
llama3_2_latest,CoTPlainLLM,19,deepseek-coder:6.7b,0.5833333333333334,3,0.5,1.0,0.25
llama3_2_latest,CoTPlainLLM,20,deepseek-coder:6.7b,1.0,3,1.0,1.0,1.0
llama3_2_latest,CoTPlainLLM,21,deepseek-coder:6.7b,0.8066666666666666,3,1.0,0.67,0.75
llama3_2_latest,CoTPlainLLM,22,deepseek-coder:6.7b,1.0,3,1.0,1.0,1.0
llama3_2_latest,CoTPlainLLM,23,deepseek-coder:6.7b,1.0,3,1.0,1.0,1.0
llama3_2_latest,CoTPlainLLM,24,deepseek-coder:6.7b,0.6666666666666666,3,0.5,1.0,0.5
llama3_2_latest,CoTPlainLLM,25,deepseek-coder:6.7b,0.8333333333333334,3,1.0,0.5,1.0
llama3_2_latest,CoTPlainLLM,26,deepseek-coder:6.7b,0.6666666666666666,3,1.0,0.5,0.5
llama3_2_latest,CoTPlainLLM,27,deepseek-coder:6.7b,0.95,3,0.85,1.0,1.0
llama3_2_latest,CoTPlainLLM,28,deepseek-coder:6.7b,0.8333333333333334,3,1.0,0.5,1.0
llama3_2_latest,CoTPlainLLM,29,deepseek-coder:6.7b,0.95,3,1.0,0.85,1.0
llama3_2_latest,CoTPlainLLM,30,deepseek-coder:6.7b,0.8333333333333334,3,0.5,1.0,1.0
llama3_2_latest,CoTPlainLLM,31,deepseek-coder:6.7b,0.6266666666666666,3,0.88,1.0,0.0
llama3_2_latest,CoTPlainLLM,32,deepseek-coder:6.7b,0.8333333333333334,3,0.5,1.0,1.0
llama3_2_latest,CoTPlainLLM,33,deepseek-coder:6.7b,0.6133333333333334,3,1.0,0.34,0.5
llama3_2_latest,CoTPlainLLM,34,deepseek-coder:6.7b,0.6,3,0.5,0.5,0.8
llama3_2_latest,CoTPlainLLM,35,deepseek-coder:6.7b,0.5,3,1.0,0.5,0.0
llama3_2_latest,CoTPlainLLM,36,deepseek-coder:6.7b,0.7666666666666666,3,1.0,0.5,0.8
llama3_2_latest,CoTPlainLLM,37,deepseek-coder:6.7b,0.5555555555555555,3,1.0,0.6666666666666666,0.0
llama3_2_latest,CoTPlainLLM,38,deepseek-coder:6.7b,0.8333333333333334,3,1.0,1.0,0.5
llama3_2_latest,CoTPlainLLM,39,deepseek-coder:6.7b,1.0,3,1.0,1.0,1.0
llama3_2_latest,CoTPlainLLM,40,deepseek-coder:6.7b,1.0,3,1.0,1.0,1.0
llama3_2_latest,CoTPlainLLM,41,deepseek-coder:6.7b,0.6833333333333332,3,0.5,0.75,0.8
llama3_2_latest,CoTPlainLLM,42,deepseek-coder:6.7b,0.6666666666666666,3,1.0,0.5,0.5
llama3_2_latest,CoTPlainLLM,43,deepseek-coder:6.7b,0.515,3,0.875,0.0,0.67
llama3_2_latest,CoTPlainLLM,44,deepseek-coder:6.7b,0.8333333333333334,3,0.5,1.0,1.0
llama3_2_latest,CoTPlainLLM,45,deepseek-coder:6.7b,0.6,3,0.0,0.95,0.85
llama3_2_latest,CoTPlainLLM,46,deepseek-coder:6.7b,0.3333333333333333,3,0.0,0.0,1.0
llama3_2_latest,CoTPlainLLM,47,deepseek-coder:6.7b,0.6666666666666666,3,1.0,0.5,0.5
llama3_2_latest,CoTPlainLLM,48,deepseek-coder:6.7b,0.6666666666666666,3,0.0,1.0,1.0
llama3_2_latest,CoTPlainLLM,49,deepseek-coder:6.7b,0.5833333333333334,3,0.75,0.5,0.5
llama3_2_latest,CoTPlainLLM,50,deepseek-coder:6.7b,0.4503333333333333,3,0.001,0.5,0.85
llama3_2_latest,CoTPlainLLM,51,deepseek-coder:6.7b,0.3333333333333333,3,0.0,0.0,1.0
llama3_2_latest,CoTPlainLLM,52,deepseek-coder:6.7b,1.0,3,1.0,1.0,1.0
llama3_2_latest,CoTPlainLLM,53,deepseek-coder:6.7b,0.9333333333333332,3,1.0,0.8,1.0
llama3_2_latest,CoTPlainLLM,54,deepseek-coder:6.7b,0.6666666666666666,3,0.5,0.5,1.0
llama3_2_latest,CoTPlainLLM,55,deepseek-coder:6.7b,0.6,3,0.0,1.0,0.8
llama3_2_latest,CoTPlainLLM,56,deepseek-coder:6.7b,0.1766666666666666,3,0.03,0.5,0.0
llama3_2_latest,CoTPlainLLM,57,deepseek-coder:6.7b,0.5,3,0.5,0.0,1.0
llama3_2_latest,CoTPlainLLM,58,deepseek-coder:6.7b,0.7333333333333334,3,0.7,0.5,1.0
llama3_2_latest,CoTPlainLLM,59,deepseek-coder:6.7b,0.6666666666666666,3,1.0,1.0,0.0
llama3_2_latest,CoTPlainLLM,60,deepseek-coder:6.7b,0.8333333333333334,3,1.0,0.5,1.0
llama3_2_latest,CoTPlainLLM,61,deepseek-coder:6.7b,0.7766666666666667,3,0.5,0.83,1.0
llama3_2_latest,CoTPlainLLM,62,deepseek-coder:6.7b,0.5566666666666666,3,1.0,0.67,0.0
llama3_2_latest,CoTPlainLLM,63,deepseek-coder:6.7b,0.6666666666666666,3,0.0,1.0,1.0
llama3_2_latest,CoTPlainLLM,64,deepseek-coder:6.7b,0.5,3,1.0,0.5,0.0
llama3_2_latest,CoTPlainLLM,65,deepseek-coder:6.7b,0.5,3,0.5,0.5,0.5
llama3_2_latest,CoTPlainLLM,66,deepseek-coder:6.7b,0.9833333333333334,3,1.0,1.0,0.95
phi4_14b,CoTRAG,0,deepseek-coder:6.7b,0.6666666666666666,3,0.8,0.5,0.7
phi4_14b,CoTRAG,1,deepseek-coder:6.7b,0.6666666666666666,3,0.0,1.0,1.0
phi4_14b,CoTRAG,2,deepseek-coder:6.7b,1.0,3,1.0,1.0,1.0
phi4_14b,CoTRAG,3,deepseek-coder:6.7b,0.3333333333333333,3,0.5,0.5,0.0
phi4_14b,CoTRAG,4,deepseek-coder:6.7b,0.75,3,0.75,0.5,1.0
phi4_14b,CoTRAG,5,deepseek-coder:6.7b,0.5,3,0.0,1.0,0.5
phi4_14b,CoTRAG,6,deepseek-coder:6.7b,1.0,3,1.0,1.0,1.0
phi4_14b,CoTRAG,7,deepseek-coder:6.7b,0.89,3,1.0,0.67,1.0
phi4_14b,CoTRAG,8,deepseek-coder:6.7b,0.5,3,1.0,0.0,0.5
phi4_14b,CoTRAG,9,deepseek-coder:6.7b,0.8333333333333334,3,1.0,0.5,1.0
phi4_14b,CoTRAG,10,deepseek-coder:6.7b,0.9166666666666666,3,0.9,0.85,1.0
phi4_14b,CoTRAG,11,deepseek-coder:6.7b,1.0,3,1.0,1.0,1.0
phi4_14b,CoTRAG,12,deepseek-coder:6.7b,0.61,3,1.0,0.33,0.5
phi4_14b,CoTRAG,13,deepseek-coder:6.7b,0.9666666666666668,3,1.0,0.9,1.0
phi4_14b,CoTRAG,14,deepseek-coder:6.7b,0.6333333333333333,3,0.9,1.0,0.0
phi4_14b,CoTRAG,15,deepseek-coder:6.7b,0.8333333333333334,3,1.0,1.0,0.5
phi4_14b,CoTRAG,16,deepseek-coder:6.7b,0.8166666666666668,3,0.7,0.75,1.0
phi4_14b,CoTRAG,17,deepseek-coder:6.7b,0.8666666666666667,3,0.6,1.0,1.0
phi4_14b,CoTRAG,18,deepseek-coder:6.7b,0.8333333333333334,3,1.0,0.5,1.0
phi4_14b,CoTRAG,19,deepseek-coder:6.7b,0.8333333333333334,3,0.5,1.0,1.0
phi4_14b,CoTRAG,20,deepseek-coder:6.7b,0.9333333333333332,3,0.8,1.0,1.0
phi4_14b,CoTRAG,21,deepseek-coder:6.7b,0.3483333333333333,3,0.045,0.0,1.0
phi4_14b,CoTRAG,22,deepseek-coder:6.7b,0.5,3,0.5,0.0,1.0
phi4_14b,CoTRAG,23,deepseek-coder:6.7b,0.8333333333333334,3,1.0,1.0,0.5
phi4_14b,CoTRAG,24,deepseek-coder:6.7b,1.0,3,1.0,1.0,1.0
phi4_14b,CoTRAG,25,deepseek-coder:6.7b,0.5,3,0.5,1.0,0.0
phi4_14b,CoTRAG,26,deepseek-coder:6.7b,1.0,3,1.0,1.0,1.0
phi4_14b,CoTRAG,27,deepseek-coder:6.7b,0.6666666666666666,3,1.0,1.0,0.0
phi4_14b,CoTRAG,28,deepseek-coder:6.7b,1.0,3,1.0,1.0,1.0
phi4_14b,CoTRAG,29,deepseek-coder:6.7b,0.8333333333333334,3,0.5,1.0,1.0
phi4_14b,CoTRAG,30,deepseek-coder:6.7b,1.0,3,1.0,1.0,1.0
phi4_14b,CoTRAG,31,deepseek-coder:6.7b,0.5555555555555555,3,1.0,0.6666666666666666,0.0
phi4_14b,CoTRAG,32,deepseek-coder:6.7b,0.1666666666666666,3,0.0,0.5,0.0
phi4_14b,CoTRAG,33,deepseek-coder:6.7b,0.9166666666666666,3,1.0,1.0,0.75
phi4_14b,CoTRAG,34,deepseek-coder:6.7b,0.1966666666666666,3,0.5,0.03,0.06
phi4_14b,CoTRAG,35,deepseek-coder:6.7b,0.6699999999999999,3,0.01,1.0,1.0
phi4_14b,CoTRAG,36,deepseek-coder:6.7b,0.5,3,0.0,0.5,1.0
phi4_14b,CoTRAG,37,deepseek-coder:6.7b,0.6666666666666666,3,0.5,1.0,0.5
phi4_14b,CoTRAG,38,deepseek-coder:6.7b,0.6666666666666666,3,1.0,1.0,0.0
phi4_14b,CoTRAG,39,deepseek-coder:6.7b,0.8066666666666666,3,0.75,1.0,0.67
phi4_14b,CoTRAG,40,deepseek-coder:6.7b,0.5833333333333334,3,0.0,1.0,0.75
phi4_14b,CoTRAG,41,deepseek-coder:6.7b,0.8333333333333334,3,1.0,0.5,1.0
phi4_14b,CoTRAG,42,deepseek-coder:6.7b,1.0,3,1.0,1.0,1.0
phi4_14b,CoTRAG,43,deepseek-coder:6.7b,0.6666666666666666,3,1.0,0.0,1.0
phi4_14b,CoTRAG,44,deepseek-coder:6.7b,0.7266666666666666,3,0.6,0.83,0.75
phi4_14b,CoTRAG,45,deepseek-coder:6.7b,0.9166666666666666,3,1.0,1.0,0.75
phi4_14b,CoTRAG,46,deepseek-coder:6.7b,0.9333333333333332,3,1.0,1.0,0.8
phi4_14b,CoTRAG,47,deepseek-coder:6.7b,0.75,3,0.75,0.5,1.0
phi4_14b,CoTRAG,48,deepseek-coder:6.7b,0.9166666666666666,3,0.75,1.0,1.0
phi4_14b,CoTRAG,49,deepseek-coder:6.7b,1.0,3,1.0,1.0,1.0
phi4_14b,CoTRAG,50,deepseek-coder:6.7b,0.8333333333333334,3,0.5,1.0,1.0
phi4_14b,CoTRAG,51,deepseek-coder:6.7b,1.0,3,1.0,1.0,1.0
phi4_14b,CoTRAG,52,deepseek-coder:6.7b,0.6190476190476191,3,0.5,0.5,0.8571428571428571
phi4_14b,CoTRAG,53,deepseek-coder:6.7b,0.6666666666666666,3,1.0,0.5,0.5
phi4_14b,CoTRAG,54,deepseek-coder:6.7b,0.7666666666666666,3,1.0,0.8,0.5
phi4_14b,CoTRAG,55,deepseek-coder:6.7b,0.8333333333333334,3,0.5,1.0,1.0
phi4_14b,CoTRAG,56,deepseek-coder:6.7b,0.6699999999999999,3,0.01,1.0,1.0
phi4_14b,CoTRAG,57,deepseek-coder:6.7b,0.8333333333333334,3,0.5,1.0,1.0
phi4_14b,CoTRAG,58,deepseek-coder:6.7b,1.0,3,1.0,1.0,1.0
phi4_14b,CoTRAG,59,deepseek-coder:6.7b,0.7000000000000001,3,0.6,1.0,0.5
phi4_14b,CoTRAG,60,deepseek-coder:6.7b,1.0,3,1.0,1.0,1.0
phi4_14b,CoTRAG,61,deepseek-coder:6.7b,0.3999999999999999,3,0.0,1.0,0.2
phi4_14b,CoTRAG,62,deepseek-coder:6.7b,1.0,3,1.0,1.0,1.0
phi4_14b,CoTRAG,63,deepseek-coder:6.7b,0.65,3,1.0,0.5,0.45
phi4_14b,CoTRAG,64,deepseek-coder:6.7b,0.8333333333333334,3,0.5,1.0,1.0
phi4_14b,CoTRAG,65,deepseek-coder:6.7b,0.6733333333333333,3,1.0,1.0,0.02
phi4_14b,CoTRAG,66,deepseek-coder:6.7b,0.8333333333333334,3,0.5,1.0,1.0
llama3_2_latest,PlainLLM,0,qwen3:8b,0.0,3,0.0,0.0,0.0
llama3_2_latest,PlainLLM,1,qwen3:8b,0.1666666666666666,3,0.5,0.0,0.0
llama3_2_latest,PlainLLM,2,qwen3:8b,0.5,3,0.5,0.5,0.5
llama3_2_latest,PlainLLM,3,qwen3:8b,0.5,3,0.5,0.5,0.5
llama3_2_latest,PlainLLM,4,qwen3:8b,0.5,3,0.5,0.5,0.5
llama3_2_latest,PlainLLM,5,qwen3:8b,0.0,3,0.0,0.0,0.0
llama3_2_latest,PlainLLM,6,qwen3:8b,0.0,3,0.0,0.0,0.0
llama3_2_latest,PlainLLM,7,qwen3:8b,0.3333333333333333,3,0.0,0.5,0.5
llama3_2_latest,PlainLLM,8,qwen3:8b,0.0,3,0.0,0.0,0.0
llama3_2_latest,PlainLLM,9,qwen3:8b,0.3333333333333333,3,0.5,0.5,0.0
llama3_2_latest,PlainLLM,10,qwen3:8b,0.0,3,0.0,0.0,0.0
llama3_2_latest,PlainLLM,11,qwen3:8b,0.3333333333333333,3,0.5,0.0,0.5
llama3_2_latest,PlainLLM,12,qwen3:8b,0.0,3,0.0,0.0,0.0
llama3_2_latest,PlainLLM,13,qwen3:8b,0.1666666666666666,3,0.0,0.5,0.0
llama3_2_latest,PlainLLM,14,qwen3:8b,0.1666666666666666,3,0.5,0.0,0.0
llama3_2_latest,PlainLLM,15,qwen3:8b,0.3333333333333333,3,0.0,0.5,0.5
llama3_2_latest,PlainLLM,16,qwen3:8b,0.5,3,0.5,0.5,0.5
llama3_2_latest,PlainLLM,17,qwen3:8b,0.1666666666666666,3,0.0,0.0,0.5
llama3_2_latest,PlainLLM,18,qwen3:8b,0.1666666666666666,3,0.0,0.5,0.0
llama3_2_latest,PlainLLM,19,qwen3:8b,0.0,3,0.0,0.0,0.0
llama3_2_latest,PlainLLM,20,qwen3:8b,0.5,3,0.5,0.5,0.5
llama3_2_latest,PlainLLM,21,qwen3:8b,0.5,3,0.5,0.5,0.5
llama3_2_latest,PlainLLM,22,qwen3:8b,0.1666666666666666,3,0.5,0.0,0.0
llama3_2_latest,PlainLLM,23,qwen3:8b,0.3333333333333333,3,0.0,0.5,0.5
llama3_2_latest,PlainLLM,24,qwen3:8b,0.1666666666666666,3,0.0,0.0,0.5
llama3_2_latest,PlainLLM,25,qwen3:8b,0.5,3,0.5,0.5,0.5
llama3_2_latest,PlainLLM,26,qwen3:8b,0.5,3,0.5,0.5,0.5
llama3_2_latest,PlainLLM,27,qwen3:8b,0.0,3,0.0,0.0,0.0
llama3_2_latest,PlainLLM,28,qwen3:8b,0.5,3,0.5,0.5,0.5
llama3_2_latest,PlainLLM,29,qwen3:8b,0.5,3,0.5,0.5,0.5
llama3_2_latest,PlainLLM,30,qwen3:8b,0.3333333333333333,3,0.5,0.5,0.0
llama3_2_latest,PlainLLM,31,qwen3:8b,0.0,3,0.0,0.0,0.0
llama3_2_latest,PlainLLM,32,qwen3:8b,0.0,3,0.0,0.0,0.0
llama3_2_latest,PlainLLM,33,qwen3:8b,0.5,3,0.5,0.5,0.5
llama3_2_latest,PlainLLM,34,qwen3:8b,0.5,3,0.5,0.5,0.5
llama3_2_latest,PlainLLM,35,qwen3:8b,0.0,3,0.0,0.0,0.0
llama3_2_latest,PlainLLM,36,qwen3:8b,0.0,3,0.0,0.0,0.0
llama3_2_latest,PlainLLM,37,qwen3:8b,0.5,3,0.5,0.5,0.5
llama3_2_latest,PlainLLM,38,qwen3:8b,0.5,3,0.5,0.5,0.5
llama3_2_latest,PlainLLM,39,qwen3:8b,0.5,3,0.5,0.5,0.5
llama3_2_latest,PlainLLM,40,qwen3:8b,0.5,3,0.5,0.5,0.5
llama3_2_latest,PlainLLM,41,qwen3:8b,0.1666666666666666,3,0.0,0.0,0.5
llama3_2_latest,PlainLLM,42,qwen3:8b,0.1666666666666666,3,0.5,0.0,0.0
llama3_2_latest,PlainLLM,43,qwen3:8b,0.0,3,0.0,0.0,0.0
llama3_2_latest,PlainLLM,44,qwen3:8b,0.5,3,0.5,0.5,0.5
llama3_2_latest,PlainLLM,45,qwen3:8b,0.1666666666666666,3,0.0,0.0,0.5
llama3_2_latest,PlainLLM,46,qwen3:8b,0.1666666666666666,3,0.0,0.0,0.5
llama3_2_latest,PlainLLM,47,qwen3:8b,0.0,3,0.0,0.0,0.0
llama3_2_latest,PlainLLM,48,qwen3:8b,0.3333333333333333,3,0.0,0.5,0.5
llama3_2_latest,PlainLLM,49,qwen3:8b,0.1666666666666666,3,0.0,0.5,0.0
llama3_2_latest,PlainLLM,50,qwen3:8b,0.0,3,0.0,0.0,0.0
llama3_2_latest,PlainLLM,51,qwen3:8b,0.4333333333333333,3,0.3,0.5,0.5
llama3_2_latest,PlainLLM,52,qwen3:8b,0.0,3,0.0,0.0,0.0
llama3_2_latest,PlainLLM,53,qwen3:8b,0.0,3,0.0,0.0,0.0
llama3_2_latest,PlainLLM,54,qwen3:8b,0.1666666666666666,3,0.0,0.5,0.0
llama3_2_latest,PlainLLM,55,qwen3:8b,0.0,3,0.0,0.0,0.0
llama3_2_latest,PlainLLM,56,qwen3:8b,0.1666666666666666,3,0.0,0.0,0.5
llama3_2_latest,PlainLLM,57,qwen3:8b,0.0,3,0.0,0.0,0.0
llama3_2_latest,PlainLLM,58,qwen3:8b,0.5,3,0.5,0.5,0.5
llama3_2_latest,PlainLLM,59,qwen3:8b,0.1666666666666666,3,0.5,0.0,0.0
llama3_2_latest,PlainLLM,60,qwen3:8b,0.0,3,0.0,0.0,0.0
llama3_2_latest,PlainLLM,61,qwen3:8b,0.0,3,0.0,0.0,0.0
llama3_2_latest,PlainLLM,62,qwen3:8b,0.1666666666666666,3,0.0,0.5,0.0
llama3_2_latest,PlainLLM,63,qwen3:8b,0.5,3,0.5,0.5,0.5
llama3_2_latest,PlainLLM,64,qwen3:8b,0.5,3,0.5,0.5,0.5
llama3_2_latest,PlainLLM,65,qwen3:8b,0.3333333333333333,3,0.0,0.5,0.5
llama3_2_latest,PlainLLM,66,qwen3:8b,0.1666666666666666,3,0.0,0.0,0.5
qwen3_8b,CoTSelfCorrectionRAG,0,deepseek-coder:6.7b,0.7999999999999999,3,1.0,0.9,0.5
qwen3_8b,CoTSelfCorrectionRAG,1,deepseek-coder:6.7b,0.625,3,1.0,0.0,0.875
qwen3_8b,CoTSelfCorrectionRAG,2,deepseek-coder:6.7b,0.7333333333333334,3,0.85,0.5,0.85
qwen3_8b,CoTSelfCorrectionRAG,3,deepseek-coder:6.7b,0.6666666666666666,3,0.5,1.0,0.5
qwen3_8b,CoTSelfCorrectionRAG,4,deepseek-coder:6.7b,1.0,3,1.0,1.0,1.0
qwen3_8b,CoTSelfCorrectionRAG,5,deepseek-coder:6.7b,0.7999999999999999,3,1.0,0.5,0.9
qwen3_8b,CoTSelfCorrectionRAG,6,deepseek-coder:6.7b,0.8333333333333334,3,0.5,1.0,1.0
qwen3_8b,CoTSelfCorrectionRAG,7,deepseek-coder:6.7b,1.0,3,1.0,1.0,1.0
qwen3_8b,CoTSelfCorrectionRAG,8,deepseek-coder:6.7b,1.0,3,1.0,1.0,1.0
qwen3_8b,CoTSelfCorrectionRAG,9,deepseek-coder:6.7b,1.0,3,1.0,1.0,1.0
qwen3_8b,CoTSelfCorrectionRAG,10,deepseek-coder:6.7b,0.7999999999999999,3,0.5,1.0,0.9
qwen3_8b,CoTSelfCorrectionRAG,11,deepseek-coder:6.7b,0.9333333333333332,3,1.0,0.8,1.0
qwen3_8b,CoTSelfCorrectionRAG,12,deepseek-coder:6.7b,1.0,3,1.0,1.0,1.0
qwen3_8b,CoTSelfCorrectionRAG,13,deepseek-coder:6.7b,1.0,3,1.0,1.0,1.0
qwen3_8b,CoTSelfCorrectionRAG,14,deepseek-coder:6.7b,1.0,3,1.0,1.0,1.0
qwen3_8b,CoTSelfCorrectionRAG,15,deepseek-coder:6.7b,0.9333333333333332,3,1.0,0.8,1.0
qwen3_8b,CoTSelfCorrectionRAG,16,deepseek-coder:6.7b,0.8333333333333334,3,0.5,1.0,1.0
qwen3_8b,CoTSelfCorrectionRAG,17,deepseek-coder:6.7b,0.8333333333333334,3,1.0,0.5,1.0
qwen3_8b,CoTSelfCorrectionRAG,18,deepseek-coder:6.7b,1.0,3,1.0,1.0,1.0
qwen3_8b,CoTSelfCorrectionRAG,19,deepseek-coder:6.7b,0.8333333333333334,3,1.0,0.5,1.0
qwen3_8b,CoTSelfCorrectionRAG,20,deepseek-coder:6.7b,0.6666666666666666,3,1.0,1.0,0.0
qwen3_8b,CoTSelfCorrectionRAG,21,deepseek-coder:6.7b,0.8333333333333334,3,1.0,1.0,0.5
qwen3_8b,CoTSelfCorrectionRAG,22,deepseek-coder:6.7b,1.0,3,1.0,1.0,1.0
qwen3_8b,CoTSelfCorrectionRAG,23,deepseek-coder:6.7b,0.8333333333333334,3,1.0,0.5,1.0
qwen3_8b,CoTSelfCorrectionRAG,24,deepseek-coder:6.7b,0.5,3,0.5,0.5,0.5
qwen3_8b,CoTSelfCorrectionRAG,25,deepseek-coder:6.7b,0.75,3,0.75,1.0,0.5
qwen3_8b,CoTSelfCorrectionRAG,26,deepseek-coder:6.7b,0.7166666666666667,3,0.5,0.9,0.75
qwen3_8b,CoTSelfCorrectionRAG,27,deepseek-coder:6.7b,0.6666666666666666,3,1.0,0.5,0.5
qwen3_8b,CoTSelfCorrectionRAG,28,deepseek-coder:6.7b,0.75,3,0.5,0.75,1.0
qwen3_8b,CoTSelfCorrectionRAG,29,deepseek-coder:6.7b,1.0,3,1.0,1.0,1.0
qwen3_8b,CoTSelfCorrectionRAG,30,deepseek-coder:6.7b,0.9166666666666666,3,1.0,0.75,1.0
qwen3_8b,CoTSelfCorrectionRAG,31,deepseek-coder:6.7b,1.0,3,1.0,1.0,1.0
qwen3_8b,CoTSelfCorrectionRAG,32,deepseek-coder:6.7b,0.7166666666666667,3,0.75,0.5,0.9
qwen3_8b,CoTSelfCorrectionRAG,33,deepseek-coder:6.7b,1.0,3,1.0,1.0,1.0
qwen3_8b,CoTSelfCorrectionRAG,34,deepseek-coder:6.7b,0.6666666666666666,3,1.0,1.0,0.0
qwen3_8b,CoTSelfCorrectionRAG,35,deepseek-coder:6.7b,0.6699999999999999,3,1.0,1.0,0.01
qwen3_8b,CoTSelfCorrectionRAG,36,deepseek-coder:6.7b,0.7666666666666666,3,1.0,1.0,0.3
qwen3_8b,CoTSelfCorrectionRAG,37,deepseek-coder:6.7b,1.0,3,1.0,1.0,1.0
qwen3_8b,CoTSelfCorrectionRAG,38,deepseek-coder:6.7b,0.5555555555555555,3,0.6666666666666666,0.0,1.0
qwen3_8b,CoTSelfCorrectionRAG,39,deepseek-coder:6.7b,1.0,3,1.0,1.0,1.0
qwen3_8b,CoTSelfCorrectionRAG,40,deepseek-coder:6.7b,0.6666666666666666,3,0.5,1.0,0.5
qwen3_8b,CoTSelfCorrectionRAG,41,deepseek-coder:6.7b,0.5,3,0.5,1.0,0.0
qwen3_8b,CoTSelfCorrectionRAG,42,deepseek-coder:6.7b,0.6666666666666666,3,0.5,1.0,0.5
qwen3_8b,CoTSelfCorrectionRAG,43,deepseek-coder:6.7b,0.4433333333333333,3,0.83,0.0,0.5
qwen3_8b,CoTSelfCorrectionRAG,44,deepseek-coder:6.7b,0.6666666666666666,3,1.0,0.0,1.0
qwen3_8b,CoTSelfCorrectionRAG,45,deepseek-coder:6.7b,1.0,3,1.0,1.0,1.0
qwen3_8b,CoTSelfCorrectionRAG,46,deepseek-coder:6.7b,0.61,3,0.83,1.0,0.0
qwen3_8b,CoTSelfCorrectionRAG,47,deepseek-coder:6.7b,0.6133333333333333,3,0.84,0.5,0.5
qwen3_8b,CoTSelfCorrectionRAG,48,deepseek-coder:6.7b,0.6666666666666666,3,0.5,1.0,0.5
qwen3_8b,CoTSelfCorrectionRAG,49,deepseek-coder:6.7b,0.5466666666666667,3,0.5,1.0,0.14
qwen3_8b,CoTSelfCorrectionRAG,50,deepseek-coder:6.7b,0.5003333333333333,3,1.0,0.5,0.001
qwen3_8b,CoTSelfCorrectionRAG,51,deepseek-coder:6.7b,0.9666666666666668,3,1.0,0.9,1.0
qwen3_8b,CoTSelfCorrectionRAG,52,deepseek-coder:6.7b,0.99,3,1.0,0.97,1.0
qwen3_8b,CoTSelfCorrectionRAG,53,deepseek-coder:6.7b,0.9,3,1.0,0.7,1.0
qwen3_8b,CoTSelfCorrectionRAG,54,deepseek-coder:6.7b,1.0,3,1.0,1.0,1.0
qwen3_8b,CoTSelfCorrectionRAG,55,deepseek-coder:6.7b,1.0,3,1.0,1.0,1.0
qwen3_8b,CoTSelfCorrectionRAG,56,deepseek-coder:6.7b,0.6666666666666666,3,1.0,1.0,0.0
qwen3_8b,CoTSelfCorrectionRAG,57,deepseek-coder:6.7b,0.8333333333333334,3,1.0,0.5,1.0
qwen3_8b,CoTSelfCorrectionRAG,58,deepseek-coder:6.7b,0.9166666666666666,3,0.95,0.8,1.0
qwen3_8b,CoTSelfCorrectionRAG,59,deepseek-coder:6.7b,1.0,3,1.0,1.0,1.0
qwen3_8b,CoTSelfCorrectionRAG,60,deepseek-coder:6.7b,1.0,3,1.0,1.0,1.0
qwen3_8b,CoTSelfCorrectionRAG,61,deepseek-coder:6.7b,0.6666666666666666,3,1.0,1.0,0.0
qwen3_8b,CoTSelfCorrectionRAG,62,deepseek-coder:6.7b,0.875,3,1.0,0.625,1.0
qwen3_8b,CoTSelfCorrectionRAG,63,deepseek-coder:6.7b,0.875,3,0.75,0.875,1.0
qwen3_8b,CoTSelfCorrectionRAG,64,deepseek-coder:6.7b,1.0,3,1.0,1.0,1.0
qwen3_8b,CoTSelfCorrectionRAG,65,deepseek-coder:6.7b,1.0,3,1.0,1.0,1.0
qwen3_8b,CoTSelfCorrectionRAG,66,deepseek-coder:6.7b,1.0,3,1.0,1.0,1.0
llama3_2_latest,FewShotPlainLLM,0,deepseek-coder:6.7b,1.0,3,1.0,1.0,1.0
llama3_2_latest,FewShotPlainLLM,1,deepseek-coder:6.7b,0.8333333333333334,3,1.0,1.0,0.5
llama3_2_latest,FewShotPlainLLM,2,deepseek-coder:6.7b,0.7233333333333333,3,1.0,0.67,0.5
llama3_2_latest,FewShotPlainLLM,3,deepseek-coder:6.7b,0.6666666666666666,3,0.5,1.0,0.5
llama3_2_latest,FewShotPlainLLM,4,deepseek-coder:6.7b,0.8333333333333334,3,1.0,0.5,1.0
llama3_2_latest,FewShotPlainLLM,5,deepseek-coder:6.7b,1.0,3,1.0,1.0,1.0
llama3_2_latest,FewShotPlainLLM,6,deepseek-coder:6.7b,0.6666666666666666,3,0.5,1.0,0.5
llama3_2_latest,FewShotPlainLLM,7,deepseek-coder:6.7b,0.6666666666666666,3,1.0,0.0,1.0
llama3_2_latest,FewShotPlainLLM,8,deepseek-coder:6.7b,0.8333333333333334,3,1.0,1.0,0.5
llama3_2_latest,FewShotPlainLLM,9,deepseek-coder:6.7b,0.6666666666666666,3,0.5,0.5,1.0
llama3_2_latest,FewShotPlainLLM,10,deepseek-coder:6.7b,0.8333333333333334,3,1.0,0.5,1.0
llama3_2_latest,FewShotPlainLLM,11,deepseek-coder:6.7b,0.6666666666666666,3,0.5,1.0,0.5
llama3_2_latest,FewShotPlainLLM,12,deepseek-coder:6.7b,0.6666666666666666,3,1.0,1.0,0.0
llama3_2_latest,FewShotPlainLLM,13,deepseek-coder:6.7b,1.0,3,1.0,1.0,1.0
llama3_2_latest,FewShotPlainLLM,14,deepseek-coder:6.7b,0.9166666666666666,3,1.0,1.0,0.75
llama3_2_latest,FewShotPlainLLM,15,deepseek-coder:6.7b,0.6666666666666666,3,0.5,0.5,1.0
llama3_2_latest,FewShotPlainLLM,16,deepseek-coder:6.7b,0.6666666666666666,3,1.0,0.5,0.5
llama3_2_latest,FewShotPlainLLM,17,deepseek-coder:6.7b,0.5083333333333333,3,0.5,1.0,0.025
llama3_2_latest,FewShotPlainLLM,18,deepseek-coder:6.7b,0.5833333333333334,3,0.5,0.75,0.5
llama3_2_latest,FewShotPlainLLM,19,deepseek-coder:6.7b,0.5,3,1.0,0.0,0.5
llama3_2_latest,FewShotPlainLLM,20,deepseek-coder:6.7b,0.5,3,0.0,0.5,1.0
llama3_2_latest,FewShotPlainLLM,21,deepseek-coder:6.7b,0.61,3,0.0,1.0,0.83
llama3_2_latest,FewShotPlainLLM,22,deepseek-coder:6.7b,0.8666666666666667,3,1.0,1.0,0.6
llama3_2_latest,FewShotPlainLLM,23,deepseek-coder:6.7b,0.9666666666666668,3,1.0,0.9,1.0
llama3_2_latest,FewShotPlainLLM,24,deepseek-coder:6.7b,1.0,3,1.0,1.0,1.0
llama3_2_latest,FewShotPlainLLM,25,deepseek-coder:6.7b,0.8333333333333334,3,1.0,0.5,1.0
llama3_2_latest,FewShotPlainLLM,26,deepseek-coder:6.7b,0.6666666666666666,3,0.0,1.0,1.0
llama3_2_latest,FewShotPlainLLM,27,deepseek-coder:6.7b,0.8333333333333334,3,1.0,0.5,1.0
llama3_2_latest,FewShotPlainLLM,28,deepseek-coder:6.7b,0.7222333333333334,3,0.5,0.6667,1.0
llama3_2_latest,FewShotPlainLLM,29,deepseek-coder:6.7b,0.1666666666666666,3,0.0,0.5,0.0
llama3_2_latest,FewShotPlainLLM,30,deepseek-coder:6.7b,0.5,3,0.5,1.0,0.0
llama3_2_latest,FewShotPlainLLM,31,deepseek-coder:6.7b,0.5,3,1.0,0.5,0.0
llama3_2_latest,FewShotPlainLLM,32,deepseek-coder:6.7b,0.9166666666666666,3,1.0,0.75,1.0
llama3_2_latest,FewShotPlainLLM,33,deepseek-coder:6.7b,0.6666666666666666,3,1.0,0.5,0.5
llama3_2_latest,FewShotPlainLLM,34,deepseek-coder:6.7b,0.5083333333333333,3,1.0,0.025,0.5
llama3_2_latest,FewShotPlainLLM,35,deepseek-coder:6.7b,0.5466666666666666,3,0.63,1.0,0.01
llama3_2_latest,FewShotPlainLLM,36,deepseek-coder:6.7b,0.1733333333333333,3,0.01,0.01,0.5
llama3_2_latest,FewShotPlainLLM,37,deepseek-coder:6.7b,0.6666666666666666,3,0.0,1.0,1.0
llama3_2_latest,FewShotPlainLLM,38,deepseek-coder:6.7b,0.5,3,0.5,0.5,0.5
llama3_2_latest,FewShotPlainLLM,39,deepseek-coder:6.7b,0.75,3,1.0,0.5,0.75
llama3_2_latest,FewShotPlainLLM,40,deepseek-coder:6.7b,0.8833333333333333,3,1.0,0.65,1.0
llama3_2_latest,FewShotPlainLLM,41,deepseek-coder:6.7b,0.8333333333333334,3,1.0,0.5,1.0
llama3_2_latest,FewShotPlainLLM,42,deepseek-coder:6.7b,0.4166666666666667,3,0.75,0.0,0.5
llama3_2_latest,FewShotPlainLLM,43,deepseek-coder:6.7b,1.0,3,1.0,1.0,1.0
llama3_2_latest,FewShotPlainLLM,44,deepseek-coder:6.7b,0.5166666666666667,3,0.05,1.0,0.5
llama3_2_latest,FewShotPlainLLM,45,deepseek-coder:6.7b,0.0,3,0.0,0.0,0.0
llama3_2_latest,FewShotPlainLLM,46,deepseek-coder:6.7b,0.61,3,0.33,0.5,1.0
llama3_2_latest,FewShotPlainLLM,47,deepseek-coder:6.7b,0.7333333333333334,3,0.5,0.7,1.0
llama3_2_latest,FewShotPlainLLM,48,deepseek-coder:6.7b,0.9166666666666666,3,1.0,1.0,0.75
llama3_2_latest,FewShotPlainLLM,49,deepseek-coder:6.7b,1.0,3,1.0,1.0,1.0
llama3_2_latest,FewShotPlainLLM,50,deepseek-coder:6.7b,0.6,3,0.8,0.0,1.0
llama3_2_latest,FewShotPlainLLM,51,deepseek-coder:6.7b,0.6916666666666668,3,0.7,0.5,0.875
llama3_2_latest,FewShotPlainLLM,52,deepseek-coder:6.7b,0.6666666666666666,3,1.0,1.0,0.0
llama3_2_latest,FewShotPlainLLM,53,deepseek-coder:6.7b,0.6666666666666666,3,0.5,0.5,1.0
llama3_2_latest,FewShotPlainLLM,54,deepseek-coder:6.7b,0.75,3,1.0,0.5,0.75
llama3_2_latest,FewShotPlainLLM,55,deepseek-coder:6.7b,0.5,3,0.5,0.0,1.0
llama3_2_latest,FewShotPlainLLM,56,deepseek-coder:6.7b,0.5833333333333334,3,0.75,1.0,0.0
llama3_2_latest,FewShotPlainLLM,57,deepseek-coder:6.7b,0.89,3,1.0,0.67,1.0
llama3_2_latest,FewShotPlainLLM,58,deepseek-coder:6.7b,0.5833333333333334,3,0.5,0.5,0.75
llama3_2_latest,FewShotPlainLLM,59,deepseek-coder:6.7b,0.8333333333333334,3,0.5,1.0,1.0
llama3_2_latest,FewShotPlainLLM,60,deepseek-coder:6.7b,0.9166666666666666,3,1.0,1.0,0.75
llama3_2_latest,FewShotPlainLLM,61,deepseek-coder:6.7b,0.3333333333333333,3,0.0,0.5,0.5
llama3_2_latest,FewShotPlainLLM,62,deepseek-coder:6.7b,0.4416666666666666,3,1.0,0.025,0.3
llama3_2_latest,FewShotPlainLLM,63,deepseek-coder:6.7b,0.8333333333333334,3,0.5,1.0,1.0
llama3_2_latest,FewShotPlainLLM,64,deepseek-coder:6.7b,1.0,3,1.0,1.0,1.0
llama3_2_latest,FewShotPlainLLM,65,deepseek-coder:6.7b,0.5,3,0.5,0.5,0.5
llama3_2_latest,FewShotPlainLLM,66,deepseek-coder:6.7b,0.6666666666666666,3,0.5,0.5,1.0
llama3_2_latest,GoTSelfCorrectionRAG,0,qwen3:8b,0.3333333333333333,3,0.5,0.5,0.0
llama3_2_latest,GoTSelfCorrectionRAG,1,qwen3:8b,0.0,3,0.0,0.0,0.0
llama3_2_latest,GoTSelfCorrectionRAG,2,qwen3:8b,0.3333333333333333,3,0.5,0.0,0.5
llama3_2_latest,GoTSelfCorrectionRAG,3,qwen3:8b,0.3333333333333333,3,0.5,0.0,0.5
llama3_2_latest,GoTSelfCorrectionRAG,4,qwen3:8b,0.3333333333333333,3,0.0,0.5,0.5
llama3_2_latest,GoTSelfCorrectionRAG,5,qwen3:8b,0.8333333333333334,3,1.0,1.0,0.5
llama3_2_latest,GoTSelfCorrectionRAG,6,qwen3:8b,0.5,3,0.5,0.5,0.5
llama3_2_latest,GoTSelfCorrectionRAG,7,qwen3:8b,0.3333333333333333,3,0.5,0.0,0.5
llama3_2_latest,GoTSelfCorrectionRAG,8,qwen3:8b,0.5,3,0.5,0.5,0.5
llama3_2_latest,GoTSelfCorrectionRAG,9,qwen3:8b,0.5,3,0.5,0.5,0.5
llama3_2_latest,GoTSelfCorrectionRAG,10,qwen3:8b,0.3333333333333333,3,0.5,0.0,0.5
llama3_2_latest,GoTSelfCorrectionRAG,11,qwen3:8b,0.5,3,0.5,0.5,0.5
llama3_2_latest,GoTSelfCorrectionRAG,12,qwen3:8b,0.3333333333333333,3,0.5,0.0,0.5
llama3_2_latest,GoTSelfCorrectionRAG,13,qwen3:8b,0.1666666666666666,3,0.5,0.0,0.0
llama3_2_latest,GoTSelfCorrectionRAG,14,qwen3:8b,0.5,3,0.5,0.5,0.5
llama3_2_latest,GoTSelfCorrectionRAG,15,qwen3:8b,0.5,3,0.5,0.5,0.5
llama3_2_latest,GoTSelfCorrectionRAG,16,qwen3:8b,0.3333333333333333,3,0.5,0.5,0.0
llama3_2_latest,GoTSelfCorrectionRAG,17,qwen3:8b,0.1666666666666666,3,0.5,0.0,0.0
llama3_2_latest,GoTSelfCorrectionRAG,18,qwen3:8b,0.5,3,0.5,0.5,0.5
llama3_2_latest,GoTSelfCorrectionRAG,19,qwen3:8b,0.0,3,0.0,0.0,0.0
llama3_2_latest,GoTSelfCorrectionRAG,20,qwen3:8b,0.5,3,0.5,0.5,0.5
llama3_2_latest,GoTSelfCorrectionRAG,21,qwen3:8b,0.6666666666666666,3,0.5,0.5,1.0
llama3_2_latest,GoTSelfCorrectionRAG,22,qwen3:8b,0.5,3,0.5,0.5,0.5
llama3_2_latest,GoTSelfCorrectionRAG,23,qwen3:8b,0.5,3,0.5,0.5,0.5
llama3_2_latest,GoTSelfCorrectionRAG,24,qwen3:8b,0.1666666666666666,3,0.0,0.5,0.0
llama3_2_latest,GoTSelfCorrectionRAG,25,qwen3:8b,0.5,3,0.5,0.5,0.5
llama3_2_latest,GoTSelfCorrectionRAG,26,qwen3:8b,0.5,3,0.5,0.5,0.5
llama3_2_latest,GoTSelfCorrectionRAG,27,qwen3:8b,0.8333333333333334,3,0.5,1.0,1.0
llama3_2_latest,GoTSelfCorrectionRAG,28,qwen3:8b,0.5,3,0.5,0.5,0.5
llama3_2_latest,GoTSelfCorrectionRAG,29,qwen3:8b,0.3333333333333333,3,0.5,0.5,0.0
llama3_2_latest,GoTSelfCorrectionRAG,30,qwen3:8b,0.5,3,0.5,0.5,0.5
llama3_2_latest,GoTSelfCorrectionRAG,31,qwen3:8b,0.5,3,0.5,0.5,0.5
llama3_2_latest,GoTSelfCorrectionRAG,32,qwen3:8b,0.0,3,0.0,0.0,0.0
llama3_2_latest,GoTSelfCorrectionRAG,33,qwen3:8b,0.0,3,0.0,0.0,0.0
llama3_2_latest,GoTSelfCorrectionRAG,34,qwen3:8b,0.5,3,0.5,0.5,0.5
llama3_2_latest,GoTSelfCorrectionRAG,35,qwen3:8b,0.1666666666666666,3,0.5,0.0,0.0
llama3_2_latest,GoTSelfCorrectionRAG,36,qwen3:8b,0.0,3,0.0,0.0,0.0
llama3_2_latest,GoTSelfCorrectionRAG,37,qwen3:8b,0.5,3,0.5,0.5,0.5
llama3_2_latest,GoTSelfCorrectionRAG,38,qwen3:8b,0.1666666666666666,3,0.0,0.0,0.5
llama3_2_latest,GoTSelfCorrectionRAG,39,qwen3:8b,0.3333333333333333,3,0.0,0.5,0.5
llama3_2_latest,GoTSelfCorrectionRAG,40,qwen3:8b,0.3333333333333333,3,0.0,0.5,0.5
llama3_2_latest,GoTSelfCorrectionRAG,41,qwen3:8b,0.1666666666666666,3,0.0,0.5,0.0
llama3_2_latest,GoTSelfCorrectionRAG,42,qwen3:8b,0.3333333333333333,3,0.5,0.0,0.5
llama3_2_latest,GoTSelfCorrectionRAG,43,qwen3:8b,0.5,3,0.5,0.5,0.5
llama3_2_latest,GoTSelfCorrectionRAG,44,qwen3:8b,0.3333333333333333,3,0.0,0.5,0.5
llama3_2_latest,GoTSelfCorrectionRAG,45,qwen3:8b,0.6666666666666666,3,0.5,1.0,0.5
llama3_2_latest,GoTSelfCorrectionRAG,46,qwen3:8b,0.1666666666666666,3,0.0,0.5,0.0
llama3_2_latest,GoTSelfCorrectionRAG,47,qwen3:8b,0.5,3,0.5,0.5,0.5
llama3_2_latest,GoTSelfCorrectionRAG,48,qwen3:8b,0.3333333333333333,3,0.0,0.5,0.5
llama3_2_latest,GoTSelfCorrectionRAG,49,qwen3:8b,0.5,3,0.5,0.5,0.5
llama3_2_latest,GoTSelfCorrectionRAG,50,qwen3:8b,0.3333333333333333,3,0.5,0.5,0.0
llama3_2_latest,GoTSelfCorrectionRAG,51,qwen3:8b,0.5,3,0.5,0.5,0.5
llama3_2_latest,GoTSelfCorrectionRAG,52,qwen3:8b,0.6666666666666666,3,1.0,0.5,0.5
llama3_2_latest,GoTSelfCorrectionRAG,53,qwen3:8b,0.5,3,0.5,0.5,0.5
llama3_2_latest,GoTSelfCorrectionRAG,54,qwen3:8b,0.0,3,0.0,0.0,0.0
llama3_2_latest,GoTSelfCorrectionRAG,55,qwen3:8b,0.5,3,0.5,0.5,0.5
llama3_2_latest,GoTSelfCorrectionRAG,56,qwen3:8b,0.5,3,0.5,0.5,0.5
llama3_2_latest,GoTSelfCorrectionRAG,57,qwen3:8b,0.1666666666666666,3,0.0,0.0,0.5
llama3_2_latest,GoTSelfCorrectionRAG,58,qwen3:8b,0.5,3,0.5,0.5,0.5
llama3_2_latest,GoTSelfCorrectionRAG,59,qwen3:8b,0.5,3,0.5,0.5,0.5
llama3_2_latest,GoTSelfCorrectionRAG,60,qwen3:8b,0.5,3,0.5,0.5,0.5
llama3_2_latest,GoTSelfCorrectionRAG,61,qwen3:8b,0.5,3,0.5,0.5,0.5
llama3_2_latest,GoTSelfCorrectionRAG,62,qwen3:8b,0.5,3,0.5,0.5,0.5
llama3_2_latest,GoTSelfCorrectionRAG,63,qwen3:8b,0.5,3,0.5,0.5,0.5
llama3_2_latest,GoTSelfCorrectionRAG,64,qwen3:8b,0.5,3,0.5,0.5,0.5
llama3_2_latest,GoTSelfCorrectionRAG,65,qwen3:8b,0.5,3,0.5,0.5,0.5
llama3_2_latest,GoTSelfCorrectionRAG,66,qwen3:8b,0.3333333333333333,3,0.5,0.0,0.5
llama3_2_latest,ToTRAG,0,deepseek-coder:6.7b,0.8333333333333334,3,1.0,1.0,0.5
llama3_2_latest,ToTRAG,1,deepseek-coder:6.7b,0.9333333333333332,3,1.0,1.0,0.8
llama3_2_latest,ToTRAG,2,deepseek-coder:6.7b,0.6666666666666666,3,1.0,1.0,0.0
llama3_2_latest,ToTRAG,3,deepseek-coder:6.7b,0.5,3,0.5,0.5,0.5
llama3_2_latest,ToTRAG,4,deepseek-coder:6.7b,0.6666666666666666,3,0.5,0.5,1.0
llama3_2_latest,ToTRAG,5,deepseek-coder:6.7b,0.75,3,0.5,1.0,0.75
llama3_2_latest,ToTRAG,6,deepseek-coder:6.7b,0.5,3,0.5,1.0,0.0
llama3_2_latest,ToTRAG,7,deepseek-coder:6.7b,0.8333333333333334,3,0.5,1.0,1.0
llama3_2_latest,ToTRAG,8,deepseek-coder:6.7b,0.9166666666666666,3,1.0,0.75,1.0
llama3_2_latest,ToTRAG,9,deepseek-coder:6.7b,1.0,3,1.0,1.0,1.0
llama3_2_latest,ToTRAG,10,deepseek-coder:6.7b,0.4833333333333333,3,0.95,0.0,0.5
llama3_2_latest,ToTRAG,11,deepseek-coder:6.7b,1.0,3,1.0,1.0,1.0
llama3_2_latest,ToTRAG,12,deepseek-coder:6.7b,0.45,3,0.85,0.0,0.5
llama3_2_latest,ToTRAG,13,deepseek-coder:6.7b,1.0,3,1.0,1.0,1.0
llama3_2_latest,ToTRAG,14,deepseek-coder:6.7b,0.6666666666666666,3,1.0,1.0,0.0
llama3_2_latest,ToTRAG,15,deepseek-coder:6.7b,1.0,3,1.0,1.0,1.0
llama3_2_latest,ToTRAG,16,deepseek-coder:6.7b,0.3333333333333333,3,0.5,0.0,0.5
llama3_2_latest,ToTRAG,17,deepseek-coder:6.7b,0.8666666666666667,3,1.0,1.0,0.6
llama3_2_latest,ToTRAG,18,deepseek-coder:6.7b,0.725,3,0.3,0.875,1.0
llama3_2_latest,ToTRAG,19,deepseek-coder:6.7b,0.3333333333333333,3,0.0,0.5,0.5
llama3_2_latest,ToTRAG,20,deepseek-coder:6.7b,0.6666666666666666,3,1.0,0.5,0.5
llama3_2_latest,ToTRAG,21,deepseek-coder:6.7b,0.525,3,1.0,0.075,0.5
llama3_2_latest,ToTRAG,22,deepseek-coder:6.7b,0.9333333333333332,3,0.8,1.0,1.0
llama3_2_latest,ToTRAG,23,deepseek-coder:6.7b,0.8333333333333334,3,1.0,1.0,0.5
llama3_2_latest,ToTRAG,24,deepseek-coder:6.7b,0.75,3,1.0,0.75,0.5
llama3_2_latest,ToTRAG,25,deepseek-coder:6.7b,0.5833333333333334,3,0.0,1.0,0.75
llama3_2_latest,ToTRAG,26,deepseek-coder:6.7b,0.8333333333333334,3,1.0,0.5,1.0
llama3_2_latest,ToTRAG,27,deepseek-coder:6.7b,0.1666666666666666,3,0.0,0.5,0.0
llama3_2_latest,ToTRAG,28,deepseek-coder:6.7b,0.7916666666666666,3,0.7,0.875,0.8
llama3_2_latest,ToTRAG,29,deepseek-coder:6.7b,0.8125,3,0.5,0.9375,1.0
llama3_2_latest,ToTRAG,30,deepseek-coder:6.7b,0.8333333333333334,3,1.0,0.5,1.0
llama3_2_latest,ToTRAG,31,deepseek-coder:6.7b,0.5,3,0.5,0.5,0.5
llama3_2_latest,ToTRAG,32,deepseek-coder:6.7b,1.0,3,1.0,1.0,1.0
llama3_2_latest,ToTRAG,33,deepseek-coder:6.7b,0.85,3,0.8,1.0,0.75
llama3_2_latest,ToTRAG,34,deepseek-coder:6.7b,0.5833333333333334,3,0.0,1.0,0.75
llama3_2_latest,ToTRAG,35,deepseek-coder:6.7b,0.5833333333333334,3,0.0,0.75,1.0
llama3_2_latest,ToTRAG,36,deepseek-coder:6.7b,0.3366666666666666,3,0.5,0.5,0.01
llama3_2_latest,ToTRAG,37,deepseek-coder:6.7b,0.8333333333333334,3,1.0,1.0,0.5
llama3_2_latest,ToTRAG,38,deepseek-coder:6.7b,0.8166666666666668,3,0.95,1.0,0.5
llama3_2_latest,ToTRAG,39,deepseek-coder:6.7b,0.9444333333333332,3,0.8333,1.0,1.0
llama3_2_latest,ToTRAG,40,deepseek-coder:6.7b,0.8233333333333333,3,1.0,0.97,0.5
llama3_2_latest,ToTRAG,41,deepseek-coder:6.7b,0.0089,3,0.0266999999999999,0.0,0.0
llama3_2_latest,ToTRAG,42,deepseek-coder:6.7b,0.5666666666666667,3,0.2,1.0,0.5
llama3_2_latest,ToTRAG,43,deepseek-coder:6.7b,0.8333333333333334,3,0.5,1.0,1.0
llama3_2_latest,ToTRAG,44,deepseek-coder:6.7b,0.35,3,0.0,1.0,0.05
llama3_2_latest,ToTRAG,45,deepseek-coder:6.7b,0.8333333333333334,3,1.0,1.0,0.5
llama3_2_latest,ToTRAG,46,deepseek-coder:6.7b,0.8333333333333334,3,1.0,0.5,1.0
llama3_2_latest,ToTRAG,47,deepseek-coder:6.7b,0.6666666666666666,3,0.5,0.5,1.0
llama3_2_latest,ToTRAG,48,deepseek-coder:6.7b,0.6555555555555556,3,1.0,0.3,0.6666666666666666
llama3_2_latest,ToTRAG,49,deepseek-coder:6.7b,0.6666666666666666,3,0.5,1.0,0.5
llama3_2_latest,ToTRAG,50,deepseek-coder:6.7b,0.8416666666666667,3,0.9,1.0,0.625
llama3_2_latest,ToTRAG,51,deepseek-coder:6.7b,0.7200000000000001,3,0.75,0.66,0.75
llama3_2_latest,ToTRAG,52,deepseek-coder:6.7b,0.9583333333333334,3,0.875,1.0,1.0
llama3_2_latest,ToTRAG,53,deepseek-coder:6.7b,0.6666666666666666,3,1.0,1.0,0.0
llama3_2_latest,ToTRAG,54,deepseek-coder:6.7b,1.0,3,1.0,1.0,1.0
llama3_2_latest,ToTRAG,55,deepseek-coder:6.7b,0.8333333333333334,3,1.0,0.5,1.0
llama3_2_latest,ToTRAG,56,deepseek-coder:6.7b,0.9333333333333332,3,1.0,1.0,0.8
llama3_2_latest,ToTRAG,57,deepseek-coder:6.7b,0.8333333333333334,3,1.0,0.5,1.0
llama3_2_latest,ToTRAG,58,deepseek-coder:6.7b,0.375,3,0.0,0.5,0.625
llama3_2_latest,ToTRAG,59,deepseek-coder:6.7b,0.75,3,0.75,1.0,0.5
llama3_2_latest,ToTRAG,60,deepseek-coder:6.7b,1.0,3,1.0,1.0,1.0
llama3_2_latest,ToTRAG,61,deepseek-coder:6.7b,0.9666666666666668,3,1.0,1.0,0.9
llama3_2_latest,ToTRAG,62,deepseek-coder:6.7b,0.7166666666666667,3,0.65,0.5,1.0
llama3_2_latest,ToTRAG,63,deepseek-coder:6.7b,1.0,3,1.0,1.0,1.0
llama3_2_latest,ToTRAG,64,deepseek-coder:6.7b,0.6666666666666666,3,0.5,1.0,0.5
llama3_2_latest,ToTRAG,65,deepseek-coder:6.7b,0.8333333333333334,3,1.0,1.0,0.5
llama3_2_latest,ToTRAG,66,deepseek-coder:6.7b,0.7000000000000001,3,0.5,0.6,1.0
llama3_2_latest,ToTRAG,0,qwen3:8b,0.3333333333333333,3,0.5,0.0,0.5
llama3_2_latest,ToTRAG,1,qwen3:8b,0.3333333333333333,3,0.0,0.5,0.5
llama3_2_latest,ToTRAG,2,qwen3:8b,0.0,3,0.0,0.0,0.0
llama3_2_latest,ToTRAG,3,qwen3:8b,0.5,3,0.5,0.5,0.5
llama3_2_latest,ToTRAG,4,qwen3:8b,0.5,3,0.5,0.5,0.5
llama3_2_latest,ToTRAG,5,qwen3:8b,0.3333333333333333,3,0.5,0.5,0.0
llama3_2_latest,ToTRAG,6,qwen3:8b,0.1666666666666666,3,0.0,0.0,0.5
llama3_2_latest,ToTRAG,7,qwen3:8b,0.3333333333333333,3,0.0,0.5,0.5
llama3_2_latest,ToTRAG,8,qwen3:8b,0.5,3,0.5,0.5,0.5
llama3_2_latest,ToTRAG,9,qwen3:8b,0.5,3,0.5,0.5,0.5
llama3_2_latest,ToTRAG,10,qwen3:8b,0.5,3,0.5,0.5,0.5
llama3_2_latest,ToTRAG,11,qwen3:8b,0.3333333333333333,3,0.5,0.0,0.5
llama3_2_latest,ToTRAG,12,qwen3:8b,0.5,3,0.5,0.5,0.5
llama3_2_latest,ToTRAG,13,qwen3:8b,0.0,3,0.0,0.0,0.0
llama3_2_latest,ToTRAG,14,qwen3:8b,0.5,3,0.5,0.5,0.5
llama3_2_latest,ToTRAG,15,qwen3:8b,0.1666666666666666,3,0.0,0.0,0.5
llama3_2_latest,ToTRAG,16,qwen3:8b,0.3333333333333333,3,0.0,0.5,0.5
llama3_2_latest,ToTRAG,17,qwen3:8b,0.0,3,0.0,0.0,0.0
llama3_2_latest,ToTRAG,18,qwen3:8b,0.0,3,0.0,0.0,0.0
llama3_2_latest,ToTRAG,19,qwen3:8b,0.0,3,0.0,0.0,0.0
llama3_2_latest,ToTRAG,20,qwen3:8b,0.5,3,0.5,0.5,0.5
llama3_2_latest,ToTRAG,21,qwen3:8b,0.3333333333333333,3,0.5,0.5,0.0
llama3_2_latest,ToTRAG,22,qwen3:8b,0.5,3,0.5,0.5,0.5
llama3_2_latest,ToTRAG,23,qwen3:8b,0.3333333333333333,3,0.5,0.0,0.5
llama3_2_latest,ToTRAG,24,qwen3:8b,0.5,3,0.5,0.5,0.5
llama3_2_latest,ToTRAG,25,qwen3:8b,0.3333333333333333,3,0.0,0.5,0.5
llama3_2_latest,ToTRAG,26,qwen3:8b,0.5,3,0.5,0.5,0.5
llama3_2_latest,ToTRAG,27,qwen3:8b,0.3333333333333333,3,0.5,0.0,0.5
llama3_2_latest,ToTRAG,28,qwen3:8b,0.1666666666666666,3,0.0,0.0,0.5
llama3_2_latest,ToTRAG,29,qwen3:8b,0.0,3,0.0,0.0,0.0
llama3_2_latest,ToTRAG,30,qwen3:8b,0.0,3,0.0,0.0,0.0
llama3_2_latest,ToTRAG,31,qwen3:8b,0.3333333333333333,3,0.0,0.5,0.5
llama3_2_latest,ToTRAG,32,qwen3:8b,0.0,3,0.0,0.0,0.0
llama3_2_latest,ToTRAG,33,qwen3:8b,0.5,3,0.5,0.5,0.5
llama3_2_latest,ToTRAG,34,qwen3:8b,0.0,3,0.0,0.0,0.0
llama3_2_latest,ToTRAG,35,qwen3:8b,0.0,3,0.0,0.0,0.0
llama3_2_latest,ToTRAG,36,qwen3:8b,0.0,3,0.0,0.0,0.0
llama3_2_latest,ToTRAG,37,qwen3:8b,0.3333333333333333,3,0.5,0.5,0.0
llama3_2_latest,ToTRAG,38,qwen3:8b,0.5,3,0.5,0.5,0.5
llama3_2_latest,ToTRAG,39,qwen3:8b,0.5,3,0.5,0.5,0.5
llama3_2_latest,ToTRAG,40,qwen3:8b,0.3333333333333333,3,0.5,0.0,0.5
llama3_2_latest,ToTRAG,41,qwen3:8b,0.4333333333333333,3,0.5,0.3,0.5
llama3_2_latest,ToTRAG,42,qwen3:8b,0.5,3,0.5,0.5,0.5
llama3_2_latest,ToTRAG,43,qwen3:8b,0.1666666666666666,3,0.5,0.0,0.0
llama3_2_latest,ToTRAG,44,qwen3:8b,0.0,3,0.0,0.0,0.0
llama3_2_latest,ToTRAG,45,qwen3:8b,0.1666666666666666,3,0.0,0.0,0.5
llama3_2_latest,ToTRAG,46,qwen3:8b,0.0,3,0.0,0.0,0.0
llama3_2_latest,ToTRAG,47,qwen3:8b,0.0,3,0.0,0.0,0.0
llama3_2_latest,ToTRAG,48,qwen3:8b,0.0,3,0.0,0.0,0.0
llama3_2_latest,ToTRAG,49,qwen3:8b,0.1666666666666666,3,0.0,0.0,0.5
llama3_2_latest,ToTRAG,50,qwen3:8b,0.1666666666666666,3,0.5,0.0,0.0
llama3_2_latest,ToTRAG,51,qwen3:8b,0.1666666666666666,3,0.0,0.5,0.0
llama3_2_latest,ToTRAG,52,qwen3:8b,0.0,3,0.0,0.0,0.0
llama3_2_latest,ToTRAG,53,qwen3:8b,0.5,3,0.5,0.5,0.5
llama3_2_latest,ToTRAG,54,qwen3:8b,0.0,3,0.0,0.0,0.0
llama3_2_latest,ToTRAG,55,qwen3:8b,0.1666666666666666,3,0.0,0.0,0.5
llama3_2_latest,ToTRAG,56,qwen3:8b,0.5,3,0.5,0.5,0.5
llama3_2_latest,ToTRAG,57,qwen3:8b,0.0,3,0.0,0.0,0.0
llama3_2_latest,ToTRAG,58,qwen3:8b,0.0,3,0.0,0.0,0.0
llama3_2_latest,ToTRAG,59,qwen3:8b,0.0,3,0.0,0.0,0.0
llama3_2_latest,ToTRAG,60,qwen3:8b,0.5,3,0.5,0.5,0.5
llama3_2_latest,ToTRAG,61,qwen3:8b,0.0,3,0.0,0.0,0.0
llama3_2_latest,ToTRAG,62,qwen3:8b,0.0,3,0.0,0.0,0.0
llama3_2_latest,ToTRAG,63,qwen3:8b,0.6666666666666666,3,0.5,0.5,1.0
llama3_2_latest,ToTRAG,64,qwen3:8b,0.0,3,0.0,0.0,0.0
llama3_2_latest,ToTRAG,65,qwen3:8b,0.0,3,0.0,0.0,0.0
llama3_2_latest,ToTRAG,66,qwen3:8b,0.0,3,0.0,0.0,0.0
phi4_14b,PlainLLM,0,deepseek-coder:6.7b,0.8333333333333334,3,0.75,1.0,0.75
phi4_14b,PlainLLM,1,deepseek-coder:6.7b,0.6,3,1.0,0.0,0.8
phi4_14b,PlainLLM,2,deepseek-coder:6.7b,0.6733333333333333,3,1.0,0.02,1.0
phi4_14b,PlainLLM,3,deepseek-coder:6.7b,0.89,3,1.0,1.0,0.67
phi4_14b,PlainLLM,4,deepseek-coder:6.7b,1.0,3,1.0,1.0,1.0
phi4_14b,PlainLLM,5,deepseek-coder:6.7b,0.5,3,0.5,0.5,0.5
phi4_14b,PlainLLM,6,deepseek-coder:6.7b,0.9666666666666668,3,1.0,1.0,0.9
phi4_14b,PlainLLM,7,deepseek-coder:6.7b,0.8166666666666668,3,0.95,0.5,1.0
phi4_14b,PlainLLM,8,deepseek-coder:6.7b,1.0,3,1.0,1.0,1.0
phi4_14b,PlainLLM,9,deepseek-coder:6.7b,1.0,3,1.0,1.0,1.0
phi4_14b,PlainLLM,10,deepseek-coder:6.7b,0.7999999999999999,3,0.9,0.5,1.0
phi4_14b,PlainLLM,11,deepseek-coder:6.7b,0.6666666666666666,3,0.5,1.0,0.5
phi4_14b,PlainLLM,12,deepseek-coder:6.7b,0.9833333333333334,3,1.0,1.0,0.95
phi4_14b,PlainLLM,13,deepseek-coder:6.7b,0.6416666666666667,3,0.025,0.9,1.0
phi4_14b,PlainLLM,14,deepseek-coder:6.7b,1.0,3,1.0,1.0,1.0
phi4_14b,PlainLLM,15,deepseek-coder:6.7b,0.6666666666666666,3,0.0,1.0,1.0
phi4_14b,PlainLLM,16,deepseek-coder:6.7b,0.6666666666666666,3,1.0,0.5,0.5
phi4_14b,PlainLLM,17,deepseek-coder:6.7b,1.0,3,1.0,1.0,1.0
phi4_14b,PlainLLM,18,deepseek-coder:6.7b,0.6666666666666666,3,0.0,1.0,1.0
phi4_14b,PlainLLM,19,deepseek-coder:6.7b,0.5,3,1.0,0.5,0.0
phi4_14b,PlainLLM,20,deepseek-coder:6.7b,0.6166666666666667,3,0.5,0.5,0.85
phi4_14b,PlainLLM,21,deepseek-coder:6.7b,0.8333333333333334,3,0.5,1.0,1.0
phi4_14b,PlainLLM,22,deepseek-coder:6.7b,0.9433333333333334,3,1.0,1.0,0.83
phi4_14b,PlainLLM,23,deepseek-coder:6.7b,1.0,3,1.0,1.0,1.0
phi4_14b,PlainLLM,24,deepseek-coder:6.7b,0.7222222222222222,3,0.6666666666666666,0.5,1.0
phi4_14b,PlainLLM,25,deepseek-coder:6.7b,0.8333333333333334,3,0.5,1.0,1.0
phi4_14b,PlainLLM,26,deepseek-coder:6.7b,0.9166666666666666,3,1.0,0.75,1.0
phi4_14b,PlainLLM,27,deepseek-coder:6.7b,0.9166666666666666,3,1.0,1.0,0.75
phi4_14b,PlainLLM,28,deepseek-coder:6.7b,1.0,3,1.0,1.0,1.0
phi4_14b,PlainLLM,29,deepseek-coder:6.7b,1.0,3,1.0,1.0,1.0
phi4_14b,PlainLLM,30,deepseek-coder:6.7b,0.3383333333333333,3,0.015,1.0,0.0
phi4_14b,PlainLLM,31,deepseek-coder:6.7b,0.65,3,0.95,0.0,1.0
phi4_14b,PlainLLM,32,deepseek-coder:6.7b,0.8333333333333334,3,1.0,1.0,0.5
phi4_14b,PlainLLM,33,deepseek-coder:6.7b,0.5833333333333334,3,0.75,0.0,1.0
phi4_14b,PlainLLM,34,deepseek-coder:6.7b,1.0,3,1.0,1.0,1.0
phi4_14b,PlainLLM,35,deepseek-coder:6.7b,0.6699999999999999,3,0.01,1.0,1.0
phi4_14b,PlainLLM,36,deepseek-coder:6.7b,0.1033333333333333,3,0.3,0.01,0.0
phi4_14b,PlainLLM,37,deepseek-coder:6.7b,0.6666666666666666,3,1.0,1.0,0.0
phi4_14b,PlainLLM,38,deepseek-coder:6.7b,0.9433333333333334,3,0.83,1.0,1.0
phi4_14b,PlainLLM,39,deepseek-coder:6.7b,1.0,3,1.0,1.0,1.0
phi4_14b,PlainLLM,40,deepseek-coder:6.7b,0.8333333333333334,3,0.5,1.0,1.0
phi4_14b,PlainLLM,41,deepseek-coder:6.7b,1.0,3,1.0,1.0,1.0
phi4_14b,PlainLLM,42,deepseek-coder:6.7b,0.5,3,0.5,0.5,0.5
phi4_14b,PlainLLM,43,deepseek-coder:6.7b,1.0,3,1.0,1.0,1.0
phi4_14b,PlainLLM,44,deepseek-coder:6.7b,0.5,3,1.0,0.0,0.5
phi4_14b,PlainLLM,45,deepseek-coder:6.7b,0.3999999999999999,3,0.7,0.5,0.0
phi4_14b,PlainLLM,46,deepseek-coder:6.7b,0.5833333333333334,3,0.5,0.5,0.75
phi4_14b,PlainLLM,47,deepseek-coder:6.7b,0.8333333333333334,3,1.0,1.0,0.5
phi4_14b,PlainLLM,48,deepseek-coder:6.7b,1.0,3,1.0,1.0,1.0
phi4_14b,PlainLLM,49,deepseek-coder:6.7b,0.6666666666666666,3,1.0,1.0,0.0
phi4_14b,PlainLLM,50,deepseek-coder:6.7b,1.0,3,1.0,1.0,1.0
phi4_14b,PlainLLM,51,deepseek-coder:6.7b,0.89,3,1.0,0.67,1.0
phi4_14b,PlainLLM,52,deepseek-coder:6.7b,0.9666666666666668,3,1.0,0.9,1.0
phi4_14b,PlainLLM,53,deepseek-coder:6.7b,0.9166666666666666,3,1.0,0.75,1.0
phi4_14b,PlainLLM,54,deepseek-coder:6.7b,0.7000000000000001,3,0.85,0.5,0.75
phi4_14b,PlainLLM,55,deepseek-coder:6.7b,0.9583333333333334,3,0.875,1.0,1.0
phi4_14b,PlainLLM,56,deepseek-coder:6.7b,0.9166666666666666,3,1.0,1.0,0.75
phi4_14b,PlainLLM,57,deepseek-coder:6.7b,0.5033333333333333,3,0.01,0.5,1.0
phi4_14b,PlainLLM,58,deepseek-coder:6.7b,0.5666666666666667,3,0.7,1.0,0.0
phi4_14b,PlainLLM,59,deepseek-coder:6.7b,0.9833333333333334,3,1.0,1.0,0.95
phi4_14b,PlainLLM,60,deepseek-coder:6.7b,0.9333333333333332,3,0.8,1.0,1.0
phi4_14b,PlainLLM,61,deepseek-coder:6.7b,1.0,3,1.0,1.0,1.0
phi4_14b,PlainLLM,62,deepseek-coder:6.7b,1.0,3,1.0,1.0,1.0
phi4_14b,PlainLLM,63,deepseek-coder:6.7b,0.3416666666666666,3,0.0,1.0,0.025
phi4_14b,PlainLLM,64,deepseek-coder:6.7b,1.0,3,1.0,1.0,1.0
phi4_14b,PlainLLM,65,deepseek-coder:6.7b,1.0,3,1.0,1.0,1.0
phi4_14b,PlainLLM,66,deepseek-coder:6.7b,0.26,3,0.75,0.0,0.03
qwen3_8b,CoTRAG,0,deepseek-coder:6.7b,0.9166666666666666,3,1.0,1.0,0.75
qwen3_8b,CoTRAG,1,deepseek-coder:6.7b,0.95,3,1.0,1.0,0.85
qwen3_8b,CoTRAG,2,deepseek-coder:6.7b,0.9,3,1.0,1.0,0.7
qwen3_8b,CoTRAG,3,deepseek-coder:6.7b,1.0,3,1.0,1.0,1.0
qwen3_8b,CoTRAG,4,deepseek-coder:6.7b,0.9,3,1.0,1.0,0.7
qwen3_8b,CoTRAG,5,deepseek-coder:6.7b,0.8333333333333334,3,1.0,0.5,1.0
qwen3_8b,CoTRAG,6,deepseek-coder:6.7b,0.8333333333333334,3,1.0,0.5,1.0
qwen3_8b,CoTRAG,7,deepseek-coder:6.7b,0.8333333333333334,3,1.0,0.5,1.0
qwen3_8b,CoTRAG,8,deepseek-coder:6.7b,0.8333333333333334,3,1.0,0.5,1.0
qwen3_8b,CoTRAG,9,deepseek-coder:6.7b,0.89,3,1.0,1.0,0.67
qwen3_8b,CoTRAG,10,deepseek-coder:6.7b,0.8333333333333334,3,1.0,0.5,1.0
qwen3_8b,CoTRAG,11,deepseek-coder:6.7b,0.9833333333333334,3,1.0,1.0,0.95
qwen3_8b,CoTRAG,12,deepseek-coder:6.7b,0.4563333333333333,3,0.75,0.019,0.6
qwen3_8b,CoTRAG,13,deepseek-coder:6.7b,1.0,3,1.0,1.0,1.0
qwen3_8b,CoTRAG,14,deepseek-coder:6.7b,0.8333333333333334,3,1.0,1.0,0.5
qwen3_8b,CoTRAG,15,deepseek-coder:6.7b,0.6666666666666666,3,0.5,0.5,1.0
qwen3_8b,CoTRAG,16,deepseek-coder:6.7b,0.75,3,0.75,1.0,0.5
qwen3_8b,CoTRAG,17,deepseek-coder:6.7b,0.5,3,0.0,1.0,0.5
qwen3_8b,CoTRAG,18,deepseek-coder:6.7b,0.8333333333333334,3,0.5,1.0,1.0
qwen3_8b,CoTRAG,19,deepseek-coder:6.7b,0.3333333333333333,3,0.5,0.0,0.5
qwen3_8b,CoTRAG,20,deepseek-coder:6.7b,0.9166666666666666,3,1.0,0.75,1.0
qwen3_8b,CoTRAG,21,deepseek-coder:6.7b,1.0,3,1.0,1.0,1.0
qwen3_8b,CoTRAG,22,deepseek-coder:6.7b,1.0,3,1.0,1.0,1.0
qwen3_8b,CoTRAG,23,deepseek-coder:6.7b,0.5499999999999999,3,0.0,1.0,0.65
qwen3_8b,CoTRAG,24,deepseek-coder:6.7b,0.8333333333333334,3,1.0,1.0,0.5
qwen3_8b,CoTRAG,25,deepseek-coder:6.7b,0.5833333333333334,3,0.75,0.0,1.0
qwen3_8b,CoTRAG,26,deepseek-coder:6.7b,1.0,3,1.0,1.0,1.0
qwen3_8b,CoTRAG,27,deepseek-coder:6.7b,0.7666666666666666,3,0.75,0.8,0.75
qwen3_8b,CoTRAG,28,deepseek-coder:6.7b,1.0,3,1.0,1.0,1.0
qwen3_8b,CoTRAG,29,deepseek-coder:6.7b,0.91,3,0.98,0.75,1.0
qwen3_8b,CoTRAG,30,deepseek-coder:6.7b,0.6666666666666666,3,0.5,0.5,1.0
qwen3_8b,CoTRAG,31,deepseek-coder:6.7b,0.6666666666666666,3,0.5,0.5,1.0
qwen3_8b,CoTRAG,32,deepseek-coder:6.7b,1.0,3,1.0,1.0,1.0
qwen3_8b,CoTRAG,33,deepseek-coder:6.7b,0.95,3,0.85,1.0,1.0
qwen3_8b,CoTRAG,34,deepseek-coder:6.7b,0.3333333333333333,3,0.5,0.5,0.0
qwen3_8b,CoTRAG,35,deepseek-coder:6.7b,0.6033333333333334,3,1.0,0.01,0.8
qwen3_8b,CoTRAG,36,deepseek-coder:6.7b,1.0,3,1.0,1.0,1.0
qwen3_8b,CoTRAG,37,deepseek-coder:6.7b,0.6666666666666666,3,0.5,0.5,1.0
qwen3_8b,CoTRAG,38,deepseek-coder:6.7b,0.9833333333333334,3,1.0,1.0,0.95
qwen3_8b,CoTRAG,39,deepseek-coder:6.7b,1.0,3,1.0,1.0,1.0
qwen3_8b,CoTRAG,40,deepseek-coder:6.7b,0.9,3,1.0,0.7,1.0
qwen3_8b,CoTRAG,41,deepseek-coder:6.7b,0.6666666666666666,3,0.5,0.5,1.0
qwen3_8b,CoTRAG,42,deepseek-coder:6.7b,0.8333333333333334,3,0.5,1.0,1.0
qwen3_8b,CoTRAG,43,deepseek-coder:6.7b,0.6333333333333333,3,1.0,0.9,0.0
qwen3_8b,CoTRAG,44,deepseek-coder:6.7b,0.1666666666666666,3,0.0,0.0,0.5
qwen3_8b,CoTRAG,45,deepseek-coder:6.7b,1.0,3,1.0,1.0,1.0
qwen3_8b,CoTRAG,46,deepseek-coder:6.7b,1.0,3,1.0,1.0,1.0
qwen3_8b,CoTRAG,47,deepseek-coder:6.7b,1.0,3,1.0,1.0,1.0
qwen3_8b,CoTRAG,48,deepseek-coder:6.7b,0.3333333333333333,3,0.5,0.0,0.5
qwen3_8b,CoTRAG,49,deepseek-coder:6.7b,0.7000000000000001,3,0.8,1.0,0.3
qwen3_8b,CoTRAG,50,deepseek-coder:6.7b,0.6253333333333333,3,1.0,0.001,0.875
qwen3_8b,CoTRAG,51,deepseek-coder:6.7b,0.5,3,0.0,0.5,1.0
qwen3_8b,CoTRAG,52,deepseek-coder:6.7b,0.5833333333333334,3,1.0,0.0,0.75
qwen3_8b,CoTRAG,53,deepseek-coder:6.7b,0.9833333333333334,3,1.0,0.95,1.0
qwen3_8b,CoTRAG,54,deepseek-coder:6.7b,0.7766666666666667,3,1.0,0.33,1.0
qwen3_8b,CoTRAG,55,deepseek-coder:6.7b,0.8333333333333334,3,1.0,0.5,1.0
qwen3_8b,CoTRAG,56,deepseek-coder:6.7b,0.8333333333333334,3,1.0,0.5,1.0
qwen3_8b,CoTRAG,57,deepseek-coder:6.7b,0.8333333333333334,3,0.5,1.0,1.0
qwen3_8b,CoTRAG,58,deepseek-coder:6.7b,0.8166666666666668,3,0.95,1.0,0.5
qwen3_8b,CoTRAG,59,deepseek-coder:6.7b,0.6666666666666666,3,0.0,1.0,1.0
qwen3_8b,CoTRAG,60,deepseek-coder:6.7b,0.8333333333333334,3,1.0,0.5,1.0
qwen3_8b,CoTRAG,61,deepseek-coder:6.7b,0.5666666666666667,3,1.0,0.0,0.7
qwen3_8b,CoTRAG,62,deepseek-coder:6.7b,0.6166666666666667,3,0.0,1.0,0.85
qwen3_8b,CoTRAG,63,deepseek-coder:6.7b,1.0,3,1.0,1.0,1.0
qwen3_8b,CoTRAG,64,deepseek-coder:6.7b,0.86,3,1.0,0.75,0.83
qwen3_8b,CoTRAG,65,deepseek-coder:6.7b,1.0,3,1.0,1.0,1.0
qwen3_8b,CoTRAG,66,deepseek-coder:6.7b,0.1666666666666666,3,0.0,0.0,0.5
phi4_14b,CoTRAG,0,qwen3:8b,0.5,3,0.5,0.5,0.5
phi4_14b,CoTRAG,1,qwen3:8b,0.5,3,0.5,0.5,0.5
phi4_14b,CoTRAG,2,qwen3:8b,0.5,3,0.5,0.5,0.5
phi4_14b,CoTRAG,3,qwen3:8b,0.5,3,0.5,0.5,0.5
phi4_14b,CoTRAG,4,qwen3:8b,0.5,3,0.5,0.5,0.5
phi4_14b,CoTRAG,5,qwen3:8b,0.1666666666666666,3,0.0,0.5,0.0
phi4_14b,CoTRAG,6,qwen3:8b,0.5,3,0.5,0.5,0.5
phi4_14b,CoTRAG,7,qwen3:8b,0.3333333333333333,3,0.5,0.0,0.5
phi4_14b,CoTRAG,8,qwen3:8b,0.5,3,0.5,0.5,0.5
phi4_14b,CoTRAG,9,qwen3:8b,0.5,3,0.5,0.5,0.5
phi4_14b,CoTRAG,10,qwen3:8b,0.5,3,0.5,0.5,0.5
phi4_14b,CoTRAG,11,qwen3:8b,0.5,3,0.5,0.5,0.5
phi4_14b,CoTRAG,12,qwen3:8b,0.5,3,0.5,0.5,0.5
phi4_14b,CoTRAG,13,qwen3:8b,0.5,3,0.5,0.5,0.5
phi4_14b,CoTRAG,14,qwen3:8b,0.5,3,0.5,0.5,0.5
phi4_14b,CoTRAG,15,qwen3:8b,0.5,3,0.5,0.5,0.5
phi4_14b,CoTRAG,16,qwen3:8b,0.5,3,0.5,0.0,1.0
phi4_14b,CoTRAG,17,qwen3:8b,0.3333333333333333,3,0.5,0.5,0.0
phi4_14b,CoTRAG,18,qwen3:8b,0.5,3,0.5,0.5,0.5
phi4_14b,CoTRAG,19,qwen3:8b,0.3333333333333333,3,0.5,0.0,0.5
phi4_14b,CoTRAG,20,qwen3:8b,0.1666666666666666,3,0.0,0.0,0.5
phi4_14b,CoTRAG,21,qwen3:8b,0.5,3,0.5,0.5,0.5
phi4_14b,CoTRAG,22,qwen3:8b,0.5,3,0.5,0.5,0.5
phi4_14b,CoTRAG,23,qwen3:8b,0.5,3,0.5,0.5,0.5
phi4_14b,CoTRAG,24,qwen3:8b,0.6666666666666666,3,1.0,0.5,0.5
phi4_14b,CoTRAG,25,qwen3:8b,0.5,3,0.5,0.5,0.5
phi4_14b,CoTRAG,26,qwen3:8b,0.5,3,0.5,0.5,0.5
phi4_14b,CoTRAG,27,qwen3:8b,0.5,3,0.5,0.5,0.5
phi4_14b,CoTRAG,28,qwen3:8b,0.5,3,0.5,0.5,0.5
phi4_14b,CoTRAG,29,qwen3:8b,0.5,3,0.5,0.5,0.5
phi4_14b,CoTRAG,30,qwen3:8b,0.8333333333333334,3,1.0,0.5,1.0
phi4_14b,CoTRAG,31,qwen3:8b,0.1666666666666666,3,0.5,0.0,0.0
phi4_14b,CoTRAG,32,qwen3:8b,0.0,3,0.0,0.0,0.0
phi4_14b,CoTRAG,33,qwen3:8b,0.1666666666666666,3,0.5,0.0,0.0
phi4_14b,CoTRAG,34,qwen3:8b,0.1666666666666666,3,0.0,0.5,0.0
phi4_14b,CoTRAG,35,qwen3:8b,0.1666666666666666,3,0.5,0.0,0.0
phi4_14b,CoTRAG,36,qwen3:8b,0.5,3,0.5,0.5,0.5
phi4_14b,CoTRAG,37,qwen3:8b,0.5,3,0.5,0.5,0.5
phi4_14b,CoTRAG,38,qwen3:8b,0.5,3,0.5,0.5,0.5
phi4_14b,CoTRAG,39,qwen3:8b,0.5,3,0.5,0.5,0.5
phi4_14b,CoTRAG,40,qwen3:8b,0.5,3,0.5,0.5,0.5
phi4_14b,CoTRAG,41,qwen3:8b,0.0,3,0.0,0.0,0.0
phi4_14b,CoTRAG,42,qwen3:8b,0.5,3,0.5,0.5,0.5
phi4_14b,CoTRAG,43,qwen3:8b,0.5,3,0.5,0.5,0.5
phi4_14b,CoTRAG,44,qwen3:8b,0.5,3,0.5,0.5,0.5
phi4_14b,CoTRAG,45,qwen3:8b,0.5,3,0.5,0.5,0.5
phi4_14b,CoTRAG,46,qwen3:8b,0.3333333333333333,3,0.5,0.0,0.5
phi4_14b,CoTRAG,47,qwen3:8b,0.6666666666666666,3,0.5,0.5,1.0
phi4_14b,CoTRAG,48,qwen3:8b,0.3333333333333333,3,0.5,0.5,0.0
phi4_14b,CoTRAG,49,qwen3:8b,0.5,3,0.5,0.5,0.5
phi4_14b,CoTRAG,50,qwen3:8b,0.5,3,0.5,0.5,0.5
phi4_14b,CoTRAG,51,qwen3:8b,0.5,3,0.5,0.5,0.5
phi4_14b,CoTRAG,52,qwen3:8b,0.3333333333333333,3,0.0,0.5,0.5
phi4_14b,CoTRAG,53,qwen3:8b,0.0,3,0.0,0.0,0.0
phi4_14b,CoTRAG,54,qwen3:8b,0.5,3,0.5,0.5,0.5
phi4_14b,CoTRAG,55,qwen3:8b,0.3333333333333333,3,0.0,0.5,0.5
phi4_14b,CoTRAG,56,qwen3:8b,0.5,3,0.5,0.5,0.5
phi4_14b,CoTRAG,57,qwen3:8b,0.0,3,0.0,0.0,0.0
phi4_14b,CoTRAG,58,qwen3:8b,0.3333333333333333,3,0.0,0.5,0.5
phi4_14b,CoTRAG,59,qwen3:8b,0.0,3,0.0,0.0,0.0
phi4_14b,CoTRAG,60,qwen3:8b,0.5,3,0.5,0.5,0.5
phi4_14b,CoTRAG,61,qwen3:8b,0.5,3,0.5,0.5,0.5
phi4_14b,CoTRAG,62,qwen3:8b,0.5,3,0.5,0.5,0.5
phi4_14b,CoTRAG,63,qwen3:8b,0.5,3,0.5,0.5,0.5
phi4_14b,CoTRAG,64,qwen3:8b,0.5,3,0.5,0.5,0.5
phi4_14b,CoTRAG,65,qwen3:8b,0.5,3,0.5,0.5,0.5
phi4_14b,CoTRAG,66,qwen3:8b,0.5,3,0.5,0.5,0.5
phi4_14b,GoTRAG,0,qwen3:8b,0.5,3,0.5,0.5,0.5
phi4_14b,GoTRAG,1,qwen3:8b,0.5,3,0.5,0.5,0.5
phi4_14b,GoTRAG,2,qwen3:8b,0.5,3,0.5,0.5,0.5
phi4_14b,GoTRAG,3,qwen3:8b,0.6666666666666666,3,0.5,1.0,0.5
phi4_14b,GoTRAG,4,qwen3:8b,0.8333333333333334,3,1.0,1.0,0.5
phi4_14b,GoTRAG,5,qwen3:8b,0.5,3,0.5,0.5,0.5
phi4_14b,GoTRAG,6,qwen3:8b,0.3333333333333333,3,0.5,0.5,0.0
phi4_14b,GoTRAG,7,qwen3:8b,0.3333333333333333,3,0.5,0.5,0.0
phi4_14b,GoTRAG,8,qwen3:8b,0.5,3,0.5,0.5,0.5
phi4_14b,GoTRAG,9,qwen3:8b,0.5,3,0.5,0.5,0.5
phi4_14b,GoTRAG,10,qwen3:8b,0.3333333333333333,3,0.5,0.5,0.0
phi4_14b,GoTRAG,11,qwen3:8b,0.5,3,0.5,0.5,0.5
phi4_14b,GoTRAG,12,qwen3:8b,0.5,3,0.5,0.5,0.5
phi4_14b,GoTRAG,13,qwen3:8b,0.5,3,0.5,0.5,0.5
phi4_14b,GoTRAG,14,qwen3:8b,0.3333333333333333,3,0.5,0.5,0.0
phi4_14b,GoTRAG,15,qwen3:8b,0.3333333333333333,3,0.0,0.5,0.5
phi4_14b,GoTRAG,16,qwen3:8b,0.5,3,0.5,0.5,0.5
phi4_14b,GoTRAG,17,qwen3:8b,0.8333333333333334,3,1.0,1.0,0.5
phi4_14b,GoTRAG,18,qwen3:8b,0.3333333333333333,3,0.0,0.5,0.5
phi4_14b,GoTRAG,19,qwen3:8b,0.5,3,0.5,0.5,0.5
phi4_14b,GoTRAG,20,qwen3:8b,0.5,3,0.5,0.5,0.5
phi4_14b,GoTRAG,21,qwen3:8b,0.3333333333333333,3,0.0,0.5,0.5
phi4_14b,GoTRAG,22,qwen3:8b,0.5,3,0.5,0.5,0.5
phi4_14b,GoTRAG,23,qwen3:8b,0.5,3,0.5,0.5,0.5
phi4_14b,GoTRAG,24,qwen3:8b,0.5,3,0.5,0.5,0.5
phi4_14b,GoTRAG,25,qwen3:8b,0.5,3,0.5,0.5,0.5
phi4_14b,GoTRAG,26,qwen3:8b,0.5,3,0.5,0.5,0.5
phi4_14b,GoTRAG,27,qwen3:8b,0.5,3,0.5,0.5,0.5
phi4_14b,GoTRAG,28,qwen3:8b,0.5,3,0.5,0.5,0.5
phi4_14b,GoTRAG,29,qwen3:8b,0.5,3,0.5,0.5,0.5
phi4_14b,GoTRAG,30,qwen3:8b,1.0,3,1.0,1.0,1.0
phi4_14b,GoTRAG,31,qwen3:8b,0.5,3,0.5,0.5,0.5
phi4_14b,GoTRAG,32,qwen3:8b,0.5,3,0.5,0.5,0.5
phi4_14b,GoTRAG,33,qwen3:8b,0.6666666666666666,3,0.5,1.0,0.5
phi4_14b,GoTRAG,34,qwen3:8b,0.3333333333333333,3,0.5,0.5,0.0
phi4_14b,GoTRAG,35,qwen3:8b,0.1666666666666666,3,0.0,0.5,0.0
phi4_14b,GoTRAG,36,qwen3:8b,0.3333333333333333,3,0.5,0.0,0.5
phi4_14b,GoTRAG,37,qwen3:8b,0.3333333333333333,3,0.0,0.5,0.5
phi4_14b,GoTRAG,38,qwen3:8b,0.5,3,0.5,0.5,0.5
phi4_14b,GoTRAG,39,qwen3:8b,0.5,3,0.5,0.5,0.5
phi4_14b,GoTRAG,40,qwen3:8b,0.6666666666666666,3,0.5,1.0,0.5
phi4_14b,GoTRAG,41,qwen3:8b,0.3333333333333333,3,0.5,0.0,0.5
phi4_14b,GoTRAG,42,qwen3:8b,0.5,3,0.5,0.5,0.5
phi4_14b,GoTRAG,43,qwen3:8b,0.0,3,0.0,0.0,0.0
phi4_14b,GoTRAG,44,qwen3:8b,0.7666666666666666,3,1.0,0.5,0.8
phi4_14b,GoTRAG,45,qwen3:8b,0.5,3,0.5,0.5,0.5
phi4_14b,GoTRAG,46,qwen3:8b,0.5,3,0.5,0.5,0.5
phi4_14b,GoTRAG,47,qwen3:8b,0.3333333333333333,3,0.5,0.0,0.5
phi4_14b,GoTRAG,48,qwen3:8b,0.5,3,0.5,0.5,0.5
phi4_14b,GoTRAG,49,qwen3:8b,0.0,3,0.0,0.0,0.0
phi4_14b,GoTRAG,50,qwen3:8b,0.5,3,0.5,0.5,0.5
phi4_14b,GoTRAG,51,qwen3:8b,0.5,3,0.5,0.5,0.5
phi4_14b,GoTRAG,52,qwen3:8b,0.5,3,0.5,0.5,0.5
phi4_14b,GoTRAG,53,qwen3:8b,0.5,3,0.5,0.5,0.5
phi4_14b,GoTRAG,54,qwen3:8b,1.0,3,1.0,1.0,1.0
phi4_14b,GoTRAG,55,qwen3:8b,0.3333333333333333,3,0.0,0.5,0.5
phi4_14b,GoTRAG,56,qwen3:8b,0.6666666666666666,3,1.0,0.5,0.5
phi4_14b,GoTRAG,57,qwen3:8b,0.1666666666666666,3,0.0,0.5,0.0
phi4_14b,GoTRAG,58,qwen3:8b,0.5,3,0.5,0.5,0.5
phi4_14b,GoTRAG,59,qwen3:8b,0.3333333333333333,3,0.5,0.5,0.0
phi4_14b,GoTRAG,60,qwen3:8b,0.5,3,0.5,0.5,0.5
phi4_14b,GoTRAG,61,qwen3:8b,0.5,3,0.5,0.5,0.5
phi4_14b,GoTRAG,62,qwen3:8b,0.6666666666666666,3,1.0,0.5,0.5
phi4_14b,GoTRAG,63,qwen3:8b,0.5,3,0.5,0.5,0.5
phi4_14b,GoTRAG,64,qwen3:8b,0.5,3,0.5,0.5,0.5
phi4_14b,GoTRAG,65,qwen3:8b,0.5,3,0.5,0.5,0.5
phi4_14b,GoTRAG,66,qwen3:8b,0.5,3,0.5,0.5,0.5
qwen3_8b,PlainLLM,0,deepseek-coder:6.7b,0.6333333333333333,3,0.9,1.0,0.0
qwen3_8b,PlainLLM,1,deepseek-coder:6.7b,1.0,3,1.0,1.0,1.0
qwen3_8b,PlainLLM,2,deepseek-coder:6.7b,0.8333333333333334,3,0.5,1.0,1.0
qwen3_8b,PlainLLM,3,deepseek-coder:6.7b,1.0,3,1.0,1.0,1.0
qwen3_8b,PlainLLM,4,deepseek-coder:6.7b,1.0,3,1.0,1.0,1.0
qwen3_8b,PlainLLM,5,deepseek-coder:6.7b,0.8333333333333334,3,1.0,0.5,1.0
qwen3_8b,PlainLLM,6,deepseek-coder:6.7b,0.8166666666666668,3,1.0,0.5,0.95
qwen3_8b,PlainLLM,7,deepseek-coder:6.7b,0.9666666666666668,3,0.9,1.0,1.0
qwen3_8b,PlainLLM,8,deepseek-coder:6.7b,0.5,3,0.0,1.0,0.5
qwen3_8b,PlainLLM,9,deepseek-coder:6.7b,0.9166666666666666,3,1.0,0.75,1.0
qwen3_8b,PlainLLM,10,deepseek-coder:6.7b,0.9166666666666666,3,1.0,1.0,0.75
qwen3_8b,PlainLLM,11,deepseek-coder:6.7b,0.8333333333333334,3,1.0,1.0,0.5
qwen3_8b,PlainLLM,12,deepseek-coder:6.7b,1.0,3,1.0,1.0,1.0
qwen3_8b,PlainLLM,13,deepseek-coder:6.7b,1.0,3,1.0,1.0,1.0
qwen3_8b,PlainLLM,14,deepseek-coder:6.7b,0.9166666666666666,3,0.75,1.0,1.0
qwen3_8b,PlainLLM,15,deepseek-coder:6.7b,0.6666666666666666,3,1.0,1.0,0.0
qwen3_8b,PlainLLM,16,deepseek-coder:6.7b,0.7666666666666666,3,1.0,1.0,0.3
qwen3_8b,PlainLLM,17,deepseek-coder:6.7b,0.65,3,0.95,0.0,1.0
qwen3_8b,PlainLLM,18,deepseek-coder:6.7b,0.5,3,1.0,0.5,0.0
qwen3_8b,PlainLLM,19,deepseek-coder:6.7b,0.375,3,0.625,0.0,0.5
qwen3_8b,PlainLLM,20,deepseek-coder:6.7b,0.5,3,0.0,0.5,1.0
qwen3_8b,PlainLLM,21,deepseek-coder:6.7b,0.8333333333333334,3,0.5,1.0,1.0
qwen3_8b,PlainLLM,22,deepseek-coder:6.7b,0.8333333333333334,3,1.0,0.5,1.0
qwen3_8b,PlainLLM,23,deepseek-coder:6.7b,0.7833333333333333,3,0.85,0.5,1.0
qwen3_8b,PlainLLM,24,deepseek-coder:6.7b,0.8333333333333334,3,0.5,1.0,1.0
qwen3_8b,PlainLLM,25,deepseek-coder:6.7b,0.8333333333333334,3,1.0,0.5,1.0
qwen3_8b,PlainLLM,26,deepseek-coder:6.7b,0.6666666666666666,3,0.0,1.0,1.0
qwen3_8b,PlainLLM,27,deepseek-coder:6.7b,0.6166666666666667,3,0.85,0.0,1.0
qwen3_8b,PlainLLM,28,deepseek-coder:6.7b,0.75,3,1.0,0.75,0.5
qwen3_8b,PlainLLM,29,deepseek-coder:6.7b,0.6666666666666666,3,0.0,1.0,1.0
qwen3_8b,PlainLLM,30,deepseek-coder:6.7b,0.7558333333333334,3,0.5,0.83,0.9375
qwen3_8b,PlainLLM,31,deepseek-coder:6.7b,0.7083333333333334,3,0.5,0.625,1.0
qwen3_8b,PlainLLM,32,deepseek-coder:6.7b,0.9166666666666666,3,0.75,1.0,1.0
qwen3_8b,PlainLLM,33,deepseek-coder:6.7b,0.9166666666666666,3,1.0,1.0,0.75
qwen3_8b,PlainLLM,34,deepseek-coder:6.7b,1.0,3,1.0,1.0,1.0
qwen3_8b,PlainLLM,35,deepseek-coder:6.7b,0.1666666666666666,3,0.5,0.0,0.0
qwen3_8b,PlainLLM,36,deepseek-coder:6.7b,0.5888888888888889,3,0.6666666666666666,0.1,1.0
qwen3_8b,PlainLLM,37,deepseek-coder:6.7b,0.8333333333333334,3,1.0,1.0,0.5
qwen3_8b,PlainLLM,38,deepseek-coder:6.7b,0.7666666666666666,3,0.8,0.5,1.0
qwen3_8b,PlainLLM,39,deepseek-coder:6.7b,0.9166666666666666,3,1.0,1.0,0.75
qwen3_8b,PlainLLM,40,deepseek-coder:6.7b,1.0,3,1.0,1.0,1.0
qwen3_8b,PlainLLM,41,deepseek-coder:6.7b,0.3333333333333333,3,1.0,0.0,0.0
qwen3_8b,PlainLLM,42,deepseek-coder:6.7b,0.95,3,1.0,0.85,1.0
qwen3_8b,PlainLLM,43,deepseek-coder:6.7b,0.6933333333333334,3,0.08,1.0,1.0
qwen3_8b,PlainLLM,44,deepseek-coder:6.7b,0.5076470588235295,3,0.3529411764705882,0.5,0.67
qwen3_8b,PlainLLM,45,deepseek-coder:6.7b,0.8333333333333334,3,0.5,1.0,1.0
qwen3_8b,PlainLLM,46,deepseek-coder:6.7b,0.9,3,1.0,1.0,0.7
qwen3_8b,PlainLLM,47,deepseek-coder:6.7b,0.7999999999999999,3,0.4,1.0,1.0
qwen3_8b,PlainLLM,48,deepseek-coder:6.7b,0.8288888888888889,3,0.5,1.0,0.9866666666666668
qwen3_8b,PlainLLM,49,deepseek-coder:6.7b,1.0,3,1.0,1.0,1.0
qwen3_8b,PlainLLM,50,deepseek-coder:6.7b,0.9166666666666666,3,1.0,1.0,0.75
qwen3_8b,PlainLLM,51,deepseek-coder:6.7b,0.6666666666666666,3,0.75,0.75,0.5
qwen3_8b,PlainLLM,52,deepseek-coder:6.7b,0.8333333333333334,3,0.5,1.0,1.0
qwen3_8b,PlainLLM,53,deepseek-coder:6.7b,0.9,3,1.0,1.0,0.7
qwen3_8b,PlainLLM,54,deepseek-coder:6.7b,0.1794166666666666,3,0.5,0.0,0.03825
qwen3_8b,PlainLLM,55,deepseek-coder:6.7b,0.9166666666666666,3,0.75,1.0,1.0
qwen3_8b,PlainLLM,56,deepseek-coder:6.7b,0.8333333333333334,3,1.0,0.5,1.0
qwen3_8b,PlainLLM,57,deepseek-coder:6.7b,0.6699999999999999,3,1.0,1.0,0.01
qwen3_8b,PlainLLM,58,deepseek-coder:6.7b,0.5833333333333334,3,0.75,0.5,0.5
qwen3_8b,PlainLLM,59,deepseek-coder:6.7b,0.6666666666666666,3,0.5,0.5,1.0
qwen3_8b,PlainLLM,60,deepseek-coder:6.7b,0.9,3,1.0,1.0,0.7
qwen3_8b,PlainLLM,61,deepseek-coder:6.7b,1.0,3,1.0,1.0,1.0
qwen3_8b,PlainLLM,62,deepseek-coder:6.7b,0.2823333333333333,3,0.75,0.0969999999999999,0.0
qwen3_8b,PlainLLM,63,deepseek-coder:6.7b,1.0,3,1.0,1.0,1.0
qwen3_8b,PlainLLM,64,deepseek-coder:6.7b,0.6666666666666666,3,1.0,1.0,0.0
qwen3_8b,PlainLLM,65,deepseek-coder:6.7b,0.69,3,1.0,0.5,0.57
qwen3_8b,PlainLLM,66,deepseek-coder:6.7b,0.6666666666666666,3,0.5,0.5,1.0
qwen3_8b,FewShotPlainLLM,0,qwen3:8b,0.0,3,0.0,0.0,0.0
qwen3_8b,FewShotPlainLLM,1,qwen3:8b,0.3333333333333333,3,0.5,0.5,0.0
qwen3_8b,FewShotPlainLLM,2,qwen3:8b,0.5,3,0.5,0.5,0.5
qwen3_8b,FewShotPlainLLM,3,qwen3:8b,0.5,3,0.5,0.5,0.5
qwen3_8b,FewShotPlainLLM,4,qwen3:8b,0.3333333333333333,3,0.5,0.0,0.5
qwen3_8b,FewShotPlainLLM,5,qwen3:8b,0.3333333333333333,3,0.0,0.5,0.5
qwen3_8b,FewShotPlainLLM,6,qwen3:8b,0.0,3,0.0,0.0,0.0
qwen3_8b,FewShotPlainLLM,7,qwen3:8b,0.3333333333333333,3,0.0,0.5,0.5
qwen3_8b,FewShotPlainLLM,8,qwen3:8b,0.3333333333333333,3,0.0,0.5,0.5
qwen3_8b,FewShotPlainLLM,9,qwen3:8b,0.5,3,0.5,0.5,0.5
qwen3_8b,FewShotPlainLLM,10,qwen3:8b,0.1666666666666666,3,0.0,0.0,0.5
qwen3_8b,FewShotPlainLLM,11,qwen3:8b,0.3333333333333333,3,0.5,0.0,0.5
qwen3_8b,FewShotPlainLLM,12,qwen3:8b,0.5,3,0.5,0.5,0.5
qwen3_8b,FewShotPlainLLM,13,qwen3:8b,0.5,3,0.5,0.5,0.5
qwen3_8b,FewShotPlainLLM,14,qwen3:8b,0.0,3,0.0,0.0,0.0
qwen3_8b,FewShotPlainLLM,15,qwen3:8b,0.3333333333333333,3,0.0,0.5,0.5
qwen3_8b,FewShotPlainLLM,16,qwen3:8b,0.0,3,0.0,0.0,0.0
qwen3_8b,FewShotPlainLLM,17,qwen3:8b,0.5,3,0.5,0.5,0.5
qwen3_8b,FewShotPlainLLM,18,qwen3:8b,0.0,3,0.0,0.0,0.0
qwen3_8b,FewShotPlainLLM,19,qwen3:8b,0.1666666666666666,3,0.0,0.5,0.0
qwen3_8b,FewShotPlainLLM,20,qwen3:8b,0.3333333333333333,3,0.0,0.5,0.5
qwen3_8b,FewShotPlainLLM,21,qwen3:8b,0.3333333333333333,3,0.5,0.0,0.5
qwen3_8b,FewShotPlainLLM,22,qwen3:8b,0.5,3,0.5,0.5,0.5
qwen3_8b,FewShotPlainLLM,23,qwen3:8b,0.3333333333333333,3,0.0,0.5,0.5
qwen3_8b,FewShotPlainLLM,24,qwen3:8b,0.5,3,0.5,0.5,0.5
qwen3_8b,FewShotPlainLLM,25,qwen3:8b,0.5,3,0.5,0.5,0.5
qwen3_8b,FewShotPlainLLM,26,qwen3:8b,0.5,3,0.5,0.5,0.5
qwen3_8b,FewShotPlainLLM,27,qwen3:8b,0.5,3,0.5,0.5,0.5
qwen3_8b,FewShotPlainLLM,28,qwen3:8b,0.5,3,0.5,0.5,0.5
qwen3_8b,FewShotPlainLLM,29,qwen3:8b,0.5,3,0.5,0.5,0.5
qwen3_8b,FewShotPlainLLM,30,qwen3:8b,0.3333333333333333,3,0.5,0.0,0.5
qwen3_8b,FewShotPlainLLM,31,qwen3:8b,0.3333333333333333,3,0.5,0.0,0.5
qwen3_8b,FewShotPlainLLM,32,qwen3:8b,0.0,3,0.0,0.0,0.0
qwen3_8b,FewShotPlainLLM,33,qwen3:8b,0.3333333333333333,3,0.5,0.0,0.5
qwen3_8b,FewShotPlainLLM,34,qwen3:8b,0.3333333333333333,3,0.5,0.5,0.0
qwen3_8b,FewShotPlainLLM,35,qwen3:8b,0.3333333333333333,3,0.5,0.0,0.5
qwen3_8b,FewShotPlainLLM,36,qwen3:8b,0.1666666666666666,3,0.0,0.0,0.5
qwen3_8b,FewShotPlainLLM,37,qwen3:8b,0.3333333333333333,3,0.5,0.0,0.5
qwen3_8b,FewShotPlainLLM,38,qwen3:8b,0.5,3,0.5,0.5,0.5
qwen3_8b,FewShotPlainLLM,39,qwen3:8b,0.5,3,0.5,0.5,0.5
qwen3_8b,FewShotPlainLLM,40,qwen3:8b,0.5,3,0.5,0.5,0.5
qwen3_8b,FewShotPlainLLM,41,qwen3:8b,0.5,3,0.5,0.5,0.5
qwen3_8b,FewShotPlainLLM,42,qwen3:8b,0.5,3,0.5,0.5,0.5
qwen3_8b,FewShotPlainLLM,43,qwen3:8b,0.0,3,0.0,0.0,0.0
qwen3_8b,FewShotPlainLLM,44,qwen3:8b,0.0,3,0.0,0.0,0.0
qwen3_8b,FewShotPlainLLM,45,qwen3:8b,0.3333333333333333,3,0.5,0.5,0.0
qwen3_8b,FewShotPlainLLM,46,qwen3:8b,0.5,3,0.5,0.5,0.5
qwen3_8b,FewShotPlainLLM,47,qwen3:8b,0.0,3,0.0,0.0,0.0
qwen3_8b,FewShotPlainLLM,48,qwen3:8b,0.0,3,0.0,0.0,0.0
qwen3_8b,FewShotPlainLLM,49,qwen3:8b,0.0,3,0.0,0.0,0.0
qwen3_8b,FewShotPlainLLM,50,qwen3:8b,0.3333333333333333,3,0.0,0.5,0.5
qwen3_8b,FewShotPlainLLM,51,qwen3:8b,0.3333333333333333,3,0.0,0.5,0.5
qwen3_8b,FewShotPlainLLM,52,qwen3:8b,0.3333333333333333,3,0.5,0.0,0.5
qwen3_8b,FewShotPlainLLM,53,qwen3:8b,0.3333333333333333,3,0.5,0.5,0.0
qwen3_8b,FewShotPlainLLM,54,qwen3:8b,0.3333333333333333,3,0.5,0.0,0.5
qwen3_8b,FewShotPlainLLM,55,qwen3:8b,0.1666666666666666,3,0.0,0.0,0.5
qwen3_8b,FewShotPlainLLM,56,qwen3:8b,0.3333333333333333,3,0.5,0.5,0.0
qwen3_8b,FewShotPlainLLM,57,qwen3:8b,0.1666666666666666,3,0.5,0.0,0.0
qwen3_8b,FewShotPlainLLM,58,qwen3:8b,0.1666666666666666,3,0.0,0.0,0.5
qwen3_8b,FewShotPlainLLM,59,qwen3:8b,0.1666666666666666,3,0.0,0.5,0.0
qwen3_8b,FewShotPlainLLM,60,qwen3:8b,0.3333333333333333,3,0.0,0.5,0.5
qwen3_8b,FewShotPlainLLM,61,qwen3:8b,0.5,3,0.5,0.5,0.5
qwen3_8b,FewShotPlainLLM,62,qwen3:8b,0.1666666666666666,3,0.0,0.0,0.5
qwen3_8b,FewShotPlainLLM,63,qwen3:8b,0.5,3,0.5,0.5,0.5
qwen3_8b,FewShotPlainLLM,64,qwen3:8b,0.3333333333333333,3,0.0,0.5,0.5
qwen3_8b,FewShotPlainLLM,65,qwen3:8b,0.3333333333333333,3,0.5,0.0,0.5
qwen3_8b,FewShotPlainLLM,66,qwen3:8b,0.1666666666666666,3,0.0,0.5,0.0
phi4_14b,CoTSelfCorrectionRAG,0,qwen3:8b,0.1666666666666666,3,0.0,0.5,0.0
phi4_14b,CoTSelfCorrectionRAG,1,qwen3:8b,0.3333333333333333,3,0.5,0.0,0.5
phi4_14b,CoTSelfCorrectionRAG,2,qwen3:8b,0.3333333333333333,3,0.5,0.0,0.5
phi4_14b,CoTSelfCorrectionRAG,3,qwen3:8b,0.5,3,0.5,0.5,0.5
phi4_14b,CoTSelfCorrectionRAG,4,qwen3:8b,0.5,3,0.5,0.5,0.5
phi4_14b,CoTSelfCorrectionRAG,5,qwen3:8b,0.3333333333333333,3,0.5,0.5,0.0
phi4_14b,CoTSelfCorrectionRAG,6,qwen3:8b,0.1666666666666666,3,0.0,0.0,0.5
phi4_14b,CoTSelfCorrectionRAG,7,qwen3:8b,0.3333333333333333,3,0.5,0.5,0.0
phi4_14b,CoTSelfCorrectionRAG,8,qwen3:8b,0.5,3,0.5,0.5,0.5
phi4_14b,CoTSelfCorrectionRAG,9,qwen3:8b,0.5,3,0.5,0.5,0.5
phi4_14b,CoTSelfCorrectionRAG,10,qwen3:8b,0.5,3,0.5,0.5,0.5
phi4_14b,CoTSelfCorrectionRAG,11,qwen3:8b,0.3333333333333333,3,0.5,0.5,0.0
phi4_14b,CoTSelfCorrectionRAG,12,qwen3:8b,0.1666666666666666,3,0.0,0.5,0.0
phi4_14b,CoTSelfCorrectionRAG,13,qwen3:8b,0.5,3,0.5,0.5,0.5
phi4_14b,CoTSelfCorrectionRAG,14,qwen3:8b,0.5,3,0.5,0.5,0.5
phi4_14b,CoTSelfCorrectionRAG,15,qwen3:8b,0.1666666666666666,3,0.0,0.5,0.0
phi4_14b,CoTSelfCorrectionRAG,16,qwen3:8b,0.5,3,0.5,0.5,0.5
phi4_14b,CoTSelfCorrectionRAG,17,qwen3:8b,0.3333333333333333,3,0.0,0.5,0.5
phi4_14b,CoTSelfCorrectionRAG,18,qwen3:8b,0.5,3,0.5,0.5,0.5
phi4_14b,CoTSelfCorrectionRAG,19,qwen3:8b,0.0,3,0.0,0.0,0.0
phi4_14b,CoTSelfCorrectionRAG,20,qwen3:8b,0.1666666666666666,3,0.5,0.0,0.0
phi4_14b,CoTSelfCorrectionRAG,21,qwen3:8b,0.3333333333333333,3,0.5,0.5,0.0
phi4_14b,CoTSelfCorrectionRAG,22,qwen3:8b,0.5,3,0.5,0.5,0.5
phi4_14b,CoTSelfCorrectionRAG,23,qwen3:8b,0.5,3,0.5,0.5,0.5
phi4_14b,CoTSelfCorrectionRAG,24,qwen3:8b,0.5,3,0.5,0.5,0.5
phi4_14b,CoTSelfCorrectionRAG,25,qwen3:8b,0.5,3,0.5,0.5,0.5
phi4_14b,CoTSelfCorrectionRAG,26,qwen3:8b,0.5,3,0.5,0.5,0.5
phi4_14b,CoTSelfCorrectionRAG,27,qwen3:8b,0.5,3,0.5,0.5,0.5
phi4_14b,CoTSelfCorrectionRAG,28,qwen3:8b,0.5,3,0.5,0.5,0.5
phi4_14b,CoTSelfCorrectionRAG,29,qwen3:8b,0.5,3,0.5,0.5,0.5
phi4_14b,CoTSelfCorrectionRAG,30,qwen3:8b,0.5,3,0.5,0.5,0.5
phi4_14b,CoTSelfCorrectionRAG,31,qwen3:8b,0.5,3,0.5,0.5,0.5
phi4_14b,CoTSelfCorrectionRAG,32,qwen3:8b,0.5,3,0.5,0.5,0.5
phi4_14b,CoTSelfCorrectionRAG,33,qwen3:8b,0.5,3,0.5,0.5,0.5
phi4_14b,CoTSelfCorrectionRAG,34,qwen3:8b,0.5,3,0.5,0.5,0.5
phi4_14b,CoTSelfCorrectionRAG,35,qwen3:8b,0.0,3,0.0,0.0,0.0
phi4_14b,CoTSelfCorrectionRAG,36,qwen3:8b,0.1666666666666666,3,0.0,0.5,0.0
phi4_14b,CoTSelfCorrectionRAG,37,qwen3:8b,0.5,3,0.5,0.5,0.5
phi4_14b,CoTSelfCorrectionRAG,38,qwen3:8b,0.5,3,0.5,0.5,0.5
phi4_14b,CoTSelfCorrectionRAG,39,qwen3:8b,0.5,3,0.5,0.5,0.5
phi4_14b,CoTSelfCorrectionRAG,40,qwen3:8b,0.5,3,0.5,0.5,0.5
phi4_14b,CoTSelfCorrectionRAG,41,qwen3:8b,0.5,3,0.5,0.5,0.5
phi4_14b,CoTSelfCorrectionRAG,42,qwen3:8b,0.5,3,0.5,0.5,0.5
phi4_14b,CoTSelfCorrectionRAG,43,qwen3:8b,0.5,3,0.5,0.5,0.5
phi4_14b,CoTSelfCorrectionRAG,44,qwen3:8b,0.6666666666666666,3,1.0,0.5,0.5
phi4_14b,CoTSelfCorrectionRAG,45,qwen3:8b,0.5,3,0.5,0.5,0.5
phi4_14b,CoTSelfCorrectionRAG,46,qwen3:8b,0.1666666666666666,3,0.0,0.5,0.0
phi4_14b,CoTSelfCorrectionRAG,47,qwen3:8b,0.5,3,0.5,0.5,0.5
phi4_14b,CoTSelfCorrectionRAG,48,qwen3:8b,0.0,3,0.0,0.0,0.0
phi4_14b,CoTSelfCorrectionRAG,49,qwen3:8b,0.5,3,0.5,0.5,0.5
phi4_14b,CoTSelfCorrectionRAG,50,qwen3:8b,0.5,3,0.5,0.5,0.5
phi4_14b,CoTSelfCorrectionRAG,51,qwen3:8b,0.5,3,0.5,0.5,0.5
phi4_14b,CoTSelfCorrectionRAG,52,qwen3:8b,0.5,3,0.5,0.5,0.5
phi4_14b,CoTSelfCorrectionRAG,53,qwen3:8b,0.3333333333333333,3,0.0,0.5,0.5
phi4_14b,CoTSelfCorrectionRAG,54,qwen3:8b,0.5,3,0.5,0.5,0.5
phi4_14b,CoTSelfCorrectionRAG,55,qwen3:8b,0.3333333333333333,3,0.5,0.5,0.0
phi4_14b,CoTSelfCorrectionRAG,56,qwen3:8b,0.5,3,0.5,0.5,0.5
phi4_14b,CoTSelfCorrectionRAG,57,qwen3:8b,0.3333333333333333,3,0.0,0.5,0.5
phi4_14b,CoTSelfCorrectionRAG,58,qwen3:8b,0.5,3,0.5,0.5,0.5
phi4_14b,CoTSelfCorrectionRAG,59,qwen3:8b,0.5,3,0.5,0.5,0.5
phi4_14b,CoTSelfCorrectionRAG,60,qwen3:8b,0.3333333333333333,3,0.5,0.5,0.0
phi4_14b,CoTSelfCorrectionRAG,61,qwen3:8b,0.5,3,0.5,0.5,0.5
phi4_14b,CoTSelfCorrectionRAG,62,qwen3:8b,0.3333333333333333,3,0.5,0.0,0.5
phi4_14b,CoTSelfCorrectionRAG,63,qwen3:8b,0.6666666666666666,3,0.5,0.5,1.0
phi4_14b,CoTSelfCorrectionRAG,64,qwen3:8b,0.3333333333333333,3,0.5,0.0,0.5
phi4_14b,CoTSelfCorrectionRAG,65,qwen3:8b,0.5,3,0.5,0.5,0.5
phi4_14b,CoTSelfCorrectionRAG,66,qwen3:8b,0.1666666666666666,3,0.0,0.5,0.0
qwen3_8b,CoTPlainLLM,0,deepseek-coder:6.7b,0.6666666666666666,3,0.5,0.5,1.0
qwen3_8b,CoTPlainLLM,1,deepseek-coder:6.7b,0.9166666666666666,3,1.0,0.75,1.0
qwen3_8b,CoTPlainLLM,2,deepseek-coder:6.7b,0.6666666666666666,3,0.5,1.0,0.5
qwen3_8b,CoTPlainLLM,3,deepseek-coder:6.7b,0.75,3,0.75,1.0,0.5
qwen3_8b,CoTPlainLLM,4,deepseek-coder:6.7b,0.8333333333333334,3,1.0,1.0,0.5
qwen3_8b,CoTPlainLLM,5,deepseek-coder:6.7b,1.0,3,1.0,1.0,1.0
qwen3_8b,CoTPlainLLM,6,deepseek-coder:6.7b,0.7666666666666666,3,0.7,1.0,0.6
qwen3_8b,CoTPlainLLM,7,deepseek-coder:6.7b,0.8666666666666667,3,1.0,1.0,0.6
qwen3_8b,CoTPlainLLM,8,deepseek-coder:6.7b,0.95,3,0.85,1.0,1.0
qwen3_8b,CoTPlainLLM,9,deepseek-coder:6.7b,0.8333333333333334,3,1.0,1.0,0.5
qwen3_8b,CoTPlainLLM,10,deepseek-coder:6.7b,0.9166666666666666,3,1.0,1.0,0.75
qwen3_8b,CoTPlainLLM,11,deepseek-coder:6.7b,0.8666666666666667,3,1.0,0.9,0.7
qwen3_8b,CoTPlainLLM,12,deepseek-coder:6.7b,0.8333333333333334,3,1.0,1.0,0.5
qwen3_8b,CoTPlainLLM,13,deepseek-coder:6.7b,0.5,3,0.0,0.5,1.0
qwen3_8b,CoTPlainLLM,14,deepseek-coder:6.7b,0.8333333333333334,3,1.0,0.5,1.0
qwen3_8b,CoTPlainLLM,15,deepseek-coder:6.7b,0.69,3,0.07,1.0,1.0
qwen3_8b,CoTPlainLLM,16,deepseek-coder:6.7b,0.6666666666666666,3,0.5,1.0,0.5
qwen3_8b,CoTPlainLLM,17,deepseek-coder:6.7b,0.9583333333333334,3,1.0,0.875,1.0
qwen3_8b,CoTPlainLLM,18,deepseek-coder:6.7b,0.6666666666666666,3,1.0,0.0,1.0
qwen3_8b,CoTPlainLLM,19,deepseek-coder:6.7b,0.9,3,0.7,1.0,1.0
qwen3_8b,CoTPlainLLM,20,deepseek-coder:6.7b,0.8333333333333334,3,1.0,0.5,1.0
qwen3_8b,CoTPlainLLM,21,deepseek-coder:6.7b,1.0,3,1.0,1.0,1.0
qwen3_8b,CoTPlainLLM,22,deepseek-coder:6.7b,0.8333333333333334,3,0.5,1.0,1.0
qwen3_8b,CoTPlainLLM,23,deepseek-coder:6.7b,1.0,3,1.0,1.0,1.0
qwen3_8b,CoTPlainLLM,24,deepseek-coder:6.7b,0.8333333333333334,3,1.0,0.5,1.0
qwen3_8b,CoTPlainLLM,25,deepseek-coder:6.7b,0.8333333333333334,3,1.0,1.0,0.5
qwen3_8b,CoTPlainLLM,26,deepseek-coder:6.7b,1.0,3,1.0,1.0,1.0
qwen3_8b,CoTPlainLLM,27,deepseek-coder:6.7b,0.6666666666666666,3,1.0,0.5,0.5
qwen3_8b,CoTPlainLLM,28,deepseek-coder:6.7b,0.6666666666666666,3,0.0,1.0,1.0
qwen3_8b,CoTPlainLLM,29,deepseek-coder:6.7b,0.8333333333333334,3,0.5,1.0,1.0
qwen3_8b,CoTPlainLLM,30,deepseek-coder:6.7b,0.9,3,1.0,0.7,1.0
qwen3_8b,CoTPlainLLM,31,deepseek-coder:6.7b,0.4333333333333333,3,0.3,1.0,0.0
qwen3_8b,CoTPlainLLM,32,deepseek-coder:6.7b,0.4763333333333333,3,0.429,0.0,1.0
qwen3_8b,CoTPlainLLM,33,deepseek-coder:6.7b,0.7999999999999999,3,1.0,0.5,0.9
qwen3_8b,CoTPlainLLM,34,deepseek-coder:6.7b,0.8333333333333334,3,1.0,1.0,0.5
qwen3_8b,CoTPlainLLM,35,deepseek-coder:6.7b,0.3366666666666666,3,1.0,0.0,0.01
qwen3_8b,CoTPlainLLM,36,deepseek-coder:6.7b,1.0,3,1.0,1.0,1.0
qwen3_8b,CoTPlainLLM,37,deepseek-coder:6.7b,0.9666666666666668,3,1.0,1.0,0.9
qwen3_8b,CoTPlainLLM,38,deepseek-coder:6.7b,0.75,3,1.0,0.75,0.5
qwen3_8b,CoTPlainLLM,39,deepseek-coder:6.7b,0.6666666666666666,3,1.0,0.5,0.5
qwen3_8b,CoTPlainLLM,40,deepseek-coder:6.7b,0.4225,3,0.5,0.0175,0.75
qwen3_8b,CoTPlainLLM,41,deepseek-coder:6.7b,1.0,3,1.0,1.0,1.0
qwen3_8b,CoTPlainLLM,42,deepseek-coder:6.7b,0.8333333333333334,3,1.0,0.5,1.0
qwen3_8b,CoTPlainLLM,43,deepseek-coder:6.7b,0.9333333333333332,3,0.8,1.0,1.0
qwen3_8b,CoTPlainLLM,44,deepseek-coder:6.7b,0.3333333333333333,3,0.5,0.5,0.0
qwen3_8b,CoTPlainLLM,45,deepseek-coder:6.7b,1.0,3,1.0,1.0,1.0
qwen3_8b,CoTPlainLLM,46,deepseek-coder:6.7b,0.6666666666666666,3,0.5,1.0,0.5
qwen3_8b,CoTPlainLLM,47,deepseek-coder:6.7b,1.0,3,1.0,1.0,1.0
qwen3_8b,CoTPlainLLM,48,deepseek-coder:6.7b,0.7833333333333333,3,1.0,0.5,0.85
qwen3_8b,CoTPlainLLM,49,deepseek-coder:6.7b,0.6666666666666666,3,1.0,0.0,1.0
qwen3_8b,CoTPlainLLM,50,deepseek-coder:6.7b,1.0,3,1.0,1.0,1.0
qwen3_8b,CoTPlainLLM,51,deepseek-coder:6.7b,0.5833333333333334,3,0.75,0.5,0.5
qwen3_8b,CoTPlainLLM,52,deepseek-coder:6.7b,1.0,3,1.0,1.0,1.0
qwen3_8b,CoTPlainLLM,53,deepseek-coder:6.7b,0.8333333333333334,3,0.5,1.0,1.0
qwen3_8b,CoTPlainLLM,54,deepseek-coder:6.7b,0.6433333333333333,3,0.9,1.0,0.03
qwen3_8b,CoTPlainLLM,55,deepseek-coder:6.7b,0.6,3,0.8,0.0,1.0
qwen3_8b,CoTPlainLLM,56,deepseek-coder:6.7b,1.0,3,1.0,1.0,1.0
qwen3_8b,CoTPlainLLM,57,deepseek-coder:6.7b,1.0,3,1.0,1.0,1.0
qwen3_8b,CoTPlainLLM,58,deepseek-coder:6.7b,1.0,3,1.0,1.0,1.0
qwen3_8b,CoTPlainLLM,59,deepseek-coder:6.7b,1.0,3,1.0,1.0,1.0
qwen3_8b,CoTPlainLLM,60,deepseek-coder:6.7b,0.5066666666666667,3,0.5,1.0,0.02
qwen3_8b,CoTPlainLLM,61,deepseek-coder:6.7b,0.8333333333333334,3,1.0,1.0,0.5
qwen3_8b,CoTPlainLLM,62,deepseek-coder:6.7b,1.0,3,1.0,1.0,1.0
qwen3_8b,CoTPlainLLM,63,deepseek-coder:6.7b,0.6666666666666666,3,1.0,1.0,0.0
qwen3_8b,CoTPlainLLM,64,deepseek-coder:6.7b,1.0,3,1.0,1.0,1.0
qwen3_8b,CoTPlainLLM,65,deepseek-coder:6.7b,0.89,3,1.0,1.0,0.67
qwen3_8b,CoTPlainLLM,66,deepseek-coder:6.7b,1.0,3,1.0,1.0,1.0
llama3_2_latest,GoTSelfCorrectionRAG,0,deepseek-coder:6.7b,0.9333333333333332,3,0.8,1.0,1.0
llama3_2_latest,GoTSelfCorrectionRAG,1,deepseek-coder:6.7b,0.6666666666666666,3,1.0,0.5,0.5
llama3_2_latest,GoTSelfCorrectionRAG,2,deepseek-coder:6.7b,0.7999999999999999,3,0.5,0.9,1.0
llama3_2_latest,GoTSelfCorrectionRAG,3,deepseek-coder:6.7b,0.1766666666666666,3,0.03,0.0,0.5
llama3_2_latest,GoTSelfCorrectionRAG,4,deepseek-coder:6.7b,0.8333333333333334,3,1.0,0.5,1.0
llama3_2_latest,GoTSelfCorrectionRAG,5,deepseek-coder:6.7b,0.75,3,0.75,1.0,0.5
llama3_2_latest,GoTSelfCorrectionRAG,6,deepseek-coder:6.7b,0.7266666666666667,3,0.5,1.0,0.68
llama3_2_latest,GoTSelfCorrectionRAG,7,deepseek-coder:6.7b,0.9166666666666666,3,1.0,1.0,0.75
llama3_2_latest,GoTSelfCorrectionRAG,8,deepseek-coder:6.7b,0.5,3,0.5,0.0,1.0
llama3_2_latest,GoTSelfCorrectionRAG,9,deepseek-coder:6.7b,0.8889999999999999,3,1.0,0.667,1.0
llama3_2_latest,GoTSelfCorrectionRAG,10,deepseek-coder:6.7b,0.9166666666666666,3,1.0,0.75,1.0
llama3_2_latest,GoTSelfCorrectionRAG,11,deepseek-coder:6.7b,0.8333333333333334,3,1.0,0.5,1.0
llama3_2_latest,GoTSelfCorrectionRAG,12,deepseek-coder:6.7b,0.8333333333333334,3,0.5,1.0,1.0
llama3_2_latest,GoTSelfCorrectionRAG,13,deepseek-coder:6.7b,0.8333333333333334,3,1.0,1.0,0.5
llama3_2_latest,GoTSelfCorrectionRAG,14,deepseek-coder:6.7b,1.0,3,1.0,1.0,1.0
llama3_2_latest,GoTSelfCorrectionRAG,15,deepseek-coder:6.7b,0.9166666666666666,3,0.75,1.0,1.0
llama3_2_latest,GoTSelfCorrectionRAG,16,deepseek-coder:6.7b,0.8833333333333333,3,1.0,1.0,0.65
llama3_2_latest,GoTSelfCorrectionRAG,17,deepseek-coder:6.7b,1.0,3,1.0,1.0,1.0
llama3_2_latest,GoTSelfCorrectionRAG,18,deepseek-coder:6.7b,0.6666666666666666,3,0.0,1.0,1.0
llama3_2_latest,GoTSelfCorrectionRAG,19,deepseek-coder:6.7b,0.4166666666666667,3,0.5,0.25,0.5
llama3_2_latest,GoTSelfCorrectionRAG,20,deepseek-coder:6.7b,1.0,3,1.0,1.0,1.0
llama3_2_latest,GoTSelfCorrectionRAG,21,deepseek-coder:6.7b,0.6666666666666666,3,0.5,0.5,1.0
llama3_2_latest,GoTSelfCorrectionRAG,22,deepseek-coder:6.7b,0.8333333333333334,3,0.5,1.0,1.0
llama3_2_latest,GoTSelfCorrectionRAG,23,deepseek-coder:6.7b,0.6666666666666666,3,0.0,1.0,1.0
llama3_2_latest,GoTSelfCorrectionRAG,24,deepseek-coder:6.7b,1.0,3,1.0,1.0,1.0
llama3_2_latest,GoTSelfCorrectionRAG,25,deepseek-coder:6.7b,0.5,3,0.5,0.0,1.0
llama3_2_latest,GoTSelfCorrectionRAG,26,deepseek-coder:6.7b,0.5833333333333334,3,0.75,0.0,1.0
llama3_2_latest,GoTSelfCorrectionRAG,27,deepseek-coder:6.7b,0.6666666666666666,3,1.0,0.0,1.0
llama3_2_latest,GoTSelfCorrectionRAG,28,deepseek-coder:6.7b,1.0,3,1.0,1.0,1.0
llama3_2_latest,GoTSelfCorrectionRAG,29,deepseek-coder:6.7b,0.8333333333333334,3,0.5,1.0,1.0
llama3_2_latest,GoTSelfCorrectionRAG,30,deepseek-coder:6.7b,0.7916666666666666,3,0.5,1.0,0.875
llama3_2_latest,GoTSelfCorrectionRAG,31,deepseek-coder:6.7b,0.6166666666666667,3,1.0,0.0,0.85
llama3_2_latest,GoTSelfCorrectionRAG,32,deepseek-coder:6.7b,1.0,3,1.0,1.0,1.0
llama3_2_latest,GoTSelfCorrectionRAG,33,deepseek-coder:6.7b,0.6666666666666666,3,0.0,1.0,1.0
llama3_2_latest,GoTSelfCorrectionRAG,34,deepseek-coder:6.7b,0.5,3,1.0,0.5,0.0
llama3_2_latest,GoTSelfCorrectionRAG,35,deepseek-coder:6.7b,0.5,3,0.5,1.0,0.0
llama3_2_latest,GoTSelfCorrectionRAG,36,deepseek-coder:6.7b,0.0033333333333333,3,0.0,0.01,0.0
llama3_2_latest,GoTSelfCorrectionRAG,37,deepseek-coder:6.7b,0.9833333333333334,3,0.95,1.0,1.0
llama3_2_latest,GoTSelfCorrectionRAG,38,deepseek-coder:6.7b,1.0,3,1.0,1.0,1.0
llama3_2_latest,GoTSelfCorrectionRAG,39,deepseek-coder:6.7b,0.8111,3,0.5,0.9333,1.0
llama3_2_latest,GoTSelfCorrectionRAG,40,deepseek-coder:6.7b,0.9666666666666668,3,1.0,1.0,0.9
llama3_2_latest,GoTSelfCorrectionRAG,41,deepseek-coder:6.7b,0.6666666666666666,3,0.5,0.5,1.0
llama3_2_latest,GoTSelfCorrectionRAG,42,deepseek-coder:6.7b,1.0,3,1.0,1.0,1.0
llama3_2_latest,GoTSelfCorrectionRAG,43,deepseek-coder:6.7b,0.9166666666666666,3,1.0,0.75,1.0
llama3_2_latest,GoTSelfCorrectionRAG,44,deepseek-coder:6.7b,0.8666666666666667,3,1.0,1.0,0.6
llama3_2_latest,GoTSelfCorrectionRAG,45,deepseek-coder:6.7b,1.0,3,1.0,1.0,1.0
llama3_2_latest,GoTSelfCorrectionRAG,46,deepseek-coder:6.7b,0.9166666666666666,3,0.75,1.0,1.0
llama3_2_latest,GoTSelfCorrectionRAG,47,deepseek-coder:6.7b,0.9833333333333334,3,0.95,1.0,1.0
llama3_2_latest,GoTSelfCorrectionRAG,48,deepseek-coder:6.7b,0.8333333333333334,3,0.5,1.0,1.0
llama3_2_latest,GoTSelfCorrectionRAG,49,deepseek-coder:6.7b,0.8333333333333334,3,1.0,0.5,1.0
llama3_2_latest,GoTSelfCorrectionRAG,50,deepseek-coder:6.7b,0.8333333333333334,3,1.0,0.5,1.0
llama3_2_latest,GoTSelfCorrectionRAG,51,deepseek-coder:6.7b,0.6666666666666666,3,1.0,0.0,1.0
llama3_2_latest,GoTSelfCorrectionRAG,52,deepseek-coder:6.7b,1.0,3,1.0,1.0,1.0
llama3_2_latest,GoTSelfCorrectionRAG,53,deepseek-coder:6.7b,1.0,3,1.0,1.0,1.0
llama3_2_latest,GoTSelfCorrectionRAG,54,deepseek-coder:6.7b,1.0,3,1.0,1.0,1.0
llama3_2_latest,GoTSelfCorrectionRAG,55,deepseek-coder:6.7b,1.0,3,1.0,1.0,1.0
llama3_2_latest,GoTSelfCorrectionRAG,56,deepseek-coder:6.7b,0.8333333333333334,3,1.0,1.0,0.5
llama3_2_latest,GoTSelfCorrectionRAG,57,deepseek-coder:6.7b,0.2533333333333333,3,0.01,0.75,0.0
llama3_2_latest,GoTSelfCorrectionRAG,58,deepseek-coder:6.7b,0.6666666666666666,3,0.0,1.0,1.0
llama3_2_latest,GoTSelfCorrectionRAG,59,deepseek-coder:6.7b,0.5,3,0.5,0.5,0.5
llama3_2_latest,GoTSelfCorrectionRAG,60,deepseek-coder:6.7b,0.7233333333333333,3,0.5,1.0,0.67
llama3_2_latest,GoTSelfCorrectionRAG,61,deepseek-coder:6.7b,0.6666666666666666,3,0.0,1.0,1.0
llama3_2_latest,GoTSelfCorrectionRAG,62,deepseek-coder:6.7b,0.6666666666666666,3,1.0,0.0,1.0
llama3_2_latest,GoTSelfCorrectionRAG,63,deepseek-coder:6.7b,1.0,3,1.0,1.0,1.0
llama3_2_latest,GoTSelfCorrectionRAG,64,deepseek-coder:6.7b,0.9166666666666666,3,1.0,0.75,1.0
llama3_2_latest,GoTSelfCorrectionRAG,65,deepseek-coder:6.7b,0.9666666666666668,3,1.0,1.0,0.9
llama3_2_latest,GoTSelfCorrectionRAG,66,deepseek-coder:6.7b,0.6666666666666666,3,0.5,0.5,1.0
llama3_2_latest,GoTPlainLLM,0,qwen3:8b,0.5,3,0.5,0.5,0.5
llama3_2_latest,GoTPlainLLM,1,qwen3:8b,0.5,3,0.5,0.5,0.5
llama3_2_latest,GoTPlainLLM,2,qwen3:8b,0.5,3,0.5,0.5,0.5
llama3_2_latest,GoTPlainLLM,3,qwen3:8b,0.5,3,0.5,0.5,0.5
llama3_2_latest,GoTPlainLLM,4,qwen3:8b,0.5,3,0.5,0.5,0.5
llama3_2_latest,GoTPlainLLM,5,qwen3:8b,0.1666666666666666,3,0.0,0.5,0.0
llama3_2_latest,GoTPlainLLM,6,qwen3:8b,0.0,3,0.0,0.0,0.0
llama3_2_latest,GoTPlainLLM,7,qwen3:8b,0.3333333333333333,3,0.5,0.0,0.5
llama3_2_latest,GoTPlainLLM,8,qwen3:8b,0.0,3,0.0,0.0,0.0
llama3_2_latest,GoTPlainLLM,9,qwen3:8b,0.3333333333333333,3,0.0,0.5,0.5
llama3_2_latest,GoTPlainLLM,10,qwen3:8b,0.3333333333333333,3,0.5,0.0,0.5
llama3_2_latest,GoTPlainLLM,11,qwen3:8b,0.5,3,0.5,0.5,0.5
llama3_2_latest,GoTPlainLLM,12,qwen3:8b,0.3333333333333333,3,0.0,0.5,0.5
llama3_2_latest,GoTPlainLLM,13,qwen3:8b,0.5,3,0.5,0.5,0.5
llama3_2_latest,GoTPlainLLM,14,qwen3:8b,0.5,3,0.5,0.5,0.5
llama3_2_latest,GoTPlainLLM,15,qwen3:8b,0.5,3,0.5,0.5,0.5
llama3_2_latest,GoTPlainLLM,16,qwen3:8b,0.5,3,0.5,0.5,0.5
llama3_2_latest,GoTPlainLLM,17,qwen3:8b,0.5,3,0.5,0.5,0.5
llama3_2_latest,GoTPlainLLM,18,qwen3:8b,0.5,3,0.5,0.5,0.5
llama3_2_latest,GoTPlainLLM,19,qwen3:8b,0.3333333333333333,3,0.0,0.5,0.5
llama3_2_latest,GoTPlainLLM,20,qwen3:8b,0.5,3,0.5,0.5,0.5
llama3_2_latest,GoTPlainLLM,21,qwen3:8b,0.0,3,0.0,0.0,0.0
llama3_2_latest,GoTPlainLLM,22,qwen3:8b,0.5,3,0.5,0.5,0.5
llama3_2_latest,GoTPlainLLM,23,qwen3:8b,0.5,3,0.5,0.5,0.5
llama3_2_latest,GoTPlainLLM,24,qwen3:8b,0.5,3,0.5,0.5,0.5
llama3_2_latest,GoTPlainLLM,25,qwen3:8b,0.5,3,0.5,0.5,0.5
llama3_2_latest,GoTPlainLLM,26,qwen3:8b,0.5,3,0.5,0.5,0.5
llama3_2_latest,GoTPlainLLM,27,qwen3:8b,0.1666666666666666,3,0.0,0.0,0.5
llama3_2_latest,GoTPlainLLM,28,qwen3:8b,0.5,3,0.5,0.5,0.5
llama3_2_latest,GoTPlainLLM,29,qwen3:8b,0.3333333333333333,3,0.0,0.5,0.5
llama3_2_latest,GoTPlainLLM,30,qwen3:8b,0.5,3,0.5,0.5,0.5
llama3_2_latest,GoTPlainLLM,31,qwen3:8b,0.5,3,0.5,0.5,0.5
llama3_2_latest,GoTPlainLLM,32,qwen3:8b,0.5,3,0.5,0.5,0.5
llama3_2_latest,GoTPlainLLM,33,qwen3:8b,0.5,3,0.5,0.5,0.5
llama3_2_latest,GoTPlainLLM,34,qwen3:8b,0.5,3,0.5,0.5,0.5
llama3_2_latest,GoTPlainLLM,35,qwen3:8b,0.3333333333333333,3,0.5,0.5,0.0
llama3_2_latest,GoTPlainLLM,36,qwen3:8b,0.3333333333333333,3,0.0,0.5,0.5
llama3_2_latest,GoTPlainLLM,37,qwen3:8b,0.5,3,0.5,0.5,0.5
llama3_2_latest,GoTPlainLLM,38,qwen3:8b,0.6666666666666666,3,0.5,1.0,0.5
llama3_2_latest,GoTPlainLLM,39,qwen3:8b,0.3333333333333333,3,0.5,0.5,0.0
llama3_2_latest,GoTPlainLLM,40,qwen3:8b,0.5,3,0.5,0.5,0.5
llama3_2_latest,GoTPlainLLM,41,qwen3:8b,0.0,3,0.0,0.0,0.0
llama3_2_latest,GoTPlainLLM,42,qwen3:8b,0.3333333333333333,3,0.0,0.5,0.5
llama3_2_latest,GoTPlainLLM,43,qwen3:8b,0.0,3,0.0,0.0,0.0
llama3_2_latest,GoTPlainLLM,44,qwen3:8b,0.5,3,0.5,0.5,0.5
llama3_2_latest,GoTPlainLLM,45,qwen3:8b,0.5,3,0.5,0.5,0.5
llama3_2_latest,GoTPlainLLM,46,qwen3:8b,0.3333333333333333,3,0.0,0.5,0.5
llama3_2_latest,GoTPlainLLM,47,qwen3:8b,0.5,3,0.5,0.5,0.5
llama3_2_latest,GoTPlainLLM,48,qwen3:8b,0.5,3,0.5,0.5,0.5
llama3_2_latest,GoTPlainLLM,49,qwen3:8b,0.5,3,0.5,0.5,0.5
llama3_2_latest,GoTPlainLLM,50,qwen3:8b,0.0,3,0.0,0.0,0.0
llama3_2_latest,GoTPlainLLM,51,qwen3:8b,0.5,3,0.5,0.5,0.5
llama3_2_latest,GoTPlainLLM,52,qwen3:8b,0.5,3,0.5,0.5,0.5
llama3_2_latest,GoTPlainLLM,53,qwen3:8b,0.1666666666666666,3,0.0,0.0,0.5
llama3_2_latest,GoTPlainLLM,54,qwen3:8b,0.1666666666666666,3,0.0,0.5,0.0
llama3_2_latest,GoTPlainLLM,55,qwen3:8b,0.5,3,0.5,0.5,0.5
llama3_2_latest,GoTPlainLLM,56,qwen3:8b,0.5,3,0.5,0.5,0.5
llama3_2_latest,GoTPlainLLM,57,qwen3:8b,0.3333333333333333,3,0.5,0.5,0.0
llama3_2_latest,GoTPlainLLM,58,qwen3:8b,0.0,3,0.0,0.0,0.0
llama3_2_latest,GoTPlainLLM,59,qwen3:8b,0.5,3,0.5,0.5,0.5
llama3_2_latest,GoTPlainLLM,60,qwen3:8b,0.5,3,0.5,0.5,0.5
llama3_2_latest,GoTPlainLLM,61,qwen3:8b,0.3333333333333333,3,0.5,0.0,0.5
llama3_2_latest,GoTPlainLLM,62,qwen3:8b,0.3333333333333333,3,0.5,0.0,0.5
llama3_2_latest,GoTPlainLLM,63,qwen3:8b,0.5,3,0.5,0.5,0.5
llama3_2_latest,GoTPlainLLM,64,qwen3:8b,0.3333333333333333,3,0.5,0.5,0.0
llama3_2_latest,GoTPlainLLM,65,qwen3:8b,0.5,3,0.5,0.5,0.5
llama3_2_latest,GoTPlainLLM,66,qwen3:8b,0.1666666666666666,3,0.5,0.0,0.0
llama3_2_latest,GoTRAG,0,deepseek-coder:6.7b,0.8333333333333334,3,1.0,1.0,0.5
llama3_2_latest,GoTRAG,1,deepseek-coder:6.7b,0.4666666666666666,3,0.9,0.0,0.5
llama3_2_latest,GoTRAG,2,deepseek-coder:6.7b,1.0,3,1.0,1.0,1.0
llama3_2_latest,GoTRAG,3,deepseek-coder:6.7b,0.8333333333333334,3,1.0,1.0,0.5
llama3_2_latest,GoTRAG,4,deepseek-coder:6.7b,0.8333333333333334,3,1.0,1.0,0.5
llama3_2_latest,GoTRAG,5,deepseek-coder:6.7b,0.75,3,1.0,0.75,0.5
llama3_2_latest,GoTRAG,6,deepseek-coder:6.7b,0.4166666666666667,3,0.5,0.75,0.0
llama3_2_latest,GoTRAG,7,deepseek-coder:6.7b,0.5833333333333334,3,1.0,0.75,0.0
llama3_2_latest,GoTRAG,8,deepseek-coder:6.7b,0.8333333333333334,3,1.0,1.0,0.5
llama3_2_latest,GoTRAG,9,deepseek-coder:6.7b,0.8333333333333334,3,1.0,1.0,0.5
llama3_2_latest,GoTRAG,10,deepseek-coder:6.7b,1.0,3,1.0,1.0,1.0
llama3_2_latest,GoTRAG,11,deepseek-coder:6.7b,0.6666666666666666,3,0.0,1.0,1.0
llama3_2_latest,GoTRAG,12,deepseek-coder:6.7b,0.89,3,0.67,1.0,1.0
llama3_2_latest,GoTRAG,13,deepseek-coder:6.7b,0.8333333333333334,3,1.0,0.5,1.0
llama3_2_latest,GoTRAG,14,deepseek-coder:6.7b,0.8333333333333334,3,0.5,1.0,1.0
llama3_2_latest,GoTRAG,15,deepseek-coder:6.7b,0.5,3,0.5,0.0,1.0
llama3_2_latest,GoTRAG,16,deepseek-coder:6.7b,0.9055555555555556,3,0.9166666666666666,0.8,1.0
llama3_2_latest,GoTRAG,17,deepseek-coder:6.7b,0.9166666666666666,3,0.75,1.0,1.0
llama3_2_latest,GoTRAG,18,deepseek-coder:6.7b,1.0,3,1.0,1.0,1.0
llama3_2_latest,GoTRAG,19,deepseek-coder:6.7b,0.5666666666666668,3,0.8,0.9,0.0
llama3_2_latest,GoTRAG,20,deepseek-coder:6.7b,1.0,3,1.0,1.0,1.0
llama3_2_latest,GoTRAG,21,deepseek-coder:6.7b,1.0,3,1.0,1.0,1.0
llama3_2_latest,GoTRAG,22,deepseek-coder:6.7b,0.9166666666666666,3,1.0,0.75,1.0
llama3_2_latest,GoTRAG,23,deepseek-coder:6.7b,0.5,3,0.5,0.5,0.5
llama3_2_latest,GoTRAG,24,deepseek-coder:6.7b,1.0,3,1.0,1.0,1.0
llama3_2_latest,GoTRAG,25,deepseek-coder:6.7b,1.0,3,1.0,1.0,1.0
llama3_2_latest,GoTRAG,26,deepseek-coder:6.7b,1.0,3,1.0,1.0,1.0
llama3_2_latest,GoTRAG,27,deepseek-coder:6.7b,0.5,3,1.0,0.0,0.5
llama3_2_latest,GoTRAG,28,deepseek-coder:6.7b,1.0,3,1.0,1.0,1.0
llama3_2_latest,GoTRAG,29,deepseek-coder:6.7b,1.0,3,1.0,1.0,1.0
llama3_2_latest,GoTRAG,30,deepseek-coder:6.7b,0.8166666666666668,3,0.5,1.0,0.95
llama3_2_latest,GoTRAG,31,deepseek-coder:6.7b,0.1999999999999999,3,0.0,0.6,0.0
llama3_2_latest,GoTRAG,32,deepseek-coder:6.7b,0.3333333333333333,3,1.0,0.0,0.0
llama3_2_latest,GoTRAG,33,deepseek-coder:6.7b,0.6732333333333332,3,0.0197,1.0,1.0
llama3_2_latest,GoTRAG,34,deepseek-coder:6.7b,0.5625,3,0.5,0.6875,0.5
llama3_2_latest,GoTRAG,35,deepseek-coder:6.7b,1.0,3,1.0,1.0,1.0
llama3_2_latest,GoTRAG,36,deepseek-coder:6.7b,0.6699999999999999,3,1.0,0.01,1.0
llama3_2_latest,GoTRAG,37,deepseek-coder:6.7b,0.7083333333333334,3,0.75,0.875,0.5
llama3_2_latest,GoTRAG,38,deepseek-coder:6.7b,0.5,3,1.0,0.0,0.5
llama3_2_latest,GoTRAG,39,deepseek-coder:6.7b,0.9833333333333334,3,0.95,1.0,1.0
llama3_2_latest,GoTRAG,40,deepseek-coder:6.7b,0.6666666666666666,3,0.0,1.0,1.0
llama3_2_latest,GoTRAG,41,deepseek-coder:6.7b,0.625,3,0.5,0.5,0.875
llama3_2_latest,GoTRAG,42,deepseek-coder:6.7b,0.9433333333333334,3,1.0,0.83,1.0
llama3_2_latest,GoTRAG,43,deepseek-coder:6.7b,0.4333333333333333,3,0.85,0.0,0.45
llama3_2_latest,GoTRAG,44,deepseek-coder:6.7b,0.95,3,0.85,1.0,1.0
llama3_2_latest,GoTRAG,45,deepseek-coder:6.7b,0.6666666666666666,3,0.0,1.0,1.0
llama3_2_latest,GoTRAG,46,deepseek-coder:6.7b,1.0,3,1.0,1.0,1.0
llama3_2_latest,GoTRAG,47,deepseek-coder:6.7b,0.8333333333333334,3,0.75,0.75,1.0
llama3_2_latest,GoTRAG,48,deepseek-coder:6.7b,0.8333333333333334,3,1.0,1.0,0.5
llama3_2_latest,GoTRAG,49,deepseek-coder:6.7b,1.0,3,1.0,1.0,1.0
llama3_2_latest,GoTRAG,50,deepseek-coder:6.7b,0.5833333333333334,3,0.75,1.0,0.0
llama3_2_latest,GoTRAG,51,deepseek-coder:6.7b,0.3422333333333333,3,0.0266999999999999,1.0,0.0
llama3_2_latest,GoTRAG,52,deepseek-coder:6.7b,0.9166666666666666,3,0.75,1.0,1.0
llama3_2_latest,GoTRAG,53,deepseek-coder:6.7b,0.9166666666666666,3,1.0,0.75,1.0
llama3_2_latest,GoTRAG,54,deepseek-coder:6.7b,0.8333333333333334,3,0.5,1.0,1.0
llama3_2_latest,GoTRAG,55,deepseek-coder:6.7b,0.5833333333333334,3,0.75,0.0,1.0
llama3_2_latest,GoTRAG,56,deepseek-coder:6.7b,1.0,3,1.0,1.0,1.0
llama3_2_latest,GoTRAG,57,deepseek-coder:6.7b,0.6666666666666666,3,1.0,0.5,0.5
llama3_2_latest,GoTRAG,58,deepseek-coder:6.7b,1.0,3,1.0,1.0,1.0
llama3_2_latest,GoTRAG,59,deepseek-coder:6.7b,1.0,3,1.0,1.0,1.0
llama3_2_latest,GoTRAG,60,deepseek-coder:6.7b,0.9933333333333332,3,0.98,1.0,1.0
llama3_2_latest,GoTRAG,61,deepseek-coder:6.7b,0.9166666666666666,3,1.0,1.0,0.75
llama3_2_latest,GoTRAG,62,deepseek-coder:6.7b,1.0,3,1.0,1.0,1.0
llama3_2_latest,GoTRAG,63,deepseek-coder:6.7b,0.9666666666666668,3,1.0,0.9,1.0
llama3_2_latest,GoTRAG,64,deepseek-coder:6.7b,0.9166666666666666,3,1.0,0.75,1.0
llama3_2_latest,GoTRAG,65,deepseek-coder:6.7b,1.0,3,1.0,1.0,1.0
llama3_2_latest,GoTRAG,66,deepseek-coder:6.7b,0.7200000000000001,3,1.0,0.5,0.66
phi4_14b,GoTPlainLLM,0,deepseek-coder:6.7b,1.0,3,1.0,1.0,1.0
phi4_14b,GoTPlainLLM,1,deepseek-coder:6.7b,1.0,3,1.0,1.0,1.0
phi4_14b,GoTPlainLLM,2,deepseek-coder:6.7b,1.0,3,1.0,1.0,1.0
phi4_14b,GoTPlainLLM,3,deepseek-coder:6.7b,0.9666666666666668,3,1.0,0.9,1.0
phi4_14b,GoTPlainLLM,4,deepseek-coder:6.7b,0.8333333333333334,3,1.0,1.0,0.5
phi4_14b,GoTPlainLLM,5,deepseek-coder:6.7b,0.8333333333333334,3,0.5,1.0,1.0
phi4_14b,GoTPlainLLM,6,deepseek-coder:6.7b,1.0,3,1.0,1.0,1.0
phi4_14b,GoTPlainLLM,7,deepseek-coder:6.7b,0.9666666666666668,3,0.9,1.0,1.0
phi4_14b,GoTPlainLLM,8,deepseek-coder:6.7b,1.0,3,1.0,1.0,1.0
phi4_14b,GoTPlainLLM,9,deepseek-coder:6.7b,1.0,3,1.0,1.0,1.0
phi4_14b,GoTPlainLLM,10,deepseek-coder:6.7b,0.8333333333333334,3,1.0,1.0,0.5
phi4_14b,GoTPlainLLM,11,deepseek-coder:6.7b,1.0,3,1.0,1.0,1.0
phi4_14b,GoTPlainLLM,12,deepseek-coder:6.7b,0.51,3,0.5,0.03,1.0
phi4_14b,GoTPlainLLM,13,deepseek-coder:6.7b,1.0,3,1.0,1.0,1.0
phi4_14b,GoTPlainLLM,14,deepseek-coder:6.7b,1.0,3,1.0,1.0,1.0
phi4_14b,GoTPlainLLM,15,deepseek-coder:6.7b,0.8833333333333333,3,1.0,0.75,0.9
phi4_14b,GoTPlainLLM,16,deepseek-coder:6.7b,0.8166666666666668,3,0.95,0.5,1.0
phi4_14b,GoTPlainLLM,17,deepseek-coder:6.7b,1.0,3,1.0,1.0,1.0
phi4_14b,GoTPlainLLM,18,deepseek-coder:6.7b,0.9333333333333332,3,1.0,0.8,1.0
phi4_14b,GoTPlainLLM,19,deepseek-coder:6.7b,0.7333333333333334,3,1.0,0.7,0.5
phi4_14b,GoTPlainLLM,20,deepseek-coder:6.7b,0.6666666666666666,3,1.0,0.0,1.0
phi4_14b,GoTPlainLLM,21,deepseek-coder:6.7b,0.6666666666666666,3,0.5,0.5,1.0
phi4_14b,GoTPlainLLM,22,deepseek-coder:6.7b,1.0,3,1.0,1.0,1.0
phi4_14b,GoTPlainLLM,23,deepseek-coder:6.7b,0.9,3,0.8,0.9,1.0
phi4_14b,GoTPlainLLM,24,deepseek-coder:6.7b,0.9833333333333334,3,0.95,1.0,1.0
phi4_14b,GoTPlainLLM,25,deepseek-coder:6.7b,1.0,3,1.0,1.0,1.0
phi4_14b,GoTPlainLLM,26,deepseek-coder:6.7b,0.8223333333333334,3,1.0,0.967,0.5
phi4_14b,GoTPlainLLM,27,deepseek-coder:6.7b,0.8333333333333334,3,1.0,0.5,1.0
phi4_14b,GoTPlainLLM,28,deepseek-coder:6.7b,0.5,3,0.5,0.0,1.0
phi4_14b,GoTPlainLLM,29,deepseek-coder:6.7b,0.9166666666666666,3,1.0,0.75,1.0
phi4_14b,GoTPlainLLM,30,deepseek-coder:6.7b,0.9333333333333332,3,1.0,0.8,1.0
phi4_14b,GoTPlainLLM,31,deepseek-coder:6.7b,0.4722222222222221,3,0.75,0.6666666666666666,0.0
phi4_14b,GoTPlainLLM,32,deepseek-coder:6.7b,0.5,3,0.5,1.0,0.0
phi4_14b,GoTPlainLLM,33,deepseek-coder:6.7b,0.9333333333333332,3,1.0,1.0,0.8
phi4_14b,GoTPlainLLM,34,deepseek-coder:6.7b,1.0,3,1.0,1.0,1.0
phi4_14b,GoTPlainLLM,35,deepseek-coder:6.7b,0.95,3,0.85,1.0,1.0
phi4_14b,GoTPlainLLM,36,deepseek-coder:6.7b,1.0,3,1.0,1.0,1.0
phi4_14b,GoTPlainLLM,37,deepseek-coder:6.7b,0.75,3,0.95,0.8,0.5
phi4_14b,GoTPlainLLM,38,deepseek-coder:6.7b,0.9433333333333334,3,0.95,1.0,0.88
phi4_14b,GoTPlainLLM,39,deepseek-coder:6.7b,0.5833333333333334,3,0.0,1.0,0.75
phi4_14b,GoTPlainLLM,40,deepseek-coder:6.7b,1.0,3,1.0,1.0,1.0
phi4_14b,GoTPlainLLM,41,deepseek-coder:6.7b,0.9166666666666666,3,1.0,0.75,1.0
phi4_14b,GoTPlainLLM,42,deepseek-coder:6.7b,0.5,3,0.5,1.0,0.0
phi4_14b,GoTPlainLLM,43,deepseek-coder:6.7b,0.8333333333333334,3,1.0,1.0,0.5
phi4_14b,GoTPlainLLM,44,deepseek-coder:6.7b,0.6133333333333333,3,0.0,1.0,0.84
phi4_14b,GoTPlainLLM,45,deepseek-coder:6.7b,0.6666666666666666,3,1.0,1.0,0.0
phi4_14b,GoTPlainLLM,46,deepseek-coder:6.7b,0.3333333333333333,3,0.0,0.0,1.0
phi4_14b,GoTPlainLLM,47,deepseek-coder:6.7b,0.5,3,0.0,0.5,1.0
phi4_14b,GoTPlainLLM,48,deepseek-coder:6.7b,0.9166666666666666,3,1.0,0.75,1.0
phi4_14b,GoTPlainLLM,49,deepseek-coder:6.7b,0.94,3,1.0,1.0,0.82
phi4_14b,GoTPlainLLM,50,deepseek-coder:6.7b,0.9333333333333332,3,1.0,0.85,0.95
phi4_14b,GoTPlainLLM,51,deepseek-coder:6.7b,0.89,3,0.67,1.0,1.0
phi4_14b,GoTPlainLLM,52,deepseek-coder:6.7b,0.9333333333333332,3,1.0,1.0,0.8
phi4_14b,GoTPlainLLM,53,deepseek-coder:6.7b,0.75,3,0.5,1.0,0.75
phi4_14b,GoTPlainLLM,54,deepseek-coder:6.7b,0.8333333333333334,3,0.5,1.0,1.0
phi4_14b,GoTPlainLLM,55,deepseek-coder:6.7b,0.9833333333333334,3,0.95,1.0,1.0
phi4_14b,GoTPlainLLM,56,deepseek-coder:6.7b,0.5683333333333334,3,0.63,0.1,0.975
phi4_14b,GoTPlainLLM,57,deepseek-coder:6.7b,0.34,3,1.0,0.01,0.01
phi4_14b,GoTPlainLLM,58,deepseek-coder:6.7b,0.5666666666666667,3,0.0,0.7,1.0
phi4_14b,GoTPlainLLM,59,deepseek-coder:6.7b,0.8650000000000001,3,1.0,0.67,0.925
phi4_14b,GoTPlainLLM,60,deepseek-coder:6.7b,1.0,3,1.0,1.0,1.0
phi4_14b,GoTPlainLLM,61,deepseek-coder:6.7b,1.0,3,1.0,1.0,1.0
phi4_14b,GoTPlainLLM,62,deepseek-coder:6.7b,0.9166666666666666,3,0.75,1.0,1.0
phi4_14b,GoTPlainLLM,63,deepseek-coder:6.7b,0.6666666666666666,3,1.0,0.0,1.0
phi4_14b,GoTPlainLLM,64,deepseek-coder:6.7b,1.0,3,1.0,1.0,1.0
phi4_14b,GoTPlainLLM,65,deepseek-coder:6.7b,0.6746666666666666,3,1.0,0.024,1.0
phi4_14b,GoTPlainLLM,66,deepseek-coder:6.7b,0.5,3,0.0,1.0,0.5
qwen3_8b,GoTSelfCorrectionRAG,0,deepseek-coder:6.7b,0.8333333333333334,3,1.0,1.0,0.5
qwen3_8b,GoTSelfCorrectionRAG,1,deepseek-coder:6.7b,0.8333333333333334,3,1.0,1.0,0.5
qwen3_8b,GoTSelfCorrectionRAG,2,deepseek-coder:6.7b,0.8333333333333334,3,0.5,1.0,1.0
qwen3_8b,GoTSelfCorrectionRAG,3,deepseek-coder:6.7b,0.75,3,1.0,0.5,0.75
qwen3_8b,GoTSelfCorrectionRAG,4,deepseek-coder:6.7b,0.8333333333333334,3,1.0,1.0,0.5
qwen3_8b,GoTSelfCorrectionRAG,5,deepseek-coder:6.7b,0.6666666666666666,3,1.0,0.5,0.5
qwen3_8b,GoTSelfCorrectionRAG,6,deepseek-coder:6.7b,1.0,3,1.0,1.0,1.0
qwen3_8b,GoTSelfCorrectionRAG,7,deepseek-coder:6.7b,1.0,3,1.0,1.0,1.0
qwen3_8b,GoTSelfCorrectionRAG,8,deepseek-coder:6.7b,0.6666666666666666,3,0.5,0.5,1.0
qwen3_8b,GoTSelfCorrectionRAG,9,deepseek-coder:6.7b,1.0,3,1.0,1.0,1.0
qwen3_8b,GoTSelfCorrectionRAG,10,deepseek-coder:6.7b,0.7833333333333333,3,1.0,0.5,0.85
qwen3_8b,GoTSelfCorrectionRAG,11,deepseek-coder:6.7b,0.8333333333333334,3,1.0,0.5,1.0
qwen3_8b,GoTSelfCorrectionRAG,12,deepseek-coder:6.7b,0.75,3,1.0,0.75,0.5
qwen3_8b,GoTSelfCorrectionRAG,13,deepseek-coder:6.7b,1.0,3,1.0,1.0,1.0
qwen3_8b,GoTSelfCorrectionRAG,14,deepseek-coder:6.7b,1.0,3,1.0,1.0,1.0
qwen3_8b,GoTSelfCorrectionRAG,15,deepseek-coder:6.7b,1.0,3,1.0,1.0,1.0
qwen3_8b,GoTSelfCorrectionRAG,16,deepseek-coder:6.7b,0.5,3,0.0,0.75,0.75
qwen3_8b,GoTSelfCorrectionRAG,17,deepseek-coder:6.7b,0.4733333333333333,3,0.42,0.5,0.5
qwen3_8b,GoTSelfCorrectionRAG,18,deepseek-coder:6.7b,0.8166666666666668,3,0.75,0.7,1.0
qwen3_8b,GoTSelfCorrectionRAG,19,deepseek-coder:6.7b,0.6666666666666666,3,1.0,0.0,1.0
qwen3_8b,GoTSelfCorrectionRAG,20,deepseek-coder:6.7b,1.0,3,1.0,1.0,1.0
qwen3_8b,GoTSelfCorrectionRAG,21,deepseek-coder:6.7b,1.0,3,1.0,1.0,1.0
qwen3_8b,GoTSelfCorrectionRAG,22,deepseek-coder:6.7b,0.9166666666666666,3,1.0,0.75,1.0
qwen3_8b,GoTSelfCorrectionRAG,23,deepseek-coder:6.7b,1.0,3,1.0,1.0,1.0
qwen3_8b,GoTSelfCorrectionRAG,24,deepseek-coder:6.7b,0.8333333333333334,3,1.0,1.0,0.5
qwen3_8b,GoTSelfCorrectionRAG,25,deepseek-coder:6.7b,0.6666666666666666,3,0.5,1.0,0.5
qwen3_8b,GoTSelfCorrectionRAG,26,deepseek-coder:6.7b,0.6666666666666666,3,0.0,1.0,1.0
qwen3_8b,GoTSelfCorrectionRAG,27,deepseek-coder:6.7b,0.6666666666666666,3,1.0,1.0,0.0
qwen3_8b,GoTSelfCorrectionRAG,28,deepseek-coder:6.7b,0.3333333333333333,3,0.0,0.5,0.5
qwen3_8b,GoTSelfCorrectionRAG,29,deepseek-coder:6.7b,0.7000000000000001,3,0.5,1.0,0.6
qwen3_8b,GoTSelfCorrectionRAG,30,deepseek-coder:6.7b,0.6333333333333333,3,0.9,0.0,1.0
qwen3_8b,GoTSelfCorrectionRAG,31,deepseek-coder:6.7b,1.0,3,1.0,1.0,1.0
qwen3_8b,GoTSelfCorrectionRAG,32,deepseek-coder:6.7b,0.8888888888888888,3,1.0,1.0,0.6666666666666666
qwen3_8b,GoTSelfCorrectionRAG,33,deepseek-coder:6.7b,0.7833333333333333,3,0.85,1.0,0.5
qwen3_8b,GoTSelfCorrectionRAG,34,deepseek-coder:6.7b,0.42,3,0.0,0.6,0.66
qwen3_8b,GoTSelfCorrectionRAG,35,deepseek-coder:6.7b,0.5866666666666667,3,0.75,1.0,0.01
qwen3_8b,GoTSelfCorrectionRAG,36,deepseek-coder:6.7b,0.9166666666666666,3,1.0,0.75,1.0
qwen3_8b,GoTSelfCorrectionRAG,37,deepseek-coder:6.7b,0.6666666666666666,3,0.0,1.0,1.0
qwen3_8b,GoTSelfCorrectionRAG,38,deepseek-coder:6.7b,0.8833333333333333,3,1.0,1.0,0.65
qwen3_8b,GoTSelfCorrectionRAG,39,deepseek-coder:6.7b,0.5333333333333333,3,0.6,0.5,0.5
qwen3_8b,GoTSelfCorrectionRAG,40,deepseek-coder:6.7b,1.0,3,1.0,1.0,1.0
qwen3_8b,GoTSelfCorrectionRAG,41,deepseek-coder:6.7b,0.6666666666666666,3,1.0,1.0,0.0
qwen3_8b,GoTSelfCorrectionRAG,42,deepseek-coder:6.7b,1.0,3,1.0,1.0,1.0
qwen3_8b,GoTSelfCorrectionRAG,43,deepseek-coder:6.7b,0.7666666666666666,3,0.8,1.0,0.5
qwen3_8b,GoTSelfCorrectionRAG,44,deepseek-coder:6.7b,0.1833333333333333,3,0.0,0.05,0.5
qwen3_8b,GoTSelfCorrectionRAG,45,deepseek-coder:6.7b,0.8333333333333334,3,1.0,1.0,0.5
qwen3_8b,GoTSelfCorrectionRAG,46,deepseek-coder:6.7b,1.0,3,1.0,1.0,1.0
qwen3_8b,GoTSelfCorrectionRAG,47,deepseek-coder:6.7b,0.6666666666666666,3,1.0,0.0,1.0
qwen3_8b,GoTSelfCorrectionRAG,48,deepseek-coder:6.7b,0.5833333333333334,3,0.25,0.5,1.0
qwen3_8b,GoTSelfCorrectionRAG,49,deepseek-coder:6.7b,0.8333333333333334,3,1.0,0.5,1.0
qwen3_8b,GoTSelfCorrectionRAG,50,deepseek-coder:6.7b,0.8333333333333334,3,1.0,1.0,0.5
qwen3_8b,GoTSelfCorrectionRAG,51,deepseek-coder:6.7b,0.95,3,1.0,1.0,0.85
qwen3_8b,GoTSelfCorrectionRAG,52,deepseek-coder:6.7b,1.0,3,1.0,1.0,1.0
qwen3_8b,GoTSelfCorrectionRAG,53,deepseek-coder:6.7b,1.0,3,1.0,1.0,1.0
qwen3_8b,GoTSelfCorrectionRAG,54,deepseek-coder:6.7b,0.8333333333333334,3,1.0,1.0,0.5
qwen3_8b,GoTSelfCorrectionRAG,55,deepseek-coder:6.7b,0.9166666666666666,3,1.0,0.75,1.0
qwen3_8b,GoTSelfCorrectionRAG,56,deepseek-coder:6.7b,0.7000000000000001,3,0.5,0.6,1.0
qwen3_8b,GoTSelfCorrectionRAG,57,deepseek-coder:6.7b,0.8333333333333334,3,0.5,1.0,1.0
qwen3_8b,GoTSelfCorrectionRAG,58,deepseek-coder:6.7b,0.8888888888888888,3,0.6666666666666666,1.0,1.0
qwen3_8b,GoTSelfCorrectionRAG,59,deepseek-coder:6.7b,0.6666666666666666,3,1.0,1.0,0.0
qwen3_8b,GoTSelfCorrectionRAG,60,deepseek-coder:6.7b,1.0,3,1.0,1.0,1.0
qwen3_8b,GoTSelfCorrectionRAG,61,deepseek-coder:6.7b,1.0,3,1.0,1.0,1.0
qwen3_8b,GoTSelfCorrectionRAG,62,deepseek-coder:6.7b,1.0,3,1.0,1.0,1.0
qwen3_8b,GoTSelfCorrectionRAG,63,deepseek-coder:6.7b,1.0,3,1.0,1.0,1.0
qwen3_8b,GoTSelfCorrectionRAG,64,deepseek-coder:6.7b,0.8333333333333334,3,1.0,1.0,0.5
qwen3_8b,GoTSelfCorrectionRAG,65,deepseek-coder:6.7b,0.6666666666666666,3,1.0,0.5,0.5
qwen3_8b,GoTSelfCorrectionRAG,66,deepseek-coder:6.7b,0.9333333333333332,3,1.0,0.8,1.0
