,_class_name,_library,_group,_path,_lines
0,SVC,sklearn,scikit-learn,scikit-learn-1.5.0/sklearn/svm/_classes.py,279
1,GaussianProcessRegressor,sklearn,scikit-learn,scikit-learn-1.5.0/sklearn/gaussian_process/_gpr.py,644
2,GlorotNormal,tfkeras,TensorFlow/Keras,tf-keras-2.16.0/tf_keras/initializers/initializers.py,41
3,WhiteKernel,sklearn,scikit-learn,scikit-learn-1.5.0/sklearn/gaussian_process/kernels.py,121
4,TFSMLayer,keras,TensorFlow/Keras,keras-3.3.3/keras/src/export/export_lib.py,131
5,BytecodeCache,jinja,Flask,jinja-3.1.4/src/jinja2/bccache.py,83
6,TimeseriesGenerator,tfkeras,TensorFlow/Keras,tf-keras-2.16.0/tf_keras/preprocessing/sequence.py,189
7,marcumq,sympy,Other,sympy-sympy-1.12.1/sympy/functions/special/bessel.py,104
8,triang_gen,scipy,Other,scipy-1.13.1/scipy/stats/_continuous_distns.py,71
9,ExtraTreeClassifier,sklearn,scikit-learn,scikit-learn-1.5.0/sklearn/tree/_classes.py,272
10,MetaData,scipy,Other,scipy-1.13.1/scipy/io/arff/_arffread.py,72
11,Substitution,matplotlib,Other,matplotlib-3.9.0/lib/matplotlib/_docstring.py,42
12,lowergamma,sympy,Other,sympy-sympy-1.12.1/sympy/functions/special/gamma_functions.py,174
13,RequestContext,flask,Flask,flask-3.0.3/src/flask/ctx.py,163
14,Precision,tfkeras,TensorFlow/Keras,tf-keras-2.16.0/tf_keras/metrics/confusion_metrics.py,159
15,LinearModel,tfkeras,TensorFlow/Keras,tf-keras-2.16.0/tf_keras/premade_models/linear.py,181
16,LeavePOut,sklearn,scikit-learn,scikit-learn-1.5.0/sklearn/model_selection/_split.py,90
17,make_column_selector,sklearn,scikit-learn,scikit-learn-1.5.0/sklearn/compose/_column_transformer.py,87
18,Flatten,tfkeras,TensorFlow/Keras,tf-keras-2.16.0/tf_keras/layers/reshaping/flatten.py,90
19,WorkerTrainingState,tfkeras,TensorFlow/Keras,tf-keras-2.16.0/tf_keras/distribute/worker_training_state.py,192
20,Accuracy,keras,TensorFlow/Keras,keras-3.3.3/keras/src/metrics/accuracy_metrics.py,44
21,SensitivityAtSpecificity,keras,TensorFlow/Keras,keras-3.3.3/keras/src/metrics/confusion_metrics.py,101
22,Reference,tfkeras,TensorFlow/Keras,tf-keras-2.16.0/tf_keras/utils/object_identity.py,34
23,RegressorChain,sklearn,scikit-learn,scikit-learn-1.5.0/sklearn/multioutput.py,147
24,LecunNormal,keras,TensorFlow/Keras,keras-3.3.3/keras/src/initializers/random_initializers.py,45
25,GeneratorLikeTrainingLoop,tfkeras,TensorFlow/Keras,tf-keras-2.16.0/tf_keras/engine/training_generator_v1.py,140
26,BatchNormalization,keras,TensorFlow/Keras,keras-3.3.3/keras/src/layers/normalization/batch_normalization.py,314
27,RationalPredicate,sympy,Other,sympy-sympy-1.12.1/sympy/assumptions/predicates/sets.py,33
28,SymPyDocTestRunner,sympy,Other,sympy-sympy-1.12.1/sympy/testing/runtests.py,75
29,DummyRegressor,sklearn,scikit-learn,scikit-learn-1.5.0/sklearn/dummy.py,238
30,Rule,werkzeug,Flask,werkzeug-3.0.3/src/werkzeug/routing/rules.py,598
31,PassiveAggressiveRegressor,sklearn,scikit-learn,scikit-learn-1.5.0/sklearn/linear_model/_passive_aggressive.py,260
32,KroghInterpolator,scipy,Other,scipy-1.13.1/scipy/interpolate/_polyint.py,146
33,dgamma_gen,scipy,Other,scipy-1.13.1/scipy/stats/_continuous_distns.py,75
34,KerasObjectLoader,tfkeras,TensorFlow/Keras,tf-keras-2.16.0/tf_keras/saving/legacy/saved_model/load.py,648
35,BaggingClassifier,sklearn,scikit-learn,scikit-learn-1.5.0/sklearn/ensemble/_bagging.py,424
36,MeanSquaredError,tfkeras,TensorFlow/Keras,tf-keras-2.16.0/tf_keras/metrics/regression_metrics.py,33
37,MethodNotAllowed,werkzeug,Flask,werkzeug-3.0.3/src/werkzeug/exceptions.py,34
38,NO,sympy,Other,sympy-sympy-1.12.1/sympy/physics/secondquant.py,339
39,chi2_gen,scipy,Other,scipy-1.13.1/scipy/stats/_continuous_distns.py,87
40,FalseNegatives,keras,TensorFlow/Keras,keras-3.3.3/keras/src/metrics/confusion_metrics.py,41
41,Max,sympy,Other,sympy-sympy-1.12.1/sympy/functions/elementary/miscellaneous.py,116
42,RandomForestClassifier,sklearn,scikit-learn,scikit-learn-1.5.0/sklearn/ensemble/_forest.py,383
43,crystalball_gen,scipy,Other,scipy-1.13.1/scipy/stats/_continuous_distns.py,150
44,SharedObjectConfig,keras,TensorFlow/Keras,keras-3.3.3/keras/src/legacy/saving/serialization.py,30
45,PolyQuadMesh,matplotlib,Other,matplotlib-3.9.0/lib/matplotlib/collections.py,156
46,gumbel_l_gen,scipy,Other,scipy-1.13.1/scipy/stats/_continuous_distns.py,74
47,riemann_xi,sympy,Other,sympy-sympy-1.12.1/sympy/functions/special/zeta_functions.py,37
48,LecunUniform,tfkeras,TensorFlow/Keras,tf-keras-2.16.0/tf_keras/initializers/initializers.py,37
49,FileSystemBytecodeCache,jinja,Flask,jinja-3.1.4/src/jinja2/bccache.py,141
50,ComplexInfinity,sympy,Other,sympy-sympy-1.12.1/sympy/core/numbers.py,75
51,LazyInitVariable,tfkeras,TensorFlow/Keras,tf-keras-2.16.0/tf_keras/dtensor/lazy_variable.py,151
52,MinimalClassifier,sklearn,scikit-learn,scikit-learn-1.5.0/sklearn/utils/_testing.py,47
53,StrictGreaterThanPredicate,sympy,Other,sympy-sympy-1.12.1/sympy/assumptions/relation/equality.py,46
54,DiDegreeView,networkx,Other,networkx-networkx-3.3/networkx/classes/reportviews.py,93
55,KNeighborsClassifier,sklearn,scikit-learn,scikit-learn-1.5.0/sklearn/neighbors/_classification.py,373
56,Sliceable,keras,TensorFlow/Keras,keras-3.3.3/keras/src/trainers/data_adapters/array_slicing.py,95
57,preorder_traversal,sympy,Other,sympy-sympy-1.12.1/sympy/core/traversal.py,97
58,RandomNormal,tfkeras,TensorFlow/Keras,tf-keras-2.16.0/tf_keras/initializers/initializers_v1.py,108
59,RBFSampler,sklearn,scikit-learn,scikit-learn-1.5.0/sklearn/kernel_approximation.py,168
60,Permute,keras,TensorFlow/Keras,keras-3.3.3/keras/src/layers/reshaping/permute.py,56
61,Accuracy,tfkeras,TensorFlow/Keras,tf-keras-2.16.0/tf_keras/metrics/accuracy_metrics.py,40
62,FourierSeries,sympy,Other,sympy-sympy-1.12.1/sympy/series/fourier.py,346
63,loggamma,sympy,Other,sympy-sympy-1.12.1/sympy/functions/special/gamma_functions.py,193
64,RFECV,sklearn,scikit-learn,scikit-learn-1.5.0/sklearn/feature_selection/_rfe.py,332
65,NearestNDInterpolator,scipy,Other,scipy-1.13.1/scipy/interpolate/_ndgriddata.py,147
66,coth,sympy,Other,sympy-sympy-1.12.1/sympy/functions/elementary/hyperbolic.py,170
67,LeakyReLU,tfkeras,TensorFlow/Keras,tf-keras-2.16.0/tf_keras/layers/activation/leaky_relu.py,55
68,ThresholdedReLU,tfkeras,TensorFlow/Keras,tf-keras-2.16.0/tf_keras/layers/activation/thresholded_relu.py,49
69,Dispatchable,scipy,Other,scipy-1.13.1/scipy/_lib/_uarray/_backend.py,40
70,Rotation,sympy,Other,sympy-sympy-1.12.1/sympy/physics/quantum/spin.py,266
71,LassoLarsCV,sklearn,scikit-learn,scikit-learn-1.5.0/sklearn/linear_model/_least_angle.py,194
72,DispatcherMiddleware,werkzeug,Flask,werkzeug-3.0.3/src/werkzeug/middleware/dispatcher.py,38
73,BaseExprVisitor,pandas,Other,pandas-2.2.2/pandas/core/computation/expr.py,407
74,Mean,tfkeras,TensorFlow/Keras,tf-keras-2.16.0/tf_keras/metrics/base_metric.py,44
75,DynamicBackend,keras,TensorFlow/Keras,keras-3.3.3/keras/src/utils/backend_utils.py,46
76,fisk_gen,scipy,Other,scipy-1.13.1/scipy/stats/_continuous_distns.py,80
77,Normalization,tfkeras,TensorFlow/Keras,tf-keras-2.16.0/tf_keras/layers/preprocessing/normalization.py,358
78,lognorm_gen,scipy,Other,scipy-1.13.1/scipy/stats/_continuous_distns.py,196
79,Spines,matplotlib,Other,matplotlib-3.9.0/lib/matplotlib/spines.py,74
80,_TrainingTarget,tfkeras,TensorFlow/Keras,tf-keras-2.16.0/tf_keras/engine/training_v1.py,31
81,FuncMinusOneOptim,sympy,Other,sympy-sympy-1.12.1/sympy/codegen/rewriting.py,89
82,SparseRandomProjection,sklearn,scikit-learn,scikit-learn-1.5.0/sklearn/random_projection.py,204
83,HalfTweedieLossIdentity,sklearn,scikit-learn,scikit-learn-1.5.0/sklearn/_loss/loss.py,44
84,Binarizer,sklearn,scikit-learn,scikit-learn-1.5.0/sklearn/preprocessing/_data.py,129
85,assoc_laguerre,sympy,Other,sympy-sympy-1.12.1/sympy/functions/special/polynomials.py,128
86,Vector,sympy,Other,sympy-sympy-1.12.1/sympy/physics/vector/vector.py,831
87,BinaryCrossentropy,tfkeras,TensorFlow/Keras,tf-keras-2.16.0/tf_keras/metrics/probabilistic_metrics.py,54
88,ColorSequenceRegistry,matplotlib,Other,matplotlib-3.9.0/lib/matplotlib/colors.py,102
89,LassoLarsIC,sklearn,scikit-learn,scikit-learn-1.5.0/sklearn/linear_model/_least_angle.py,316
90,PrecisionAtRecall,keras,TensorFlow/Keras,keras-3.3.3/keras/src/metrics/confusion_metrics.py,84
91,NuSVC,sklearn,scikit-learn,scikit-learn-1.5.0/sklearn/svm/_classes.py,275
92,SettingWithCopyWarning,pandas,Other,pandas-2.2.2/pandas/errors/__init__.py,20
93,BaseLabelPropagation,sklearn,scikit-learn,scikit-learn-1.5.0/sklearn/semi_supervised/_label_propagation.py,260
94,MovieWriter,matplotlib,Other,matplotlib-3.9.0/lib/matplotlib/animation.py,143
95,MixedModeRenderer,matplotlib,Other,matplotlib-3.9.0/lib/matplotlib/backends/backend_mixed.py,112
96,StrMethodFormatter,matplotlib,Other,matplotlib-3.9.0/lib/matplotlib/ticker.py,26
97,Path,matplotlib,Other,matplotlib-3.9.0/lib/matplotlib/path.py,1026
98,_ObjectIdentityWrapper,tfkeras,TensorFlow/Keras,tf-keras-2.16.0/tf_keras/utils/object_identity.py,50
99,VarBosonicBasis,sympy,Other,sympy-sympy-1.12.1/sympy/physics/secondquant.py,65
100,LatentDirichletAllocation,sklearn,scikit-learn,scikit-learn-1.5.0/sklearn/decomposition/_lda.py,766
101,SpatialDropout2D,tfkeras,TensorFlow/Keras,tf-keras-2.16.0/tf_keras/layers/regularization/spatial_dropout2d.py,51
102,LocalStack,werkzeug,Flask,werkzeug-3.0.3/src/werkzeug/local.py,78
103,moyal_gen,scipy,Other,scipy-1.13.1/scipy/stats/_continuous_distns.py,90
104,StateSpaceDiscrete,scipy,Other,scipy-1.13.1/scipy/signal/_ltisys.py,60
105,HalfTweedieLoss,sklearn,scikit-learn,scikit-learn-1.5.0/sklearn/_loss/loss.py,62
106,While,sympy,Other,sympy-sympy-1.12.1/sympy/codegen/ast.py,36
107,LowLevelCallable,scipy,Other,scipy-1.13.1/scipy/_lib/_ccallback.py,158
108,_RepeatedSplits,sklearn,scikit-learn,scikit-learn-1.5.0/sklearn/model_selection/_split.py,105
109,_Cache,numpy,Other,numpy-1.26.4/numpy/distutils/ccompiler_opt.py,135
110,RBF,sklearn,scikit-learn,scikit-learn-1.5.0/sklearn/gaussian_process/kernels.py,151
111,_Distutils,numpy,Other,numpy-1.26.4/numpy/distutils/ccompiler_opt.py,185
112,Pointer,sympy,Other,sympy-sympy-1.12.1/sympy/codegen/ast.py,23
113,VarianceScaling,keras,TensorFlow/Keras,keras-3.3.3/keras/src/initializers/random_initializers.py,112
114,FixedForwardWindowIndexer,pandas,Other,pandas-2.2.2/pandas/core/indexers/objects.py,49
115,Idx,sympy,Other,sympy-sympy-1.12.1/sympy/tensor/indexed.py,175
116,LinearModelLoss,sklearn,scikit-learn,scikit-learn-1.5.0/sklearn/linear_model/_linear_loss.py,662
117,SumOverBatchSize,tfkeras,TensorFlow/Keras,tf-keras-2.16.0/tf_keras/metrics/base_metric.py,21
118,DepthwiseConv1D,keras,TensorFlow/Keras,keras-3.3.3/keras/src/layers/convolutional/depthwise_conv1d.py,130
119,Hinge,keras,TensorFlow/Keras,keras-3.3.3/keras/src/metrics/hinge_metrics.py,30
120,Range,sympy,Other,sympy-sympy-1.12.1/sympy/sets/fancysets.py,502
121,OGridClass,numpy,Other,numpy-1.26.4/numpy/lib/index_tricks.py,43
122,SelectFpr,sklearn,scikit-learn,scikit-learn-1.5.0/sklearn/feature_selection/_univariate_selection.py,78
123,KernelCenterer,sklearn,scikit-learn,scikit-learn-1.5.0/sklearn/preprocessing/_data.py,156
124,Dense,tfkeras,TensorFlow/Keras,tf-keras-2.16.0/tf_keras/layers/core/dense.py,268
125,LocallyConnected2D,tfkeras,TensorFlow/Keras,tf-keras-2.16.0/tf_keras/layers/locally_connected/locally_connected2d.py,367
126,MultiWorkerVerificationCallback,tfkeras,TensorFlow/Keras,tf-keras-2.16.0/tf_keras/distribute/multi_worker_test.py,118
127,LayerScale,tfkeras,TensorFlow/Keras,tf-keras-2.16.0/tf_keras/applications/convnext.py,40
128,SeedGenerator,keras,TensorFlow/Keras,keras-3.3.3/keras/src/random/seed_generator.py,91
129,argmap,networkx,Other,networkx-networkx-3.3/networkx/utils/decorators.py,863
130,_AppCtxGlobals,flask,Flask,flask-3.0.3/src/flask/ctx.py,86
131,Table,pandas,Other,pandas-2.2.2/pandas/io/pytables.py,997
132,LossScaleOptimizer,keras,TensorFlow/Keras,keras-3.3.3/keras/src/optimizers/loss_scale_optimizer.py,276
133,FixedFormatter,matplotlib,Other,matplotlib-3.9.0/lib/matplotlib/ticker.py,32
134,_MeshData,matplotlib,Other,matplotlib-3.9.0/lib/matplotlib/collections.py,152
135,ProgbarLogger,keras,TensorFlow/Keras,keras-3.3.3/keras/src/callbacks/progbar_logger.py,95
136,dirichlet_multinomial_gen,scipy,Other,scipy-1.13.1/scipy/stats/_multivariate.py,217
137,HistGradientBoostingRegressor,sklearn,scikit-learn,scikit-learn-1.5.0/sklearn/ensemble/_hist_gradient_boosting/gradient_boosting.py,385
138,IncrementalPCA,sklearn,scikit-learn,scikit-learn-1.5.0/sklearn/decomposition/_incremental_pca.py,391
139,MetadataRouter,sklearn,scikit-learn,scikit-learn-1.5.0/sklearn/utils/_metadata_requests.py,342
140,MaxWeightClique,networkx,Other,networkx-networkx-3.3/networkx/algorithms/clique.py,100
141,MeanSquaredError,keras,TensorFlow/Keras,keras-3.3.3/keras/src/metrics/regression_metrics.py,28
142,airyai,sympy,Other,sympy-sympy-1.12.1/sympy/functions/special/bessel.py,170
143,Blueprint,flask,Flask,flask-3.0.3/src/flask/sansio/blueprints.py,514
144,FermionOp,sympy,Other,sympy-sympy-1.12.1/sympy/physics/quantum/fermion.py,94
145,ExtensionOpsMixin,pandas,Other,pandas-2.2.2/pandas/core/arrays/base.py,61
146,NoisyLinearCosineDecay,tfkeras,TensorFlow/Keras,tf-keras-2.16.0/tf_keras/optimizers/schedules/learning_rate_schedule.py,150
147,EventCollection,matplotlib,Other,matplotlib-3.9.0/lib/matplotlib/collections.py,181
148,BaseLibSVM,sklearn,scikit-learn,scikit-learn-1.5.0/sklearn/svm/_base.py,618
149,ComplexPredicate,sympy,Other,sympy-sympy-1.12.1/sympy/assumptions/predicates/sets.py,34
150,OracleGate,sympy,Other,sympy-sympy-1.12.1/sympy/physics/quantum/grover.py,122
151,TimeDepState,sympy,Other,sympy-sympy-1.12.1/sympy/physics/quantum/state.py,73
152,DotProduct,sympy,Other,sympy-sympy-1.12.1/sympy/matrices/expressions/dotproduct.py,50
153,_HTMLDocumentationLinkMixin,sklearn,scikit-learn,scikit-learn-1.5.0/sklearn/utils/_estimator_html_repr.py,91
154,MaxAbsScaler,sklearn,scikit-learn,scikit-learn-1.5.0/sklearn/preprocessing/_data.py,224
155,Hamiltonian,sympy,Other,sympy-sympy-1.12.1/sympy/physics/quantum/sho1d.py,104
156,nd_grid,numpy,Other,numpy-1.26.4/numpy/lib/index_tricks.py,100
157,WildFunction,sympy,Other,sympy-sympy-1.12.1/sympy/core/function.py,77
158,DecisionBoundaryDisplay,sklearn,scikit-learn,scikit-learn-1.5.0/sklearn/inspection/_plot/decision_boundary.py,345
159,Label,sympy,Other,sympy-sympy-1.12.1/sympy/codegen/cnodes.py,25
160,MissingIndicator,sklearn,scikit-learn,scikit-learn-1.5.0/sklearn/impute/_base.py,360
161,DrawEvent,matplotlib,Other,matplotlib-3.9.0/lib/matplotlib/backend_bases.py,25
162,Commutator,sympy,Other,sympy-sympy-1.12.1/sympy/physics/secondquant.py,146
163,ExportArchive,keras,TensorFlow/Keras,keras-3.3.3/keras/src/export/export_lib.py,590
164,ExponentialMovingWindow,pandas,Other,pandas-2.2.2/pandas/core/window/ewm.py,765
165,ConvLSTM,tfkeras,TensorFlow/Keras,tf-keras-2.16.0/tf_keras/layers/rnn/base_conv_lstm.py,283
166,Resizing,tfkeras,TensorFlow/Keras,tf-keras-2.16.0/tf_keras/layers/preprocessing/image_preprocessing.py,99
167,EllipticEnvelope,sklearn,scikit-learn,scikit-learn-1.5.0/sklearn/covariance/_elliptic_envelope.py,252
168,HalfSquaredError,sklearn,scikit-learn,scikit-learn-1.5.0/sklearn/_loss/loss.py,21
169,CategoricalNB,sklearn,scikit-learn,scikit-learn-1.5.0/sklearn/naive_bayes.py,294
170,Functional,tfkeras,TensorFlow/Keras,tf-keras-2.16.0/tf_keras/engine/functional.py,988
171,RemoteMonitor,tfkeras,TensorFlow/Keras,tf-keras-2.16.0/tf_keras/callbacks.py,68
172,CommSocket,matplotlib,Other,matplotlib-3.9.0/lib/matplotlib/backends/backend_nbagg.py,75
173,TokenStream,jinja,Flask,jinja-3.1.4/src/jinja2/lexer.py,107
174,LinearSVR,sklearn,scikit-learn,scikit-learn-1.5.0/sklearn/svm/_classes.py,257
175,KernelDensity,sklearn,scikit-learn,scikit-learn-1.5.0/sklearn/neighbors/_kde.py,331
176,TensorFlowOpLayer,tfkeras,TensorFlow/Keras,tf-keras-2.16.0/tf_keras/engine/base_layer.py,139
177,logaddexp2,sympy,Other,sympy-sympy-1.12.1/sympy/codegen/numpy_nodes.py,40
178,multigamma,sympy,Other,sympy-sympy-1.12.1/sympy/functions/special/gamma_functions.py,90
179,HalfBinomialLoss,sklearn,scikit-learn,scikit-learn-1.5.0/sklearn/_loss/loss.py,67
180,reciprocal_gen,scipy,Other,scipy-1.13.1/scipy/stats/_continuous_distns.py,98
181,tribonacci,sympy,Other,sympy-sympy-1.12.1/sympy/functions/combinatorial/numbers.py,81
182,SandboxedEnvironment,jinja,Flask,jinja-3.1.4/src/jinja2/sandbox.py,207
183,laguerre,sympy,Other,sympy-sympy-1.12.1/sympy/functions/special/polynomials.py,108
184,IndexLookup,tfkeras,TensorFlow/Keras,tf-keras-2.16.0/tf_keras/layers/preprocessing/index_lookup.py,901
185,Density,sympy,Other,sympy-sympy-1.12.1/sympy/physics/quantum/density.py,197
186,PositivePredicate,sympy,Other,sympy-sympy-1.12.1/sympy/assumptions/predicates/order.py,44
187,_ArrayAPIWrapper,sklearn,scikit-learn,scikit-learn-1.5.0/sklearn/utils/_array_api.py,25
188,FormalPowerSeriesInverse,sympy,Other,sympy-sympy-1.12.1/sympy/series/formal.py,89
189,LecunNormal,tfkeras,TensorFlow/Keras,tf-keras-2.16.0/tf_keras/initializers/initializers.py,41
190,NegativePredicate,sympy,Other,sympy-sympy-1.12.1/sympy/assumptions/predicates/order.py,44
191,SparseRepMatrix,sympy,Other,sympy-sympy-1.12.1/sympy/matrices/sparse.py,439
192,BaseCovarDerivativeOp,sympy,Other,sympy-sympy-1.12.1/sympy/diffgeom/diffgeom.py,89
193,UnitNormalization,keras,TensorFlow/Keras,keras-3.3.3/keras/src/layers/normalization/unit_normalization.py,51
194,RecallAtPrecision,tfkeras,TensorFlow/Keras,tf-keras-2.16.0/tf_keras/metrics/confusion_metrics.py,96
195,UnitNorm,keras,TensorFlow/Keras,keras-3.3.3/keras/src/constraints/constraints.py,29
196,BasisDependent,sympy,Other,sympy-sympy-1.12.1/sympy/vector/basisdependent.py,165
197,StreamMask,matplotlib,Other,matplotlib-3.9.0/lib/matplotlib/streamplot.py,52
198,BackendRegistry,matplotlib,Other,matplotlib-3.9.0/lib/matplotlib/backends/registry.py,393
199,erfc,sympy,Other,sympy-sympy-1.12.1/sympy/functions/special/error_functions.py,189
200,LaplacianNd,scipy,Other,scipy-1.13.1/scipy/sparse/linalg/_special_sparse_arrays.py,506
201,BinaryRelation,sympy,Other,sympy-sympy-1.12.1/sympy/assumptions/relation/binrel.py,118
202,PCA,sklearn,scikit-learn,scikit-learn-1.5.0/sklearn/decomposition/_pca.py,735
203,MeanAbsoluteError,tfkeras,TensorFlow/Keras,tf-keras-2.16.0/tf_keras/losses.py,59
204,ReduceLROnPlateau,tfkeras,TensorFlow/Keras,tf-keras-2.16.0/tf_keras/callbacks.py,137
205,SGDOptimizer,sklearn,scikit-learn,scikit-learn-1.5.0/sklearn/neural_network/_stochastic_optimizers.py,123
206,RootSystem,sympy,Other,sympy-sympy-1.12.1/sympy/liealgebras/root_system.py,196
207,HalvingRandomSearchCV,sklearn,scikit-learn,scikit-learn-1.5.0/sklearn/model_selection/_search_successive_halving.py,363
208,Segment,sympy,Other,sympy-sympy-1.12.1/sympy/geometry/line.py,292
209,HomogeneousCoeffSubsIndepDivDep,sympy,Other,sympy-sympy-1.12.1/sympy/solvers/ode/single.py,123
210,ImmutableSparseMatrix,sympy,Other,sympy-sympy-1.12.1/sympy/matrices/immutable.py,41
211,HermitianOperator,sympy,Other,sympy-sympy-1.12.1/sympy/physics/quantum/operator.py,37
212,Lasso,sklearn,scikit-learn,scikit-learn-1.5.0/sklearn/linear_model/_coordinate_descent.py,183
213,DataFrameRenderer,pandas,Other,pandas-2.2.2/pandas/io/formats/format.py,155
214,OctaveCodeGen,sympy,Other,sympy-sympy-1.12.1/sympy/utilities/codegen.py,243
215,GeometryEntity,sympy,Other,sympy-sympy-1.12.1/sympy/geometry/entity.py,467
216,BlendedGenericTransform,matplotlib,Other,matplotlib-3.9.0/lib/matplotlib/transforms.py,92
217,FileStorage,werkzeug,Flask,werkzeug-3.0.3/src/werkzeug/datastructures/file_storage.py,148
218,GeneratorEnqueuer,tfkeras,TensorFlow/Keras,tf-keras-2.16.0/tf_keras/utils/data_utils.py,90
219,Lasso,matplotlib,Other,matplotlib-3.9.0/lib/matplotlib/widgets.py,77
220,PsfontsMap,matplotlib,Other,matplotlib-3.9.0/lib/matplotlib/dviread.py,175
221,CombinedMultiDict,werkzeug,Flask,werkzeug-3.0.3/src/werkzeug/datastructures/structures.py,132
222,RANSACRegressor,sklearn,scikit-learn,scikit-learn-1.5.0/sklearn/linear_model/_ransac.py,645
223,BaseEnsemble,sklearn,scikit-learn,scikit-learn-1.5.0/sklearn/ensemble/_base.py,85
224,OneVsRestClassifier,sklearn,scikit-learn,scikit-learn-1.5.0/sklearn/multiclass.py,428
225,CubicTriInterpolator,matplotlib,Other,matplotlib-3.9.0/lib/matplotlib/tri/_triinterpolate.py,288
226,CategoricalFocalCrossentropy,tfkeras,TensorFlow/Keras,tf-keras-2.16.0/tf_keras/losses.py,137
227,Minimum,keras,TensorFlow/Keras,keras-3.3.3/keras/src/layers/merging/minimum.py,31
228,Operator,sympy,Other,sympy-sympy-1.12.1/sympy/physics/quantum/operator.py,151
229,Tokenizer,tfkeras,TensorFlow/Keras,tf-keras-2.16.0/tf_keras/preprocessing/text.py,381
230,Headers,werkzeug,Flask,werkzeug-3.0.3/src/werkzeug/datastructures/headers.py,433
231,DiophantineSolutionSet,sympy,Other,sympy-sympy-1.12.1/sympy/solvers/diophantine/diophantine.py,98
232,Nystroem,sklearn,scikit-learn,scikit-learn-1.5.0/sklearn/kernel_approximation.py,272
233,SymmetricPredicate,sympy,Other,sympy-sympy-1.12.1/sympy/assumptions/predicates/matrices.py,35
234,GroupKFold,sklearn,scikit-learn,scikit-learn-1.5.0/sklearn/model_selection/_split.py,126
235,ClassFactRegistry,sympy,Other,sympy-sympy-1.12.1/sympy/assumptions/sathandlers.py,88
236,fibonacci,sympy,Other,sympy-sympy-1.12.1/sympy/functions/combinatorial/numbers.py,75
237,DefaultJSONProvider,flask,Flask,flask-3.0.3/src/flask/json/provider.py,92
238,MeanAbsolutePercentageError,tfkeras,TensorFlow/Keras,tf-keras-2.16.0/tf_keras/losses.py,67
239,ExcitingMixing,scipy,Other,scipy-1.13.1/scipy/optimize/_nonlin.py,57
240,SparseCategoricalCrossentropy,keras,TensorFlow/Keras,keras-3.3.3/keras/src/metrics/probabilistic_metrics.py,83
241,MatrixExpr,sympy,Other,sympy-sympy-1.12.1/sympy/matrices/expressions/matexpr.py,432
242,RNNCell,tfkeras,TensorFlow/Keras,tf-keras-2.16.0/tf_keras/layers/rnn/legacy_cells.py,190
243,OAS,sklearn,scikit-learn,scikit-learn-1.5.0/sklearn/covariance/_shrunk_covariance.py,131
244,Hinge,tfkeras,TensorFlow/Keras,tf-keras-2.16.0/tf_keras/metrics/hinge_metrics.py,34
245,DeviceMesh,keras,TensorFlow/Keras,keras-3.3.3/keras/src/distribution/distribution_lib.py,75
246,besseli,sympy,Other,sympy-sympy-1.12.1/sympy/functions/special/bessel.py,150
247,tukeylambda_gen,scipy,Other,scipy-1.13.1/scipy/stats/_continuous_distns.py,48
248,Do,sympy,Other,sympy-sympy-1.12.1/sympy/codegen/fnodes.py,35
249,FreeModuleHomomorphism,sympy,Other,sympy-sympy-1.12.1/sympy/polys/agca/homomorphisms.py,35
250,Add,keras,TensorFlow/Keras,keras-3.3.3/keras/src/layers/merging/add.py,31
251,MultinomialLogit,sklearn,scikit-learn,scikit-learn-1.5.0/sklearn/_loss/link.py,64
252,GenericArrayLikeDataAdapter,tfkeras,TensorFlow/Keras,tf-keras-2.16.0/tf_keras/engine/data_adapter.py,102
253,NdPPoly,scipy,Other,scipy-1.13.1/scipy/interpolate/_interpolate.py,431
254,LinearDiscriminantAnalysis,sklearn,scikit-learn,scikit-learn-1.5.0/sklearn/discriminant_analysis.py,589
255,MiniBatchSparsePCA,sklearn,scikit-learn,scikit-learn-1.5.0/sklearn/decomposition/_sparse_pca.py,214
256,PairwiseKernel,sklearn,scikit-learn,scikit-learn-1.5.0/sklearn/gaussian_process/kernels.py,161
257,Callback,keras,TensorFlow/Keras,keras-3.3.3/keras/src/callbacks/callback.py,273
258,Softmax,keras,TensorFlow/Keras,keras-3.3.3/keras/src/layers/activations/softmax.py,61
259,Isomap,sklearn,scikit-learn,scikit-learn-1.5.0/sklearn/manifold/_isomap.py,412
260,gegenbauer,sympy,Other,sympy-sympy-1.12.1/sympy/functions/special/polynomials.py,147
261,BackupAndRestore,keras,TensorFlow/Keras,keras-3.3.3/keras/src/callbacks/backup_and_restore.py,164
262,LeaveOneOut,sklearn,scikit-learn,scikit-learn-1.5.0/sklearn/model_selection/_split.py,77
263,HDBSCAN,sklearn,scikit-learn,scikit-learn-1.5.0/sklearn/cluster/_hdbscan/hdbscan.py,613
264,EnergyState,scipy,Other,scipy-1.13.1/scipy/optimize/_dual_annealing.py,82
265,AssocOpDispatcher,sympy,Other,sympy-sympy-1.12.1/sympy/core/operations.py,167
266,Printable,sympy,Other,sympy-sympy-1.12.1/sympy/core/_print_helpers.py,58
267,BaseIndexer,pandas,Other,pandas-2.2.2/pandas/core/indexers/objects.py,45
268,Lambda,tfkeras,TensorFlow/Keras,tf-keras-2.16.0/tf_keras/layers/core/lambda_layer.py,380
269,EinsumDense,tfkeras,TensorFlow/Keras,tf-keras-2.16.0/tf_keras/layers/core/einsum_dense.py,178
270,Ray,sympy,Other,sympy-sympy-1.12.1/sympy/geometry/line.py,233
271,Ticks,matplotlib,Other,matplotlib-3.9.0/lib/mpl_toolkits/axisartist/axis_artist.py,94
272,Lexer,jinja,Flask,jinja-3.1.4/src/jinja2/lexer.py,398
273,invgauss_gen,scipy,Other,scipy-1.13.1/scipy/stats/_continuous_distns.py,142
274,SeqAdd,sympy,Other,sympy-sympy-1.12.1/sympy/series/sequences.py,104
275,Nadam,tfkeras,TensorFlow/Keras,tf-keras-2.16.0/tf_keras/optimizers/legacy/nadam.py,224
276,UnionFind,networkx,Other,networkx-networkx-3.3/networkx/utils/union_find.py,99
277,Precision,keras,TensorFlow/Keras,keras-3.3.3/keras/src/metrics/confusion_metrics.py,157
278,Huber,keras,TensorFlow/Keras,keras-3.3.3/keras/src/losses/losses.py,35
279,SpatialDropout3D,keras,TensorFlow/Keras,keras-3.3.3/keras/src/layers/regularization/spatial_dropout.py,59
280,NonElementaryIntegral,sympy,Other,sympy-sympy-1.12.1/sympy/integrals/risch.py,48
281,InputSpec,keras,TensorFlow/Keras,keras-3.3.3/keras/src/layers/input_spec.py,108
282,PReLU,keras,TensorFlow/Keras,keras-3.3.3/keras/src/layers/activations/prelu.py,89
283,BinaryCrossentropy,keras,TensorFlow/Keras,keras-3.3.3/keras/src/losses/losses.py,109
284,partition,sympy,Other,sympy-sympy-1.12.1/sympy/functions/combinatorial/numbers.py,86
285,LassoCV,sklearn,scikit-learn,scikit-learn-1.5.0/sklearn/linear_model/_coordinate_descent.py,214
286,CompositeMorphism,sympy,Other,sympy-sympy-1.12.1/sympy/categories/baseclasses.py,185
287,NodeTransformer,jinja,Flask,jinja-3.1.4/src/jinja2/visitor.py,43
288,ChainedAssignmentError,pandas,Other,pandas-2.2.2/pandas/errors/__init__.py,21
289,gaussian_kde,scipy,Other,scipy-1.13.1/scipy/stats/_kde.py,663
290,NpzFile,numpy,Other,numpy-1.26.4/numpy/lib/npyio.py,174
291,TGate,sympy,Other,sympy-sympy-1.12.1/sympy/physics/quantum/gate.py,26
292,FuncData,scipy,Other,scipy-1.13.1/scipy/special/_testutils.py,234
293,PickEvent,matplotlib,Other,matplotlib-3.9.0/lib/matplotlib/backend_bases.py,47
294,geninvgauss_gen,scipy,Other,scipy-1.13.1/scipy/stats/_continuous_distns.py,315
295,View,flask,Flask,flask-3.0.3/src/flask/views.py,120
296,ContinuousMarkovChain,sympy,Other,sympy-sympy-1.12.1/sympy/stats/stochastic_process_types.py,117
297,Grouping,pandas,Other,pandas-2.2.2/pandas/core/groupby/grouper.py,355
298,truncweibull_min_gen,scipy,Other,scipy-1.13.1/scipy/stats/_continuous_distns.py,105
299,DictLoader,jinja,Flask,jinja-3.1.4/src/jinja2/loaders.py,22
300,BaseShuffleSplit,sklearn,scikit-learn,scikit-learn-1.5.0/sklearn/model_selection/_split.py,117
301,RepMatrix,sympy,Other,sympy-sympy-1.12.1/sympy/matrices/repmatrix.py,295
302,Aborter,werkzeug,Flask,werkzeug-3.0.3/src/werkzeug/exceptions.py,32
303,TextVectorization,tfkeras,TensorFlow/Keras,tf-keras-2.16.0/tf_keras/layers/preprocessing/text_vectorization.py,624
304,GRU,tfkeras,TensorFlow/Keras,tf-keras-2.16.0/tf_keras/layers/rnn/gru_v1.py,281
305,RidgeClassifier,sklearn,scikit-learn,scikit-learn-1.5.0/sklearn/linear_model/_ridge.py,223
306,Grouper,pandas,Other,pandas-2.2.2/pandas/core/groupby/grouper.py,420
307,SingletonRegistry,sympy,Other,sympy-sympy-1.12.1/sympy/core/singleton.py,121
308,matrix_normal_gen,scipy,Other,scipy-1.13.1/scipy/stats/_multivariate.py,353
309,RandomForestRegressor,sklearn,scikit-learn,scikit-learn-1.5.0/sklearn/ensemble/_forest.py,357
310,NoNewAttributesMixin,pandas,Other,pandas-2.2.2/pandas/core/base.py,32
311,TransferFunction,scipy,Other,scipy-1.13.1/scipy/signal/_ltisys.py,245
312,Resizing,keras,TensorFlow/Keras,keras-3.3.3/keras/src/layers/preprocessing/resizing.py,121
313,Series,sympy,Other,sympy-sympy-1.12.1/sympy/physics/control/lti.py,253
314,InputLayer,tfkeras,TensorFlow/Keras,tf-keras-2.16.0/tf_keras/engine/input_layer.py,249
315,BesselBase,sympy,Other,sympy-sympy-1.12.1/sympy/functions/special/bessel.py,68
316,Adagrad,tfkeras,TensorFlow/Keras,tf-keras-2.16.0/tf_keras/optimizers/optimizer_v1.py,77
317,ToolManager,matplotlib,Other,matplotlib-3.9.0/lib/matplotlib/backend_managers.py,356
318,Multiply,tfkeras,TensorFlow/Keras,tf-keras-2.16.0/tf_keras/layers/merging/multiply.py,27
319,CalibrationDisplay,sklearn,scikit-learn,scikit-learn-1.5.0/sklearn/calibration.py,373
320,halfgennorm_gen,scipy,Other,scipy-1.13.1/scipy/stats/_continuous_distns.py,62
321,poly1d,numpy,Other,numpy-1.26.4/numpy/lib/polynomial.py,372
322,BatchNormalization,tfkeras,TensorFlow/Keras,tf-keras-2.16.0/tf_keras/legacy_tf_layers/normalization.py,203
323,PLSSVD,sklearn,scikit-learn,scikit-learn-1.5.0/sklearn/cross_decomposition/_pls.py,200
324,Declaration,sympy,Other,sympy-sympy-1.12.1/sympy/codegen/ast.py,25
325,FeatureAgglomeration,sklearn,scikit-learn,scikit-learn-1.5.0/sklearn/cluster/_agglomerative.py,215
326,Add,tfkeras,TensorFlow/Keras,tf-keras-2.16.0/tf_keras/layers/merging/add.py,34
327,SingularPredicate,sympy,Other,sympy-sympy-1.12.1/sympy/assumptions/predicates/matrices.py,24
328,Nand,sympy,Other,sympy-sympy-1.12.1/sympy/logic/boolalg.py,27
329,LinearCosineDecay,tfkeras,TensorFlow/Keras,tf-keras-2.16.0/tf_keras/optimizers/schedules/learning_rate_schedule.py,121
330,RecurrenceOperatorAlgebra,sympy,Other,sympy-sympy-1.12.1/sympy/holonomic/recurrence.py,57
331,MetadataRequest,sklearn,scikit-learn,scikit-learn-1.5.0/sklearn/utils/_metadata_requests.py,173
332,SymLogNorm,matplotlib,Other,matplotlib-3.9.0/lib/matplotlib/colors.py,32
333,BaseConvTranspose,keras,TensorFlow/Keras,keras-3.3.3/keras/src/layers/convolutional/base_conv_transpose.py,242
334,StochasticDepth,keras,TensorFlow/Keras,keras-3.3.3/keras/src/applications/convnext.py,35
335,PeriodIndex,pandas,Other,pandas-2.2.2/pandas/core/indexes/period.py,459
336,Recall,keras,TensorFlow/Keras,keras-3.3.3/keras/src/metrics/confusion_metrics.py,141
337,_IoUBase,keras,TensorFlow/Keras,keras-3.3.3/keras/src/metrics/iou_metrics.py,134
338,PrecisionAtRecall,tfkeras,TensorFlow/Keras,tf-keras-2.16.0/tf_keras/metrics/confusion_metrics.py,85
339,Text,matplotlib,Other,matplotlib-3.9.0/lib/matplotlib/dviread.py,59
340,TruncatedNormal,tfkeras,TensorFlow/Keras,tf-keras-2.16.0/tf_keras/initializers/initializers_v1.py,126
341,NoneToken,sympy,Other,sympy-sympy-1.12.1/sympy/codegen/ast.py,22
342,LockDraw,matplotlib,Other,matplotlib-3.9.0/lib/matplotlib/widgets.py,36
343,SharpnessAwareMinimization,tfkeras,TensorFlow/Keras,tf-keras-2.16.0/tf_keras/models/sharpness_aware_minimization.py,159
344,CustomObjectScope,keras,TensorFlow/Keras,keras-3.3.3/keras/src/saving/object_registration.py,44
345,Initializer,tfkeras,TensorFlow/Keras,tf-keras-2.16.0/tf_keras/initializers/initializers.py,95
346,_SwitchableDateConverter,matplotlib,Other,matplotlib-3.9.0/lib/matplotlib/dates.py,23
347,FeatureHasher,sklearn,scikit-learn,scikit-learn-1.5.0/sklearn/feature_extraction/_hash.py,178
348,UnsortedIndexError,pandas,Other,pandas-2.2.2/pandas/errors/__init__.py,25
349,AtlasView,networkx,Other,networkx-networkx-3.3/networkx/classes/coreviews.py,41
350,DTypePolicy,keras,TensorFlow/Keras,keras-3.3.3/keras/src/dtype_policies/dtype_policy.py,148
351,LayerScale,keras,TensorFlow/Keras,keras-3.3.3/keras/src/applications/convnext.py,40
352,Perceptron,sklearn,scikit-learn,scikit-learn-1.5.0/sklearn/linear_model/_perceptron.py,221
353,StepsPerExecutionTuner,tfkeras,TensorFlow/Keras,tf-keras-2.16.0/tf_keras/utils/steps_per_execution_tuning.py,239
354,GaussianNoise,tfkeras,TensorFlow/Keras,tf-keras-2.16.0/tf_keras/layers/regularization/gaussian_noise.py,53
355,StandardScaler,sklearn,scikit-learn,scikit-learn-1.5.0/sklearn/preprocessing/_data.py,416
356,DynamicLookup,tfkeras,TensorFlow/Keras,tf-keras-2.16.0/tf_keras/layers/experimental/dynamic_lookup.py,339
357,SpectralBiclustering,sklearn,scikit-learn,scikit-learn-1.5.0/sklearn/cluster/_bicluster.py,259
358,csr_matrix,scipy,Other,scipy-1.13.1/scipy/sparse/_csr.py,121
359,FpSubgroup,sympy,Other,sympy-sympy-1.12.1/sympy/combinatorics/fp_groups.py,163
360,DictionaryLearning,sklearn,scikit-learn,scikit-learn-1.5.0/sklearn/decomposition/_dict_learning.py,341
361,MultiTaskLasso,sklearn,scikit-learn,scikit-learn-1.5.0/sklearn/linear_model/_coordinate_descent.py,141
362,CategoricalAccuracy,keras,TensorFlow/Keras,keras-3.3.3/keras/src/metrics/accuracy_metrics.py,53
363,StrictLessThanPredicate,sympy,Other,sympy-sympy-1.12.1/sympy/assumptions/relation/equality.py,46
364,Pauli,sympy,Other,sympy-sympy-1.12.1/sympy/physics/paulialgebra.py,93
365,ToolToggleBase,matplotlib,Other,matplotlib-3.9.0/lib/matplotlib/backend_tools.py,85
366,multivariate_t_gen,scipy,Other,scipy-1.13.1/scipy/stats/_multivariate.py,467
367,MeanSquaredLogarithmicError,tfkeras,TensorFlow/Keras,tf-keras-2.16.0/tf_keras/losses.py,62
368,primenu,sympy,Other,sympy-sympy-1.12.1/sympy/ntheory/factor_.py,42
369,Text3D,matplotlib,Other,matplotlib-3.9.0/lib/mpl_toolkits/mplot3d/art3d.py,89
370,periodic_argument,sympy,Other,sympy-sympy-1.12.1/sympy/functions/elementary/complexes.py,104
371,MultiTaskLassoCV,sklearn,scikit-learn,scikit-learn-1.5.0/sklearn/linear_model/_coordinate_descent.py,236
372,ProductSet,sympy,Other,sympy-sympy-1.12.1/sympy/sets/sets.py,179
373,RobustScaler,sklearn,scikit-learn,scikit-learn-1.5.0/sklearn/preprocessing/_data.py,266
374,SpectralEmbedding,sklearn,scikit-learn,scikit-learn-1.5.0/sklearn/manifold/_spectral_embedding.py,307
375,LSTMCell,tfkeras,TensorFlow/Keras,tf-keras-2.16.0/tf_keras/layers/rnn/legacy_cells.py,323
376,BSpline,scipy,Other,scipy-1.13.1/scipy/interpolate/_bsplines.py,853
377,fatiguelife_gen,scipy,Other,scipy-1.13.1/scipy/stats/_continuous_distns.py,75
378,TimedeltaIndex,pandas,Other,pandas-2.2.2/pandas/core/indexes/timedeltas.py,210
379,BayesianRidge,sklearn,scikit-learn,scikit-learn-1.5.0/sklearn/linear_model/_bayes.py,399
380,_WedgeBbox,matplotlib,Other,matplotlib-3.9.0/lib/matplotlib/projections/polar.py,54
381,ElasticNetCV,sklearn,scikit-learn,scikit-learn-1.5.0/sklearn/linear_model/_coordinate_descent.py,237
382,MultiTaskElasticNetCV,sklearn,scikit-learn,scikit-learn-1.5.0/sklearn/linear_model/_coordinate_descent.py,253
383,SAS7BDATReader,pandas,Other,pandas-2.2.2/pandas/io/sas/sas7bdat.py,621
384,TreeGrower,sklearn,scikit-learn,scikit-learn-1.5.0/sklearn/ensemble/_hist_gradient_boosting/grower.py,581
385,ImageMagickBase,matplotlib,Other,matplotlib-3.9.0/lib/matplotlib/animation.py,43
386,Relational,sympy,Other,sympy-sympy-1.12.1/sympy/core/relational.py,472
387,Singleton,sympy,Other,sympy-sympy-1.12.1/sympy/core/singleton.py,38
388,LayoutMap,tfkeras,TensorFlow/Keras,tf-keras-2.16.0/tf_keras/dtensor/layout_map.py,179
389,geom_gen,scipy,Other,scipy-1.13.1/scipy/stats/_discrete_distns.py,70
390,KeyEvent,matplotlib,Other,matplotlib-3.9.0/lib/matplotlib/backend_bases.py,35
391,ScriptInfo,flask,Flask,flask-3.0.3/src/flask/cli.py,66
392,IsotonicRegression,sklearn,scikit-learn,scikit-learn-1.5.0/sklearn/isotonic.py,328
393,GlorotUniform,tfkeras,TensorFlow/Keras,tf-keras-2.16.0/tf_keras/initializers/initializers.py,37
394,HuberRegressor,sklearn,scikit-learn,scikit-learn-1.5.0/sklearn/linear_model/_huber.py,225
395,Parallel,sklearn,scikit-learn,scikit-learn-1.5.0/sklearn/utils/parallel.py,37
396,SplineTransformer,sklearn,scikit-learn,scikit-learn-1.5.0/sklearn/preprocessing/_polynomial.py,594
397,_ProxyLookup,werkzeug,Flask,werkzeug-3.0.3/src/werkzeug/local.py,94
398,Masking,keras,TensorFlow/Keras,keras-3.3.3/keras/src/layers/core/masking.py,67
399,_LeftRightArgs,sympy,Other,sympy-sympy-1.12.1/sympy/matrices/expressions/matexpr.py,134
400,Barbs,matplotlib,Other,matplotlib-3.9.0/lib/matplotlib/quiver.py,314
401,maxwell_gen,scipy,Other,scipy-1.13.1/scipy/stats/_continuous_distns.py,63
402,OutlierMixin,sklearn,scikit-learn,scikit-learn-1.5.0/sklearn/base.py,77
403,mathieusprime,sympy,Other,sympy-sympy-1.12.1/sympy/functions/special/mathieu_functions.py,60
404,hermite,sympy,Other,sympy-sympy-1.12.1/sympy/functions/special/polynomials.py,100
405,CuDNNGRU,tfkeras,TensorFlow/Keras,tf-keras-2.16.0/tf_keras/layers/rnn/cudnn_gru.py,192
406,LambertW,sympy,Other,sympy-sympy-1.12.1/sympy/functions/elementary/exponential.py,155
407,MissingValues,sklearn,scikit-learn,scikit-learn-1.5.0/sklearn/utils/_param_validation.py,43
408,option_context,pandas,Other,pandas-2.2.2/pandas/_config/config.py,31
409,csr_array,scipy,Other,scipy-1.13.1/scipy/sparse/_csr.py,121
410,JSONProvider,flask,Flask,flask-3.0.3/src/flask/json/provider.py,87
411,RK45,scipy,Other,scipy-1.13.1/scipy/integrate/_ivp/rk.py,112
412,PreprocessingLayer,tfkeras,TensorFlow/Keras,tf-keras-2.16.0/tf_keras/engine/base_preprocessing_layer.py,259
413,Policy,tfkeras,TensorFlow/Keras,tf-keras-2.16.0/tf_keras/mixed_precision/policy.py,291
414,Dice,keras,TensorFlow/Keras,keras-3.3.3/keras/src/losses/losses.py,32
415,MelSpectrogram,keras,TensorFlow/Keras,keras-3.3.3/keras/src/layers/preprocessing/audio_preprocessing.py,361
416,WORMTable,pandas,Other,pandas-2.2.2/pandas/io/pytables.py,28
417,StataValueLabel,pandas,Other,pandas-2.2.2/pandas/io/stata.py,119
418,SpatialDropout1D,tfkeras,TensorFlow/Keras,tf-keras-2.16.0/tf_keras/layers/regularization/spatial_dropout1d.py,32
419,FilterMultiInner,networkx,Other,networkx-networkx-3.3/networkx/classes/coreviews.py,39
420,Metropolis,scipy,Other,scipy-1.13.1/scipy/optimize/_basinhopping.py,54
421,_BaseInfo,pandas,Other,pandas-2.2.2/pandas/io/formats/info.py,81
422,SGDOneClassSVM,sklearn,scikit-learn,scikit-learn-1.5.0/sklearn/linear_model/_stochastic_gradient.py,584
423,FontMetrics,matplotlib,Other,matplotlib-3.9.0/lib/matplotlib/_mathtext.py,30
424,LSTMStateTuple,tfkeras,TensorFlow/Keras,tf-keras-2.16.0/tf_keras/layers/rnn/legacy_cells.py,20
425,ELU,tfkeras,TensorFlow/Keras,tf-keras-2.16.0/tf_keras/layers/activation/elu.py,43
426,dirichlet_eta,sympy,Other,sympy-sympy-1.12.1/sympy/functions/special/zeta_functions.py,81
427,CoordSystem,sympy,Other,sympy-sympy-1.12.1/sympy/diffgeom/diffgeom.py,571
428,wishart_gen,scipy,Other,scipy-1.13.1/scipy/stats/_multivariate.py,611
429,RadiusNeighborsTransformer,sklearn,scikit-learn,scikit-learn-1.5.0/sklearn/neighbors/_graph.py,228
430,hn2,sympy,Other,sympy-sympy-1.12.1/sympy/functions/special/bessel.py,54
431,random_correlation_gen,scipy,Other,scipy-1.13.1/scipy/stats/_multivariate.py,218
432,_SeriesInfoPrinter,pandas,Other,pandas-2.2.2/pandas/io/formats/info.py,41
433,format_parser,numpy,Other,numpy-1.26.4/numpy/core/records.py,133
434,JointsMethod,sympy,Other,sympy-sympy-1.12.1/sympy/physics/mechanics/jointsmethod.py,271
435,TorchModuleWrapper,keras,TensorFlow/Keras,keras-3.3.3/keras/src/utils/torch_utils.py,139
436,LecunUniform,keras,TensorFlow/Keras,keras-3.3.3/keras/src/initializers/random_initializers.py,41
437,Client,werkzeug,Flask,werkzeug-3.0.3/src/werkzeug/test.py,428
438,rayleigh_gen,scipy,Other,scipy-1.13.1/scipy/stats/_continuous_distns.py,119
439,_BinaryClassifierCurveDisplayMixin,sklearn,scikit-learn,scikit-learn-1.5.0/sklearn/utils/_plotting.py,52
440,_PCGSolver,networkx,Other,networkx-networkx-3.3/networkx/linalg/algebraicconnectivity.py,55
441,ReLU,keras,TensorFlow/Keras,keras-3.3.3/keras/src/layers/activations/relu.py,79
442,Rescaling,tfkeras,TensorFlow/Keras,tf-keras-2.16.0/tf_keras/layers/preprocessing/image_preprocessing.py,54
443,KerasTensor,keras,TensorFlow/Keras,keras-3.3.3/keras/src/backend/common/keras_tensor.py,284
444,HalfMultinomialLoss,sklearn,scikit-learn,scikit-learn-1.5.0/sklearn/_loss/loss.py,137
445,FalsePositives,keras,TensorFlow/Keras,keras-3.3.3/keras/src/metrics/confusion_metrics.py,41
446,CosineDecay,tfkeras,TensorFlow/Keras,tf-keras-2.16.0/tf_keras/optimizers/schedules/learning_rate_schedule.py,188
447,AssocOp,sympy,Other,sympy-sympy-1.12.1/sympy/core/operations.py,440
448,IntervalDtype,pandas,Other,pandas-2.2.2/pandas/core/dtypes/dtypes.py,266
449,catalan,sympy,Other,sympy-sympy-1.12.1/sympy/functions/combinatorial/numbers.py,137
450,Options,sympy,Other,sympy-sympy-1.12.1/sympy/polys/polyoptions.py,178
451,DirectSumHilbertSpace,sympy,Other,sympy-sympy-1.12.1/sympy/physics/quantum/hilbert.py,108
452,random_table_gen,scipy,Other,scipy-1.13.1/scipy/stats/_multivariate.py,350
453,SeqFormula,sympy,Other,sympy-sympy-1.12.1/sympy/series/sequences.py,114
454,CurvedRefraction,sympy,Other,sympy-sympy-1.12.1/sympy/physics/optics/gaussopt.py,33
455,SecondHypergeometric,sympy,Other,sympy-sympy-1.12.1/sympy/solvers/ode/single.py,84
456,NumpyArrayIterator,tfkeras,TensorFlow/Keras,tf-keras-2.16.0/tf_keras/preprocessing/image.py,201
457,RidgeClassifierCV,sklearn,scikit-learn,scikit-learn-1.5.0/sklearn/linear_model/_ridge.py,218
458,MLPClassifier,sklearn,scikit-learn,scikit-learn-1.5.0/sklearn/neural_network/_multilayer_perceptron.py,497
459,Edmonds,networkx,Other,networkx-networkx-3.3/networkx/algorithms/tree/branchings.py,456
460,tan,sympy,Other,sympy-sympy-1.12.1/sympy/functions/elementary/trigonometric.py,334
461,BernoulliNB,sklearn,scikit-learn,scikit-learn-1.5.0/sklearn/naive_bayes.py,168
462,Environment,jinja,Flask,jinja-3.1.4/src/jinja2/environment.py,987
463,_TestPythranFunc,scipy,Other,scipy-1.13.1/scipy/_lib/_testutils.py,70
464,LogFormatter,matplotlib,Other,matplotlib-3.9.0/lib/matplotlib/ticker.py,213
465,PrismaticJoint,sympy,Other,sympy-sympy-1.12.1/sympy/physics/mechanics/joint.py,261
466,StataWriter117,pandas,Other,pandas-2.2.2/pandas/io/stata.py,379
467,QuadContourSet,matplotlib,Other,matplotlib-3.9.0/lib/matplotlib/contour.py,178
468,SparseCategoricalAccuracy,keras,TensorFlow/Keras,keras-3.3.3/keras/src/metrics/accuracy_metrics.py,51
469,RFE,sklearn,scikit-learn,scikit-learn-1.5.0/sklearn/feature_selection/_rfe.py,411
470,_ExponentialModel,scipy,Other,scipy-1.13.1/scipy/odr/_models.py,28
471,VerboseReporter,sklearn,scikit-learn,scikit-learn-1.5.0/sklearn/ensemble/_gb.py,77
472,SwapEMAWeights,keras,TensorFlow/Keras,keras-3.3.3/keras/src/callbacks/swap_ema_weights.py,173
473,Lion,keras,TensorFlow/Keras,keras-3.3.3/keras/src/optimizers/lion.py,131
474,Constant,tfkeras,TensorFlow/Keras,tf-keras-2.16.0/tf_keras/initializers/initializers.py,60
475,lambdify,sympy,Other,sympy-sympy-1.12.1/sympy/plotting/experimental_lambdify.py,48
476,AdditiveAttention,tfkeras,TensorFlow/Keras,tf-keras-2.16.0/tf_keras/layers/attention/additive_attention.py,147
477,FalsePositives,tfkeras,TensorFlow/Keras,tf-keras-2.16.0/tf_keras/metrics/confusion_metrics.py,58
478,TWave,sympy,Other,sympy-sympy-1.12.1/sympy/physics/optics/waves.py,314
479,RandomBrightness,keras,TensorFlow/Keras,keras-3.3.3/keras/src/layers/preprocessing/random_brightness.py,158
480,PatchExtractor,sklearn,scikit-learn,scikit-learn-1.5.0/sklearn/feature_extraction/image.py,158
481,_BaseFeaturesLayer,tfkeras,TensorFlow/Keras,tf-keras-2.16.0/tf_keras/feature_column/base_feature_layer.py,122
482,MultiCursor,matplotlib,Other,matplotlib-3.9.0/lib/matplotlib/widgets.py,130
483,ExtensionScalarOpsMixin,pandas,Other,pandas-2.2.2/pandas/core/arrays/base.py,114
484,DiskIOStore,tfkeras,TensorFlow/Keras,tf-keras-2.16.0/tf_keras/saving/saving_lib.py,55
485,SessionInterface,flask,Flask,flask-3.0.3/src/flask/sessions.py,163
486,PytestTester,numpy,Other,numpy-1.26.4/numpy/_pytesttester.py,162
487,RequestCacheControl,werkzeug,Flask,werkzeug-3.0.3/src/werkzeug/datastructures/cache_control.py,21
488,BlockDiagMatrix,sympy,Other,sympy-sympy-1.12.1/sympy/matrices/expressions/blockmatrix.py,121
489,ExtendedNonPositivePredicate,sympy,Other,sympy-sympy-1.12.1/sympy/assumptions/predicates/order.py,26
490,TimeDistributed,keras,TensorFlow/Keras,keras-3.3.3/keras/src/layers/rnn/time_distributed.py,105
491,StackedRNNCells,tfkeras,TensorFlow/Keras,tf-keras-2.16.0/tf_keras/layers/rnn/stacked_rnn_cells.py,183
492,SharedObjectLoadingScope,keras,TensorFlow/Keras,keras-3.3.3/keras/src/legacy/saving/serialization.py,43
493,Dot,tfkeras,TensorFlow/Keras,tf-keras-2.16.0/tf_keras/layers/merging/dot.py,177
494,LogCoshError,keras,TensorFlow/Keras,keras-3.3.3/keras/src/metrics/regression_metrics.py,44
495,MapWrapper,scipy,Other,scipy-1.13.1/scipy/_lib/_util.py,72
496,ComplementNB,sklearn,scikit-learn,scikit-learn-1.5.0/sklearn/naive_bayes.py,151
497,SpecificityAtSensitivity,keras,TensorFlow/Keras,keras-3.3.3/keras/src/metrics/confusion_metrics.py,101
498,FileSystemLoader,jinja,Flask,jinja-3.1.4/src/jinja2/loaders.py,87
499,coo_array,scipy,Other,scipy-1.13.1/scipy/sparse/_coo.py,109
500,_CFSubcluster,sklearn,scikit-learn,scikit-learn-1.5.0/sklearn/cluster/_birch.py,93
501,AlphaDropout,tfkeras,TensorFlow/Keras,tf-keras-2.16.0/tf_keras/layers/regularization/alpha_dropout.py,76
502,gausshyper_gen,scipy,Other,scipy-1.13.1/scipy/stats/_continuous_distns.py,54
503,FigureManagerBase,matplotlib,Other,matplotlib-3.9.0/lib/matplotlib/backend_bases.py,205
504,Reshape,keras,TensorFlow/Keras,keras-3.3.3/keras/src/layers/reshaping/reshape.py,65
505,_RemainderColsList,sklearn,scikit-learn,scikit-learn-1.5.0/sklearn/compose/_column_transformer.py,83
506,IntegerLookup,keras,TensorFlow/Keras,keras-3.3.3/keras/src/layers/preprocessing/integer_lookup.py,395
507,Minimum,tfkeras,TensorFlow/Keras,tf-keras-2.16.0/tf_keras/layers/merging/minimum.py,27
508,Coset,sympy,Other,sympy-sympy-1.12.1/sympy/combinatorics/perm_groups.py,118
509,_RNNCellWrapperV1,tfkeras,TensorFlow/Keras,tf-keras-2.16.0/tf_keras/layers/rnn/legacy_cell_wrappers.py,97
510,KLDivergence,tfkeras,TensorFlow/Keras,tf-keras-2.16.0/tf_keras/metrics/probabilistic_metrics.py,35
511,Buffer,pandas,Other,pandas-2.2.2/pandas/core/interchange/dataframe_protocol.py,51
512,_EagerVariableStore,tfkeras,TensorFlow/Keras,tf-keras-2.16.0/tf_keras/legacy_tf_layers/variable_scope_shim.py,492
513,Exp1,sympy,Other,sympy-sympy-1.12.1/sympy/core/numbers.py,151
514,bsr_matrix,scipy,Other,scipy-1.13.1/scipy/sparse/_bsr.py,105
515,_TensorManager,sympy,Other,sympy-sympy-1.12.1/sympy/tensor/tensor.py,160
516,SwapGate,sympy,Other,sympy-sympy-1.12.1/sympy/physics/quantum/gate.py,65
517,Lambda,sympy,Other,sympy-sympy-1.12.1/sympy/core/function.py,158
518,Variable,sympy,Other,sympy-sympy-1.12.1/sympy/codegen/ast.py,147
519,MethodMetadataRequest,sklearn,scikit-learn,scikit-learn-1.5.0/sklearn/utils/_metadata_requests.py,225
520,RidgeCV,sklearn,scikit-learn,scikit-learn-1.5.0/sklearn/linear_model/_ridge.py,187
521,_DummyEagerGraph,tfkeras,TensorFlow/Keras,tf-keras-2.16.0/tf_keras/backend.py,29
522,StackingClassifier,sklearn,scikit-learn,scikit-learn-1.5.0/sklearn/ensemble/_stacking.py,380
523,PredictionErrorDisplay,sklearn,scikit-learn,scikit-learn-1.5.0/sklearn/metrics/_plot/regression.py,398
524,OrderedEnqueuer,tfkeras,TensorFlow/Keras,tf-keras-2.16.0/tf_keras/utils/data_utils.py,92
525,MeanSquaredLogarithmicError,keras,TensorFlow/Keras,keras-3.3.3/keras/src/losses/losses.py,27
526,arg,sympy,Other,sympy-sympy-1.12.1/sympy/functions/elementary/complexes.py,95
527,FastGeneratorInversion,scipy,Other,scipy-1.13.1/scipy/stats/_sampling.py,700
528,GlorotUniform,keras,TensorFlow/Keras,keras-3.3.3/keras/src/initializers/random_initializers.py,41
529,GaussianDropout,keras,TensorFlow/Keras,keras-3.3.3/keras/src/layers/regularization/gaussian_dropout.py,53
530,MeanSquaredLogarithmicError,tfkeras,TensorFlow/Keras,tf-keras-2.16.0/tf_keras/metrics/regression_metrics.py,34
531,NMF,sklearn,scikit-learn,scikit-learn-1.5.0/sklearn/decomposition/_nmf.py,437
532,_TransformedBoundsLocator,matplotlib,Other,matplotlib-3.9.0/lib/matplotlib/axes/_base.py,23
533,PolynomialFeatures,sklearn,scikit-learn,scikit-learn-1.5.0/sklearn/preprocessing/_polynomial.py,479
534,WienerProcess,sympy,Other,sympy-sympy-1.12.1/sympy/stats/stochastic_process_types.py,57
535,PoissonProcess,sympy,Other,sympy-sympy-1.12.1/sympy/stats/stochastic_process_types.py,100
536,expm1,sympy,Other,sympy-sympy-1.12.1/sympy/codegen/cfunctions.py,59
537,SDM,sympy,Other,sympy-sympy-1.12.1/sympy/polys/matrices/sdm.py,843
538,lerchphi,sympy,Other,sympy-sympy-1.12.1/sympy/functions/special/zeta_functions.py,192
539,Progbar,keras,TensorFlow/Keras,keras-3.3.3/keras/src/utils/progbar.py,258
540,FlaxLayer,keras,TensorFlow/Keras,keras-3.3.3/keras/src/utils/jax_layer.py,232
541,_BaseHeterogeneousEnsemble,sklearn,scikit-learn,scikit-learn-1.5.0/sklearn/ensemble/_base.py,124
542,Recall,tfkeras,TensorFlow/Keras,tf-keras-2.16.0/tf_keras/metrics/confusion_metrics.py,143
543,PackageLoader,jinja,Flask,jinja-3.1.4/src/jinja2/loaders.py,164
544,Const,jinja,Flask,jinja-3.1.4/src/jinja2/nodes.py,29
545,BiclusterMixin,sklearn,scikit-learn,scikit-learn-1.5.0/sklearn/base.py,101
546,FigureManagerQT,matplotlib,Other,matplotlib-3.9.0/lib/matplotlib/backends/backend_qt.py,113
547,multivariate_hypergeom_gen,scipy,Other,scipy-1.13.1/scipy/stats/_multivariate.py,402
548,AxisError,numpy,Other,numpy-1.26.4/numpy/exceptions.py,89
549,SelectFdr,sklearn,scikit-learn,scikit-learn-1.5.0/sklearn/feature_selection/_univariate_selection.py,89
550,name_scope,keras,TensorFlow/Keras,keras-3.3.3/keras/src/backend/common/name_scope.py,58
551,SparsePCA,sklearn,scikit-learn,scikit-learn-1.5.0/sklearn/decomposition/_sparse_pca.py,178
552,Config,flask,Flask,flask-3.0.3/src/flask/config.py,321
553,CubicThue,sympy,Other,sympy-sympy-1.12.1/sympy/solvers/diophantine/diophantine.py,25
554,MeanShift,sklearn,scikit-learn,scikit-learn-1.5.0/sklearn/cluster/_mean_shift.py,274
555,SidecarEvaluator,tfkeras,TensorFlow/Keras,tf-keras-2.16.0/tf_keras/utils/sidecar_evaluator.py,266
556,Equivalent,sympy,Other,sympy-sympy-1.12.1/sympy/logic/boolalg.py,82
557,skellam_gen,scipy,Other,scipy-1.13.1/scipy/stats/_discrete_distns.py,61
558,LossScaleOptimizerMetaclass,tfkeras,TensorFlow/Keras,tf-keras-2.16.0/tf_keras/mixed_precision/loss_scale_optimizer.py,29
559,Module,sympy,Other,sympy-sympy-1.12.1/sympy/polys/numberfields/modules.py,492
560,ExponentialLoss,sklearn,scikit-learn,scikit-learn-1.5.0/sklearn/_loss/loss.py,71
561,TransformedTargetRegressor,sklearn,scikit-learn,scikit-learn-1.5.0/sklearn/compose/_target.py,329
562,ShuffleSplit,sklearn,scikit-learn,scikit-learn-1.5.0/sklearn/model_selection/_split.py,102
563,KBinsDiscretizer,sklearn,scikit-learn,scikit-learn-1.5.0/sklearn/preprocessing/_discretization.py,440
564,MeanSquaredLogarithmicError,keras,TensorFlow/Keras,keras-3.3.3/keras/src/metrics/regression_metrics.py,44
565,SeqMul,sympy,Other,sympy-sympy-1.12.1/sympy/series/sequences.py,114
566,NullArrayProxy,pandas,Other,pandas-2.2.2/pandas/core/internals/array_manager.py,45
567,Identity,sympy,Other,sympy-sympy-1.12.1/sympy/matrices/expressions/special.py,68
568,ValidationCurveDisplay,sklearn,scikit-learn,scikit-learn-1.5.0/sklearn/model_selection/_plot.py,371
569,EvenPredicate,sympy,Other,sympy-sympy-1.12.1/sympy/assumptions/predicates/ntheory.py,26
570,zipf_gen,scipy,Other,scipy-1.13.1/scipy/stats/_discrete_distns.py,64
571,_AntiGraph,networkx,Other,networkx-networkx-3.3/networkx/algorithms/approximation/kcomponents.py,173
572,SparseDtype,pandas,Other,pandas-2.2.2/pandas/core/dtypes/dtypes.py,433
573,Attention,tfkeras,TensorFlow/Keras,tf-keras-2.16.0/tf_keras/layers/attention/attention.py,174
574,StataMissingValue,pandas,Other,pandas-2.2.2/pandas/io/stata.py,132
575,Optimizer,tfkeras,TensorFlow/Keras,tf-keras-2.16.0/tf_keras/optimizers/optimizer_v1.py,134
576,LossesContainer,tfkeras,TensorFlow/Keras,tf-keras-2.16.0/tf_keras/engine/compile_utils.py,272
577,StringLookup,keras,TensorFlow/Keras,keras-3.3.3/keras/src/layers/preprocessing/string_lookup.py,384
578,BinaryAccuracy,keras,TensorFlow/Keras,keras-3.3.3/keras/src/metrics/accuracy_metrics.py,59
579,use,sympy,Other,sympy-sympy-1.12.1/sympy/codegen/fnodes.py,21
580,Repository,numpy,Other,numpy-1.26.4/numpy/lib/_datasource.py,169
581,Trace,sympy,Other,sympy-sympy-1.12.1/sympy/matrices/expressions/trace.py,139
582,L1L2,keras,TensorFlow/Keras,keras-3.3.3/keras/src/regularizers/regularizers.py,42
583,SVR,sklearn,scikit-learn,scikit-learn-1.5.0/sklearn/svm/_classes.py,199
584,TFOpLambda,tfkeras,TensorFlow/Keras,tf-keras-2.16.0/tf_keras/layers/core/tf_op_layer.py,156
585,Point3D,sympy,Other,sympy-sympy-1.12.1/sympy/geometry/point.py,306
586,ChainableUndefined,jinja,Flask,jinja-3.1.4/src/jinja2/runtime.py,25
587,Normalizer,sklearn,scikit-learn,scikit-learn-1.5.0/sklearn/preprocessing/_data.py,128
588,AffinityPropagation,sklearn,scikit-learn,scikit-learn-1.5.0/sklearn/cluster/_affinity_propagation.py,293
589,gamma_gen,scipy,Other,scipy-1.13.1/scipy/stats/_continuous_distns.py,206
590,BroydenFirst,scipy,Other,scipy-1.13.1/scipy/optimize/_nonlin.py,112
591,SquaredHinge,keras,TensorFlow/Keras,keras-3.3.3/keras/src/metrics/hinge_metrics.py,30
592,TopKCategoricalAccuracy,keras,TensorFlow/Keras,keras-3.3.3/keras/src/metrics/accuracy_metrics.py,46
593,InstanceProperty,tfkeras,TensorFlow/Keras,tf-keras-2.16.0/tf_keras/layers/core/tf_op_layer.py,49
594,_BaseDiscreteNB,sklearn,scikit-learn,scikit-learn-1.5.0/sklearn/naive_bayes.py,253
595,Sum,keras,TensorFlow/Keras,keras-3.3.3/keras/src/metrics/reduction_metrics.py,46
596,Wrapper,keras,TensorFlow/Keras,keras-3.3.3/keras/src/layers/core/wrapper.py,41
597,RandomGenerator,tfkeras,TensorFlow/Keras,tf-keras-2.16.0/tf_keras/backend.py,290
598,Iterator,tfkeras,TensorFlow/Keras,tf-keras-2.16.0/tf_keras/preprocessing/image.py,120
599,FigureManagerTk,matplotlib,Other,matplotlib-3.9.0/lib/matplotlib/backends/_backend_tk.py,156
600,BaseLossScaleOptimizer,tfkeras,TensorFlow/Keras,tf-keras-2.16.0/tf_keras/mixed_precision/loss_scale_optimizer.py,225
601,ReloadedLayer,tfkeras,TensorFlow/Keras,tf-keras-2.16.0/tf_keras/export/export_lib.py,125
602,HeaderSet,werkzeug,Flask,werkzeug-3.0.3/src/werkzeug/datastructures/structures.py,148
603,DummyClassifier,sklearn,scikit-learn,scikit-learn-1.5.0/sklearn/dummy.py,428
604,ReLU,tfkeras,TensorFlow/Keras,tf-keras-2.16.0/tf_keras/layers/activation/relu.py,98
605,Ufunc,scipy,Other,scipy-1.13.1/scipy/special/_generate_pyx.py,138
606,HomogeneousTernaryQuadratic,sympy,Other,sympy-sympy-1.12.1/sympy/solvers/diophantine/diophantine.py,143
607,SliceAggregator,tfkeras,TensorFlow/Keras,tf-keras-2.16.0/tf_keras/engine/training_utils_v1.py,103
608,Parser,matplotlib,Other,matplotlib-3.9.0/lib/matplotlib/_mathtext.py,1048
609,DictVectorizer,sklearn,scikit-learn,scikit-learn-1.5.0/sklearn/feature_extraction/_dict_vectorizer.py,435
610,special_ortho_group_gen,scipy,Other,scipy-1.13.1/scipy/stats/_multivariate.py,159
611,no_attrs_in_subclass,sympy,Other,sympy-sympy-1.12.1/sympy/utilities/decorator.py,29
612,TaggedJSONSerializer,flask,Flask,flask-3.0.3/src/flask/json/tag.py,109
613,VotingClassifier,sklearn,scikit-learn,scikit-learn-1.5.0/sklearn/ensemble/_voting.py,354
614,KNeighborsRegressor,sklearn,scikit-learn,scikit-learn-1.5.0/sklearn/neighbors/_regression.py,244
615,ExtraTreeRegressor,sklearn,scikit-learn,scikit-learn-1.5.0/sklearn/tree/_classes.py,242
616,MGridClass,numpy,Other,numpy-1.26.4/numpy/lib/index_tricks.py,46
617,L2,sympy,Other,sympy-sympy-1.12.1/sympy/physics/quantum/hilbert.py,50
618,StixFonts,matplotlib,Other,matplotlib-3.9.0/lib/matplotlib/_mathtext.py,113
619,RandomRotation,tfkeras,TensorFlow/Keras,tf-keras-2.16.0/tf_keras/layers/preprocessing/image_preprocessing.py,139
620,Adadelta,tfkeras,TensorFlow/Keras,tf-keras-2.16.0/tf_keras/optimizers/optimizer_v1.py,100
621,BaseOptimizer,sklearn,scikit-learn,scikit-learn-1.5.0/sklearn/neural_network/_stochastic_optimizers.py,61
622,JaxLayer,keras,TensorFlow/Keras,keras-3.3.3/keras/src/utils/jax_layer.py,427
623,LayerRNNCell,tfkeras,TensorFlow/Keras,tf-keras-2.16.0/tf_keras/layers/rnn/legacy_cells.py,41
624,Progbar,tfkeras,TensorFlow/Keras,tf-keras-2.16.0/tf_keras/utils/generic_utils.py,263
625,MinimalTransformer,sklearn,scikit-learn,scikit-learn-1.5.0/sklearn/utils/_testing.py,34
626,RandomSymbol,sympy,Other,sympy-sympy-1.12.1/sympy/stats/rv.py,67
627,SGDClassifier,sklearn,scikit-learn,scikit-learn-1.5.0/sklearn/linear_model/_stochastic_gradient.py,447
628,Node,tfkeras,TensorFlow/Keras,tf-keras-2.16.0/tf_keras/engine/node.py,275
629,IntegerLookup,tfkeras,TensorFlow/Keras,tf-keras-2.16.0/tf_keras/layers/preprocessing/integer_lookup.py,427
630,IndexedIntegral,sympy,Other,sympy-sympy-1.12.1/sympy/sandbox/indexed_integrals.py,65
631,RendererTemplate,matplotlib,Other,matplotlib-3.9.0/lib/matplotlib/backends/backend_template.py,64
632,Adam,tfkeras,TensorFlow/Keras,tf-keras-2.16.0/tf_keras/optimizers/legacy/adam.py,245
633,invweibull_gen,scipy,Other,scipy-1.13.1/scipy/stats/_continuous_distns.py,65
634,GroupNormalization,keras,TensorFlow/Keras,keras-3.3.3/keras/src/layers/normalization/group_normalization.py,209
635,_PLS,sklearn,scikit-learn,scikit-learn-1.5.0/sklearn/cross_decomposition/_pls.py,361
636,_axis_method_wrapper,matplotlib,Other,matplotlib-3.9.0/lib/matplotlib/axes/_base.py,59
637,OmegaPower,sympy,Other,sympy-sympy-1.12.1/sympy/sets/ordinals.py,49
638,Accept,werkzeug,Flask,werkzeug-3.0.3/src/werkzeug/datastructures/accept.py,170
639,FixedThresholdClassifier,sklearn,scikit-learn,scikit-learn-1.5.0/sklearn/model_selection/_classification_threshold.py,178
640,RandomNormal,keras,TensorFlow/Keras,keras-3.3.3/keras/src/initializers/random_initializers.py,49
641,RandomWidth,tfkeras,TensorFlow/Keras,tf-keras-2.16.0/tf_keras/layers/preprocessing/image_preprocessing.py,111
642,Shi,sympy,Other,sympy-sympy-1.12.1/sympy/functions/special/error_functions.py,104
643,Adam,keras,TensorFlow/Keras,keras-3.3.3/keras/src/optimizers/adam.py,156
644,RiccatiSpecial,sympy,Other,sympy-sympy-1.12.1/sympy/solvers/ode/single.py,62
645,SpatialDropout2D,keras,TensorFlow/Keras,keras-3.3.3/keras/src/layers/regularization/spatial_dropout.py,59
646,SimpleImputer,sklearn,scikit-learn,scikit-learn-1.5.0/sklearn/impute/_base.py,586
647,KNeighborsTransformer,sklearn,scikit-learn,scikit-learn-1.5.0/sklearn/neighbors/_graph.py,231
648,Matern,sklearn,scikit-learn,scikit-learn-1.5.0/sklearn/gaussian_process/kernels.py,198
649,Layer,tfkeras,TensorFlow/Keras,tf-keras-2.16.0/tf_keras/legacy_tf_layers/base.py,497
650,DropoutRNNCell,keras,TensorFlow/Keras,keras-3.3.3/keras/src/layers/rnn/dropout_rnn_cell.py,49
651,SpatialDropout1D,keras,TensorFlow/Keras,keras-3.3.3/keras/src/layers/regularization/spatial_dropout.py,37
652,TunedThresholdClassifierCV,sklearn,scikit-learn,scikit-learn-1.5.0/sklearn/model_selection/_classification_threshold.py,385
653,sign,sympy,Other,sympy-sympy-1.12.1/sympy/functions/elementary/complexes.py,179
654,DataAdapter,tfkeras,TensorFlow/Keras,tf-keras-2.16.0/tf_keras/engine/data_adapter.py,158
655,Iterator,keras,TensorFlow/Keras,keras-3.3.3/keras/src/legacy/preprocessing/image.py,103
656,ImpliedDoLoop,sympy,Other,sympy-sympy-1.12.1/sympy/codegen/fnodes.py,22
657,IrrationalPredicate,sympy,Other,sympy-sympy-1.12.1/sympy/assumptions/predicates/sets.py,35
658,Aggregator,tfkeras,TensorFlow/Keras,tf-keras-2.16.0/tf_keras/engine/training_utils_v1.py,47
659,OneToOneFeatureMixin,sklearn,scikit-learn,scikit-learn-1.5.0/sklearn/base.py,41
660,polygamma,sympy,Other,sympy-sympy-1.12.1/sympy/functions/special/gamma_functions.py,299
661,FontConstantsBase,matplotlib,Other,matplotlib-3.9.0/lib/matplotlib/_mathtext.py,34
662,hn1,sympy,Other,sympy-sympy-1.12.1/sympy/functions/special/bessel.py,54
663,Type1Font,matplotlib,Other,matplotlib-3.9.0/lib/matplotlib/_type1font.py,453
664,Ftrl,tfkeras,TensorFlow/Keras,tf-keras-2.16.0/tf_keras/optimizers/legacy/ftrl.py,280
665,TensorProductHilbertSpace,sympy,Other,sympy-sympy-1.12.1/sympy/physics/quantum/hilbert.py,155
666,Animation,matplotlib,Other,matplotlib-3.9.0/lib/matplotlib/animation.py,550
667,Average,tfkeras,TensorFlow/Keras,tf-keras-2.16.0/tf_keras/layers/merging/average.py,34
668,TruePositives,keras,TensorFlow/Keras,keras-3.3.3/keras/src/metrics/confusion_metrics.py,41
669,Partition,sympy,Other,sympy-sympy-1.12.1/sympy/combinatorics/partitions.py,291
670,RectSphereBivariateSpline,scipy,Other,scipy-1.13.1/scipy/interpolate/_fitpack2.py,234
671,HeNormal,tfkeras,TensorFlow/Keras,tf-keras-2.16.0/tf_keras/initializers/initializers.py,37
672,ConvLSTMCell,tfkeras,TensorFlow/Keras,tf-keras-2.16.0/tf_keras/layers/rnn/base_conv_lstm.py,327
673,FloatingDtype,pandas,Other,pandas-2.2.2/pandas/core/arrays/floating.py,38
674,LedoitWolf,sklearn,scikit-learn,scikit-learn-1.5.0/sklearn/covariance/_shrunk_covariance.py,143
675,ClassMethod,tfkeras,TensorFlow/Keras,tf-keras-2.16.0/tf_keras/layers/core/tf_op_layer.py,75
676,ExpectationMatrix,sympy,Other,sympy-sympy-1.12.1/sympy/stats/symbolic_multivariate_probability.py,98
677,FreeGroup,sympy,Other,sympy-sympy-1.12.1/sympy/combinatorics/free_groups.py,221
678,PiecewiseConstantDecay,keras,TensorFlow/Keras,keras-3.3.3/keras/src/optimizers/schedules/learning_rate_schedule.py,114
679,RandomContrast,tfkeras,TensorFlow/Keras,tf-keras-2.16.0/tf_keras/layers/preprocessing/image_preprocessing.py,90
680,ModuleLoader,jinja,Flask,jinja-3.1.4/src/jinja2/loaders.py,77
681,Normalization,keras,TensorFlow/Keras,keras-3.3.3/keras/src/layers/preprocessing/normalization.py,324
682,Derivative,sympy,Other,sympy-sympy-1.12.1/sympy/core/function.py,882
683,TreeNode,sklearn,scikit-learn,scikit-learn-1.5.0/sklearn/ensemble/_hist_gradient_boosting/grower.py,116
684,HistGradientBoostingClassifier,sklearn,scikit-learn,scikit-learn-1.5.0/sklearn/ensemble/_hist_gradient_boosting/gradient_boosting.py,481
685,Separable,sympy,Other,sympy-sympy-1.12.1/sympy/solvers/ode/single.py,94
686,AlgebraicPredicate,sympy,Other,sympy-sympy-1.12.1/sympy/assumptions/predicates/sets.py,33
687,AsinhNorm,matplotlib,Other,matplotlib-3.9.0/lib/matplotlib/colors.py,27
688,NetworkXConfig,networkx,Other,networkx-networkx-3.3/networkx/utils/configs.py,70
689,Wrapper,tfkeras,TensorFlow/Keras,tf-keras-2.16.0/tf_keras/layers/rnn/base_wrapper.py,61
690,BaseLogger,tfkeras,TensorFlow/Keras,tf-keras-2.16.0/tf_keras/callbacks.py,47
691,EmptySet,sympy,Other,sympy-sympy-1.12.1/sympy/sets/sets.py,72
692,AdamW,keras,TensorFlow/Keras,keras-3.3.3/keras/src/optimizers/adamw.py,89
693,MultiOutputRegressor,sklearn,scikit-learn,scikit-learn-1.5.0/sklearn/multioutput.py,101
694,RegressorMixin,sklearn,scikit-learn,scikit-learn-1.5.0/sklearn/base.py,83
695,Akima1DInterpolator,scipy,Other,scipy-1.13.1/scipy/interpolate/_cubic.py,178
696,Or,sympy,Other,sympy-sympy-1.12.1/sympy/logic/boolalg.py,104
697,HashingVectorizer,sklearn,scikit-learn,scikit-learn-1.5.0/sklearn/feature_extraction/text.py,357
698,NeighborhoodComponentsAnalysis,sklearn,scikit-learn,scikit-learn-1.5.0/sklearn/neighbors/_nca.py,496
699,MaskedIterator,numpy,Other,numpy-1.26.4/numpy/ma/core.py,106
700,halflogistic_gen,scipy,Other,scipy-1.13.1/scipy/stats/_continuous_distns.py,122
701,MaxNorm,keras,TensorFlow/Keras,keras-3.3.3/keras/src/constraints/constraints.py,36
702,adjoint,sympy,Other,sympy-sympy-1.12.1/sympy/functions/elementary/complexes.py,60
703,Qasm,sympy,Other,sympy-sympy-1.12.1/sympy/physics/quantum/qasm.py,110
704,foldcauchy_gen,scipy,Other,scipy-1.13.1/scipy/stats/_continuous_distns.py,46
705,BinaryIoU,keras,TensorFlow/Keras,keras-3.3.3/keras/src/metrics/iou_metrics.py,119
706,MinimalRegressor,sklearn,scikit-learn,scikit-learn-1.5.0/sklearn/utils/_testing.py,38
707,RigidBody,sympy,Other,sympy-sympy-1.12.1/sympy/physics/mechanics/rigidbody.py,358
708,Ynm,sympy,Other,sympy-sympy-1.12.1/sympy/functions/special/spherical_harmonics.py,207
709,principal_branch,sympy,Other,sympy-sympy-1.12.1/sympy/functions/elementary/complexes.py,103
710,Adafactor,keras,TensorFlow/Keras,keras-3.3.3/keras/src/optimizers/adafactor.py,196
711,PReLU,tfkeras,TensorFlow/Keras,tf-keras-2.16.0/tf_keras/layers/activation/prelu.py,94
712,Grouper,matplotlib,Other,matplotlib-3.9.0/lib/matplotlib/cbook.py,113
713,ConvLSTM1D,keras,TensorFlow/Keras,keras-3.3.3/keras/src/layers/rnn/conv_lstm1d.py,179
714,KLDivergence,tfkeras,TensorFlow/Keras,tf-keras-2.16.0/tf_keras/losses.py,59
715,InverseTimeDecay,tfkeras,TensorFlow/Keras,tf-keras-2.16.0/tf_keras/optimizers/schedules/learning_rate_schedule.py,105
716,multinomial_gen,scipy,Other,scipy-1.13.1/scipy/stats/_multivariate.py,328
717,MaxNorm,tfkeras,TensorFlow/Keras,tf-keras-2.16.0/tf_keras/constraints.py,39
718,L1L2,tfkeras,TensorFlow/Keras,tf-keras-2.16.0/tf_keras/regularizers.py,43
719,GaussianIntegerRing,sympy,Other,sympy-sympy-1.12.1/sympy/polys/domains/gaussiandomains.py,150
720,Model,keras,TensorFlow/Keras,keras-3.3.3/keras/src/models/model.py,516
721,Naturals0,sympy,Other,sympy-sympy-1.12.1/sympy/sets/fancysets.py,25
722,LSTMCell,tfkeras,TensorFlow/Keras,tf-keras-2.16.0/tf_keras/layers/rnn/lstm.py,335
723,LarsCV,sklearn,scikit-learn,scikit-learn-1.5.0/sklearn/linear_model/_least_angle.py,312
724,ResponseCacheControl,werkzeug,Flask,werkzeug-3.0.3/src/werkzeug/datastructures/cache_control.py,28
725,ImageDataGenerator,tfkeras,TensorFlow/Keras,tf-keras-2.16.0/tf_keras/preprocessing/image.py,979
726,CCA,sklearn,scikit-learn,scikit-learn-1.5.0/sklearn/cross_decomposition/_pls.py,108
727,Initializer,keras,TensorFlow/Keras,keras-3.3.3/keras/src/initializers/initializer.py,80
728,Cursor,matplotlib,Other,matplotlib-3.9.0/lib/matplotlib/widgets.py,85
729,StringArray,pandas,Other,pandas-2.2.2/pandas/core/arrays/string_.py,383
730,Bunch,sklearn,scikit-learn,scikit-learn-1.5.0/sklearn/utils/_bunch.py,64
731,StratifiedShuffleSplit,sklearn,scikit-learn,scikit-learn-1.5.0/sklearn/model_selection/_split.py,200
732,Cycler,jinja,Flask,jinja-3.1.4/src/jinja2/utils.py,52
733,LinearVectorFunction,scipy,Other,scipy-1.13.1/scipy/optimize/_differentiable_functions.py,58
734,LearningRateSchedule,keras,TensorFlow/Keras,keras-3.3.3/keras/src/optimizers/schedules/learning_rate_schedule.py,66
735,OrthogonalMatchingPursuit,sklearn,scikit-learn,scikit-learn-1.5.0/sklearn/linear_model/_omp.py,172
736,hermite_prob,sympy,Other,sympy-sympy-1.12.1/sympy/functions/special/polynomials.py,95
737,powerlaw_gen,scipy,Other,scipy-1.13.1/scipy/stats/_continuous_distns.py,280
738,Request,flask,Flask,flask-3.0.3/src/flask/wrappers.py,119
739,BaggingRegressor,sklearn,scikit-learn,scikit-learn-1.5.0/sklearn/ensemble/_bagging.py,265
740,ConvLSTM1D,tfkeras,TensorFlow/Keras,tf-keras-2.16.0/tf_keras/layers/rnn/conv_lstm1d.py,165
741,LinearConstraint,scipy,Other,scipy-1.13.1/scipy/optimize/_constraints.py,98
742,SelectFromModel,sklearn,scikit-learn,scikit-learn-1.5.0/sklearn/feature_selection/_from_model.py,430
743,Product,sympy,Other,sympy-sympy-1.12.1/sympy/concrete/products.py,549
744,Array,numpy,Other,numpy-1.26.4/numpy/array_api/_array_object.py,1089
745,assoc_legendre,sympy,Other,sympy-sympy-1.12.1/sympy/functions/special/polynomials.py,111
746,DiffCache,sympy,Other,sympy-sympy-1.12.1/sympy/integrals/heurisch.py,47
747,EllipticCurvePoint,sympy,Other,sympy-sympy-1.12.1/sympy/ntheory/elliptic_curve.py,132
748,WideDeepModel,tfkeras,TensorFlow/Keras,tf-keras-2.16.0/tf_keras/premade_models/wide_deep.py,203
749,DisjointSet,scipy,Other,scipy-1.13.1/scipy/_lib/_disjoint_set.py,249
750,DetCurveDisplay,sklearn,scikit-learn,scikit-learn-1.5.0/sklearn/metrics/_plot/det_curve.py,326
751,UGate,sympy,Other,sympy-sympy-1.12.1/sympy/physics/quantum/gate.py,83
752,PyMetric,tfkeras,TensorFlow/Keras,tf-keras-2.16.0/tf_keras/metrics/py_metric.py,166
753,FontManager,matplotlib,Other,matplotlib-3.9.0/lib/matplotlib/font_manager.py,496
754,Adam,tfkeras,TensorFlow/Keras,tf-keras-2.16.0/tf_keras/optimizers/adam.py,197
755,JzKetCoupled,sympy,Other,sympy-sympy-1.12.1/sympy/physics/quantum/spin.py,136
756,Zero,sympy,Other,sympy-sympy-1.12.1/sympy/core/numbers.py,66
757,Line3D,matplotlib,Other,matplotlib-3.9.0/lib/mpl_toolkits/mplot3d/art3d.py,91
758,Function,keras,TensorFlow/Keras,keras-3.3.3/keras/src/ops/function.py,184
759,Resolvent,sympy,Other,sympy-sympy-1.12.1/sympy/polys/numberfields/galois_resolvents.py,378
760,CTC,keras,TensorFlow/Keras,keras-3.3.3/keras/src/losses/losses.py,28
761,SpanningTreeIterator,networkx,Other,networkx-networkx-3.3/networkx/algorithms/tree/mst.py,167
762,vonmises_fisher_gen,scipy,Other,scipy-1.13.1/scipy/stats/_multivariate.py,598
763,enable_auto_cast_variables,tfkeras,TensorFlow/Keras,tf-keras-2.16.0/tf_keras/mixed_precision/autocast_variable.py,20
764,InconsistentVersionWarning,sklearn,scikit-learn,scikit-learn-1.5.0/sklearn/exceptions.py,33
765,dok_array,scipy,Other,scipy-1.13.1/scipy/sparse/_dok.py,51
766,Variance,sympy,Other,sympy-sympy-1.12.1/sympy/stats/symbolic_probability.py,111
767,FockStateFermionKet,sympy,Other,sympy-sympy-1.12.1/sympy/physics/secondquant.py,25
768,chebyshevu,sympy,Other,sympy-sympy-1.12.1/sympy/functions/special/polynomials.py,124
769,LinearSVC,sklearn,scikit-learn,scikit-learn-1.5.0/sklearn/svm/_classes.py,324
770,RequestMethod,sklearn,scikit-learn,scikit-learn-1.5.0/sklearn/utils/_metadata_requests.py,117
771,LinearOperator,scipy,Other,scipy-1.13.1/scipy/sparse/linalg/_interface.py,513
772,SensitivityAtSpecificity,tfkeras,TensorFlow/Keras,tf-keras-2.16.0/tf_keras/metrics/confusion_metrics.py,104
773,ArtistAnimation,matplotlib,Other,matplotlib-3.9.0/lib/matplotlib/animation.py,75
774,Zeros,keras,TensorFlow/Keras,keras-3.3.3/keras/src/initializers/constant_initializers.py,26
775,dia_matrix,scipy,Other,scipy-1.13.1/scipy/sparse/_dia.py,73
776,ContourSet,matplotlib,Other,matplotlib-3.9.0/lib/matplotlib/contour.py,754
777,SerializedAttributes,tfkeras,TensorFlow/Keras,tf-keras-2.16.0/tf_keras/saving/legacy/saved_model/serialized_attributes.py,228
778,EinsumDense,keras,TensorFlow/Keras,keras-3.3.3/keras/src/layers/core/einsum_dense.py,733
779,SquaredHinge,tfkeras,TensorFlow/Keras,tf-keras-2.16.0/tf_keras/losses.py,59
780,mr_class,numpy,Other,numpy-1.26.4/numpy/ma/extras.py,20
781,RepeatedStratifiedKFold,sklearn,scikit-learn,scikit-learn-1.5.0/sklearn/model_selection/_split.py,69
782,Category,sympy,Other,sympy-sympy-1.12.1/sympy/categories/baseclasses.py,135
783,matrix_normal_frozen,scipy,Other,scipy-1.13.1/scipy/stats/_multivariate.py,55
784,BaseSeries,sympy,Other,sympy-sympy-1.12.1/sympy/plotting/plot.py,75
785,Attention,keras,TensorFlow/Keras,keras-3.3.3/keras/src/layers/attention/attention.py,275
786,atan,sympy,Other,sympy-sympy-1.12.1/sympy/functions/elementary/trigonometric.py,211
787,CSVLogger,keras,TensorFlow/Keras,keras-3.3.3/keras/src/callbacks/csv_logger.py,89
788,WGate,sympy,Other,sympy-sympy-1.12.1/sympy/physics/quantum/grover.py,59
789,ShrunkCovariance,sklearn,scikit-learn,scikit-learn-1.5.0/sklearn/covariance/_shrunk_covariance.py,125
790,WedgeProduct,sympy,Other,sympy-sympy-1.12.1/sympy/diffgeom/diffgeom.py,47
791,_IgnoreWarnings,sklearn,scikit-learn,scikit-learn-1.5.0/sklearn/utils/_testing.py,55
792,IndexCol,pandas,Other,pandas-2.2.2/pandas/io/pytables.py,294
793,ReduceLROnPlateau,keras,TensorFlow/Keras,keras-3.3.3/keras/src/callbacks/reduce_lr_on_plateau.py,138
794,Softmax,tfkeras,TensorFlow/Keras,tf-keras-2.16.0/tf_keras/layers/activation/softmax.py,69
795,Flatten,keras,TensorFlow/Keras,keras-3.3.3/keras/src/layers/reshaping/flatten.py,69
796,LayerCallCollection,tfkeras,TensorFlow/Keras,tf-keras-2.16.0/tf_keras/saving/legacy/saved_model/save_impl.py,190
797,_MultilinearModel,scipy,Other,scipy-1.13.1/scipy/odr/_models.py,29
798,LassoLars,sklearn,scikit-learn,scikit-learn-1.5.0/sklearn/linear_model/_least_angle.py,177
799,Covariance,sympy,Other,sympy-sympy-1.12.1/sympy/stats/symbolic_probability.py,134
800,LogCosh,tfkeras,TensorFlow/Keras,tf-keras-2.16.0/tf_keras/losses.py,57
801,_SetOutputMixin,sklearn,scikit-learn,scikit-learn-1.5.0/sklearn/utils/_set_output.py,75
802,TukeyHSDResult,scipy,Other,scipy-1.13.1/scipy/stats/_hypotests.py,123
803,MatrixPermute,sympy,Other,sympy-sympy-1.12.1/sympy/matrices/expressions/permutation.py,136
804,CrossCovarianceMatrix,sympy,Other,sympy-sympy-1.12.1/sympy/stats/symbolic_multivariate_probability.py,105
805,_ConfusionMatrixConditionCount,keras,TensorFlow/Keras,keras-3.3.3/keras/src/metrics/confusion_metrics.py,63
806,_CurveScorer,sklearn,scikit-learn,scikit-learn-1.5.0/sklearn/model_selection/_classification_threshold.py,103
807,PyDataset,keras,TensorFlow/Keras,keras-3.3.3/keras/src/trainers/data_adapters/py_dataset_adapter.py,157
808,SpecificationError,pandas,Other,pandas-2.2.2/pandas/errors/__init__.py,26
809,MinCovDet,sklearn,scikit-learn,scikit-learn-1.5.0/sklearn/covariance/_robust_covariance.py,290
810,AppContext,flask,Flask,flask-3.0.3/src/flask/ctx.py,47
811,Adagrad,tfkeras,TensorFlow/Keras,tf-keras-2.16.0/tf_keras/optimizers/adagrad.py,112
812,trapezoid_gen,scipy,Other,scipy-1.13.1/scipy/stats/_continuous_distns.py,104
813,ConvLSTM3D,keras,TensorFlow/Keras,keras-3.3.3/keras/src/layers/rnn/conv_lstm3d.py,178
814,OdeSolution,scipy,Other,scipy-1.13.1/scipy/integrate/_ivp/common.py,121
815,MultinomialQMC,scipy,Other,scipy-1.13.1/scipy/stats/_qmc.py,91
816,Adadelta,tfkeras,TensorFlow/Keras,tf-keras-2.16.0/tf_keras/optimizers/legacy/adadelta.py,134
817,RandomCrop,keras,TensorFlow/Keras,keras-3.3.3/keras/src/layers/preprocessing/random_crop.py,165
818,PreprocessingStage,tfkeras,TensorFlow/Keras,tf-keras-2.16.0/tf_keras/layers/preprocessing/preprocessing_stage.py,71
819,truncnorm_gen,scipy,Other,scipy-1.13.1/scipy/stats/_continuous_distns.py,232
820,Sum,tfkeras,TensorFlow/Keras,tf-keras-2.16.0/tf_keras/metrics/base_metric.py,36
821,Hinge,keras,TensorFlow/Keras,keras-3.3.3/keras/src/losses/losses.py,24
822,PlaceHolderLayoutEngine,matplotlib,Other,matplotlib-3.9.0/lib/matplotlib/layout_engine.py,24
823,RandomFlip,tfkeras,TensorFlow/Keras,tf-keras-2.16.0/tf_keras/layers/preprocessing/image_preprocessing.py,94
824,_BivariateSplineBase,scipy,Other,scipy-1.13.1/scipy/interpolate/_fitpack2.py,212
825,Morphism,sympy,Other,sympy-sympy-1.12.1/sympy/categories/baseclasses.py,105
826,_MultimetricScorer,sklearn,scikit-learn,scikit-learn-1.5.0/sklearn/metrics/_scorer.py,96
827,CartesianComplexRegion,sympy,Other,sympy-sympy-1.12.1/sympy/sets/fancysets.py,52
828,DirectoryIterator,tfkeras,TensorFlow/Keras,tf-keras-2.16.0/tf_keras/preprocessing/image.py,173
829,SelectorMixin,sklearn,scikit-learn,scikit-learn-1.5.0/sklearn/feature_selection/_base.py,171
830,argus_gen,scipy,Other,scipy-1.13.1/scipy/stats/_continuous_distns.py,200
831,AUC,tfkeras,TensorFlow/Keras,tf-keras-2.16.0/tf_keras/metrics/confusion_metrics.py,537
832,KMeans,sklearn,scikit-learn,scikit-learn-1.5.0/sklearn/cluster/_kmeans.py,368
833,KLDivergence,keras,TensorFlow/Keras,keras-3.3.3/keras/src/metrics/probabilistic_metrics.py,45
834,VocabularySavedModelSaver,tfkeras,TensorFlow/Keras,tf-keras-2.16.0/tf_keras/saving/legacy/saved_model/layer_serialization.py,24
835,RandomizedSearchCV,sklearn,scikit-learn,scikit-learn-1.5.0/sklearn/model_selection/_search.py,389
836,BaseDenseAttention,tfkeras,TensorFlow/Keras,tf-keras-2.16.0/tf_keras/layers/attention/base_dense_attention.py,215
837,IntegerPowerable,sympy,Other,sympy-sympy-1.12.1/sympy/polys/polyutils.py,57
838,UnionMultiInner,networkx,Other,networkx-networkx-3.3/networkx/classes/coreviews.py,29
839,udivisor_sigma,sympy,Other,sympy-sympy-1.12.1/sympy/ntheory/factor_.py,63
840,RadialConstraint,tfkeras,TensorFlow/Keras,tf-keras-2.16.0/tf_keras/constraints.py,85
841,SymPyDeprecationWarning,sympy,Other,sympy-sympy-1.12.1/sympy/utilities/exceptions.py,84
842,BaseLoss,sklearn,scikit-learn,scikit-learn-1.5.0/sklearn/_loss/loss.py,443
843,Adadelta,tfkeras,TensorFlow/Keras,tf-keras-2.16.0/tf_keras/optimizers/adadelta.py,134
844,MultiOutputClassifier,sklearn,scikit-learn,scikit-learn-1.5.0/sklearn/multioutput.py,175
845,powm1,sympy,Other,sympy-sympy-1.12.1/sympy/codegen/scipy_nodes.py,32
846,fresnelc,sympy,Other,sympy-sympy-1.12.1/sympy/functions/special/error_functions.py,154
847,GraphicalLassoCV,sklearn,scikit-learn,scikit-learn-1.5.0/sklearn/covariance/_graph_lasso.py,426
848,AdditiveAttention,keras,TensorFlow/Keras,keras-3.3.3/keras/src/layers/attention/additive_attention.py,97
849,LightSource,matplotlib,Other,matplotlib-3.9.0/lib/matplotlib/colors.py,428
850,LabelSpreading,sklearn,scikit-learn,scikit-learn-1.5.0/sklearn/semi_supervised/_label_propagation.py,138
851,PrefixLoader,jinja,Flask,jinja-3.1.4/src/jinja2/loaders.py,61
852,AdditiveChi2Sampler,sklearn,scikit-learn,scikit-learn-1.5.0/sklearn/kernel_approximation.py,253
853,TrapezoidMapTriFinder,matplotlib,Other,matplotlib-3.9.0/lib/matplotlib/tri/_trifinder.py,70
854,ModelCheckpoint,keras,TensorFlow/Keras,keras-3.3.3/keras/src/callbacks/model_checkpoint.py,402
855,environ_property,werkzeug,Flask,werkzeug-3.0.3/src/werkzeug/utils.py,25
856,CSVLogger,tfkeras,TensorFlow/Keras,tf-keras-2.16.0/tf_keras/callbacks.py,90
857,RandomZoom,keras,TensorFlow/Keras,keras-3.3.3/keras/src/layers/preprocessing/random_zoom.py,256
858,CategoryEncoding,tfkeras,TensorFlow/Keras,tf-keras-2.16.0/tf_keras/layers/preprocessing/category_encoding.py,189
859,ScaleBase,matplotlib,Other,matplotlib-3.9.0/lib/matplotlib/scale.py,58
860,QuantileTestResult,scipy,Other,scipy-1.13.1/scipy/stats/_stats_py.py,98
861,OddPredicate,sympy,Other,sympy-sympy-1.12.1/sympy/assumptions/predicates/ntheory.py,29
862,CenterCrop,tfkeras,TensorFlow/Keras,tf-keras-2.16.0/tf_keras/layers/preprocessing/image_preprocessing.py,73
863,ExponentialDecay,tfkeras,TensorFlow/Keras,tf-keras-2.16.0/tf_keras/optimizers/schedules/learning_rate_schedule.py,105
864,SparseCoder,sklearn,scikit-learn,scikit-learn-1.5.0/sklearn/decomposition/_dict_learning.py,208
865,GraphExecutionFunction,tfkeras,TensorFlow/Keras,tf-keras-2.16.0/tf_keras/backend.py,215
866,MinMaxNorm,tfkeras,TensorFlow/Keras,tf-keras-2.16.0/tf_keras/constraints.py,57
867,MiniBatchDictionaryLearning,sklearn,scikit-learn,scikit-learn-1.5.0/sklearn/decomposition/_dict_learning.py,596
868,lucas,sympy,Other,sympy-sympy-1.12.1/sympy/functions/combinatorial/numbers.py,43
869,MappedQueue,networkx,Other,networkx-networkx-3.3/networkx/utils/mapped_queue.py,207
870,VarianceMatrix,sympy,Other,sympy-sympy-1.12.1/sympy/stats/symbolic_multivariate_probability.py,87
871,KFold,sklearn,scikit-learn,scikit-learn-1.5.0/sklearn/model_selection/_split.py,94
872,Lars,sklearn,scikit-learn,scikit-learn-1.5.0/sklearn/linear_model/_least_angle.py,286
873,JaxOptimizer,keras,TensorFlow/Keras,keras-3.3.3/keras/src/backend/jax/optimizer.py,98
874,planck_gen,scipy,Other,scipy-1.13.1/scipy/stats/_discrete_distns.py,69
875,MemoizeDer,scipy,Other,scipy-1.13.1/scipy/optimize/_root_scalar.py,40
876,Metric,tfkeras,TensorFlow/Keras,tf-keras-2.16.0/tf_keras/metrics/base_metric.py,405
877,PolynomialRingBase,sympy,Other,sympy-sympy-1.12.1/sympy/polys/domains/old_polynomialring.py,198
878,RootMeanSquaredError,tfkeras,TensorFlow/Keras,tf-keras-2.16.0/tf_keras/metrics/regression_metrics.py,53
879,SGDRegressor,sklearn,scikit-learn,scikit-learn-1.5.0/sklearn/linear_model/_stochastic_gradient.py,293
880,BernoulliProcess,sympy,Other,sympy-sympy-1.12.1/sympy/stats/stochastic_process_types.py,150
881,VertexSelector,matplotlib,Other,matplotlib-3.9.0/lib/matplotlib/lines.py,71
882,GaussianDropout,tfkeras,TensorFlow/Keras,tf-keras-2.16.0/tf_keras/layers/regularization/gaussian_dropout.py,54
883,TemplateStream,jinja,Flask,jinja-3.1.4/src/jinja2/environment.py,92
884,WWWAuthenticate,werkzeug,Flask,werkzeug-3.0.3/src/werkzeug/datastructures/auth.py,175
885,Interval,networkx,Other,networkx-networkx-3.3/networkx/algorithms/planarity.py,26
886,PLSCanonical,sklearn,scikit-learn,scikit-learn-1.5.0/sklearn/cross_decomposition/_pls.py,131
887,R2Score,keras,TensorFlow/Keras,keras-3.3.3/keras/src/metrics/regression_metrics.py,224
888,DatasetCreator,tfkeras,TensorFlow/Keras,tf-keras-2.16.0/tf_keras/utils/dataset_creator.py,92
889,DeterministicRandomTestTool,tfkeras,TensorFlow/Keras,tf-keras-2.16.0/tf_keras/legacy_tf_layers/migration_utils.py,100
890,ExtraTreesRegressor,sklearn,scikit-learn,scikit-learn-1.5.0/sklearn/ensemble/_forest.py,336
891,CenterCrop,keras,TensorFlow/Keras,keras-3.3.3/keras/src/layers/preprocessing/center_crop.py,137
892,interp1d,scipy,Other,scipy-1.13.1/scipy/interpolate/_interpolate.py,418
893,SpecificityAtSensitivity,tfkeras,TensorFlow/Keras,tf-keras-2.16.0/tf_keras/metrics/confusion_metrics.py,102
894,RootMeanSquaredError,keras,TensorFlow/Keras,keras-3.3.3/keras/src/metrics/regression_metrics.py,65
895,EmpiricalDistributionFunction,scipy,Other,scipy-1.13.1/scipy/stats/_survival.py,199
896,Parabola,sympy,Other,sympy-sympy-1.12.1/sympy/geometry/parabola.py,403
897,Maximum,keras,TensorFlow/Keras,keras-3.3.3/keras/src/layers/merging/maximum.py,31
898,_ImageBase,matplotlib,Other,matplotlib-3.9.0/lib/matplotlib/image.py,628
899,li,sympy,Other,sympy-sympy-1.12.1/sympy/functions/special/error_functions.py,166
900,ConstantKernel,sklearn,scikit-learn,scikit-learn-1.5.0/sklearn/gaussian_process/kernels.py,136
901,BatchNormalization,tfkeras,TensorFlow/Keras,tf-keras-2.16.0/tf_keras/layers/normalization/batch_normalization.py,171
902,InnerProduct,sympy,Other,sympy-sympy-1.12.1/sympy/physics/secondquant.py,48
903,MeanIoU,tfkeras,TensorFlow/Keras,tf-keras-2.16.0/tf_keras/metrics/iou_metrics.py,102
904,Univariate,sympy,Other,sympy-sympy-1.12.1/sympy/solvers/diophantine/diophantine.py,30
905,ConciseDateFormatter,matplotlib,Other,matplotlib-3.9.0/lib/matplotlib/dates.py,218
906,RationalField,sympy,Other,sympy-sympy-1.12.1/sympy/polys/domains/rationalfield.py,146
907,hypsecant_gen,scipy,Other,scipy-1.13.1/scipy/stats/_continuous_distns.py,44
908,Identity,keras,TensorFlow/Keras,keras-3.3.3/keras/src/initializers/constant_initializers.py,39
909,_NumberKind,sympy,Other,sympy-sympy-1.12.1/sympy/core/kind.py,55
910,DotProduct,sklearn,scikit-learn,scikit-learn-1.5.0/sklearn/gaussian_process/kernels.py,136
911,Adadelta,keras,TensorFlow/Keras,keras-3.3.3/keras/src/optimizers/adadelta.py,128
912,DFT,sympy,Other,sympy-sympy-1.12.1/sympy/matrices/expressions/fourier.py,49
913,SpectralNormalization,tfkeras,TensorFlow/Keras,tf-keras-2.16.0/tf_keras/layers/normalization/spectral_normalization.py,115
914,MethodView,flask,Flask,flask-3.0.3/src/flask/views.py,54
915,NonlinearConstraint,scipy,Other,scipy-1.13.1/scipy/optimize/_constraints.py,100
916,AdaBoostRegressor,sklearn,scikit-learn,scikit-learn-1.5.0/sklearn/ensemble/_weight_boosting.py,304
917,bell,sympy,Other,sympy-sympy-1.12.1/sympy/functions/combinatorial/numbers.py,144
918,jacobi,sympy,Other,sympy-sympy-1.12.1/sympy/functions/special/polynomials.py,165
919,SkewedChi2Sampler,sklearn,scikit-learn,scikit-learn-1.5.0/sklearn/kernel_approximation.py,156
920,Quiver,matplotlib,Other,matplotlib-3.9.0/lib/matplotlib/quiver.py,284
921,MiniBatchNMF,sklearn,scikit-learn,scikit-learn-1.5.0/sklearn/decomposition/_nmf.py,640
922,TestResponse,werkzeug,Flask,werkzeug-3.0.3/src/werkzeug/test.py,61
923,BaseSeparableConv,keras,TensorFlow/Keras,keras-3.3.3/keras/src/layers/convolutional/base_separable_conv.py,280
924,_GrowableGrid,sympy,Other,sympy-sympy-1.12.1/sympy/categories/diagram_drawing.py,74
925,TransformerMixin,sklearn,scikit-learn,scikit-learn-1.5.0/sklearn/base.py,92
926,Transpose,sympy,Other,sympy-sympy-1.12.1/sympy/matrices/expressions/transpose.py,72
927,LeakyReLU,keras,TensorFlow/Keras,keras-3.3.3/keras/src/layers/activations/leaky_relu.py,58
928,AdaBoostClassifier,sklearn,scikit-learn,scikit-learn-1.5.0/sklearn/ensemble/_weight_boosting.py,630
929,FloatConverter,werkzeug,Flask,werkzeug-3.0.3/src/werkzeug/routing/converters.py,30
930,ZerosPolesGain,scipy,Other,scipy-1.13.1/scipy/signal/_ltisys.py,200
931,SharedDataMiddleware,werkzeug,Flask,werkzeug-3.0.3/src/werkzeug/middleware/shared_data.py,242
932,CosineSimilarity,tfkeras,TensorFlow/Keras,tf-keras-2.16.0/tf_keras/metrics/regression_metrics.py,47
933,CallContext,tfkeras,TensorFlow/Keras,tf-keras-2.16.0/tf_keras/engine/base_layer_utils.py,89
934,L2,tfkeras,TensorFlow/Keras,tf-keras-2.16.0/tf_keras/regularizers.py,32
935,OrthogonalRegularizer,keras,TensorFlow/Keras,keras-3.3.3/keras/src/regularizers/regularizers.py,62
936,ITE,sympy,Other,sympy-sympy-1.12.1/sympy/logic/boolalg.py,115
937,frac,sympy,Other,sympy-sympy-1.12.1/sympy/functions/elementary/integers.py,202
938,ExpSineSquared,sklearn,scikit-learn,scikit-learn-1.5.0/sklearn/gaussian_process/kernels.py,143
939,SetExpr,sympy,Other,sympy-sympy-1.12.1/sympy/sets/setexpr.py,82
940,SidecarEvaluatorModelExport,tfkeras,TensorFlow/Keras,tf-keras-2.16.0/tf_keras/utils/sidecar_evaluator.py,91
941,UnionAtlas,networkx,Other,networkx-networkx-3.3/networkx/classes/coreviews.py,53
942,GaussianProcessClassifier,sklearn,scikit-learn,scikit-learn-1.5.0/sklearn/gaussian_process/_gpc.py,416
943,Multiply,keras,TensorFlow/Keras,keras-3.3.3/keras/src/layers/merging/multiply.py,31
944,_TrainingEndpoint,tfkeras,TensorFlow/Keras,tf-keras-2.16.0/tf_keras/engine/training_v1.py,255
945,_GeneralizedLinearRegressor,sklearn,scikit-learn,scikit-learn-1.5.0/sklearn/linear_model/_glm/glm.py,431
946,_TensorDataLazyEvaluator,sympy,Other,sympy-sympy-1.12.1/sympy/tensor/tensor.py,372
947,BernoulliRBM,sklearn,scikit-learn,scikit-learn-1.5.0/sklearn/neural_network/_rbm.py,428
948,memmap,numpy,Other,numpy-1.26.4/numpy/core/memmap.py,316
949,AutoCastVariable,tfkeras,TensorFlow/Keras,tf-keras-2.16.0/tf_keras/mixed_precision/autocast_variable.py,498
950,Function,sympy,Other,sympy-sympy-1.12.1/sympy/core/function.py,436
951,GaussianInteger,sympy,Other,sympy-sympy-1.12.1/sympy/polys/domains/gaussiandomains.py,38
952,SHOKet,sympy,Other,sympy-sympy-1.12.1/sympy/physics/quantum/sho1d.py,80
953,HTTPException,werkzeug,Flask,werkzeug-3.0.3/src/werkzeug/exceptions.py,106
954,PredefinedSplit,sklearn,scikit-learn,scikit-learn-1.5.0/sklearn/model_selection/_split.py,122
955,dlti,scipy,Other,scipy-1.13.1/scipy/signal/_ltisys.py,189
956,_Interpolator1D,scipy,Other,scipy-1.13.1/scipy/interpolate/_polyint.py,124
957,RawMatrix,sympy,Other,sympy-sympy-1.12.1/sympy/polys/solvers.py,49
958,LinearTriInterpolator,matplotlib,Other,matplotlib-3.9.0/lib/matplotlib/tri/_triinterpolate.py,52
959,ModelParallel,keras,TensorFlow/Keras,keras-3.3.3/keras/src/distribution/distribution_lib.py,185
960,ELU,keras,TensorFlow/Keras,keras-3.3.3/keras/src/layers/activations/elu.py,25
961,TFOptimizer,keras,TensorFlow/Keras,keras-3.3.3/keras/src/backend/tensorflow/optimizer.py,213
962,PLSRegression,sklearn,scikit-learn,scikit-learn-1.5.0/sklearn/cross_decomposition/_pls.py,160
963,LSTMCell,keras,TensorFlow/Keras,keras-3.3.3/keras/src/layers/rnn/lstm.py,300
964,erf2,sympy,Other,sympy-sympy-1.12.1/sympy/functions/special/error_functions.py,144
965,LossScaleOptimizerV3,tfkeras,TensorFlow/Keras,tf-keras-2.16.0/tf_keras/mixed_precision/loss_scale_optimizer.py,354
966,Flatten,tfkeras,TensorFlow/Keras,tf-keras-2.16.0/tf_keras/legacy_tf_layers/core.py,53
967,FastICA,sklearn,scikit-learn,scikit-learn-1.5.0/sklearn/decomposition/_fastica.py,428
968,LatinHypercube,scipy,Other,scipy-1.13.1/scipy/stats/_qmc.py,277
969,PolynomialDecay,tfkeras,TensorFlow/Keras,tf-keras-2.16.0/tf_keras/optimizers/schedules/learning_rate_schedule.py,150
970,RegularGridInterpolator,scipy,Other,scipy-1.13.1/scipy/interpolate/_rgi.py,547
971,_NumPyAPIWrapper,sklearn,scikit-learn,scikit-learn-1.5.0/sklearn/utils/_array_api.py,109
972,_MockEstimatorOnOffPrediction,sklearn,scikit-learn,scikit-learn-1.5.0/sklearn/utils/_mocking.py,32
973,CategoricalDtype,pandas,Other,pandas-2.2.2/pandas/core/dtypes/dtypes.py,532
974,CapStyle,matplotlib,Other,matplotlib-3.9.0/lib/matplotlib/_enums.py,59
975,QuadraticDiscriminantAnalysis,sklearn,scikit-learn,scikit-learn-1.5.0/sklearn/discriminant_analysis.py,294
976,_IndexSlice,pandas,Other,pandas-2.2.2/pandas/core/indexing.py,42
977,CheckingClassifier,sklearn,scikit-learn,scikit-learn-1.5.0/sklearn/utils/_mocking.py,272
978,MetaEstimatorMixin,sklearn,scikit-learn,scikit-learn-1.5.0/sklearn/base.py,28
979,Not,sympy,Other,sympy-sympy-1.12.1/sympy/logic/boolalg.py,111
980,GMState,networkx,Other,networkx-networkx-3.3/networkx/algorithms/isomorphism/isomorphvf2.py,86
981,RcParams,matplotlib,Other,matplotlib-3.9.0/lib/matplotlib/__init__.py,163
982,FreeModuleQuotientRing,sympy,Other,sympy-sympy-1.12.1/sympy/polys/agca/modules.py,96
983,RandomUniform,tfkeras,TensorFlow/Keras,tf-keras-2.16.0/tf_keras/initializers/initializers_v1.py,111
984,Point,sympy,Other,sympy-sympy-1.12.1/sympy/diffgeom/diffgeom.py,81
985,appellf1,sympy,Other,sympy-sympy-1.12.1/sympy/functions/special/hyper.py,57
986,BinaryCrossentropy,tfkeras,TensorFlow/Keras,tf-keras-2.16.0/tf_keras/losses.py,106
987,invgamma_gen,scipy,Other,scipy-1.13.1/scipy/stats/_continuous_distns.py,84
988,ConvLSTM2D,tfkeras,TensorFlow/Keras,tf-keras-2.16.0/tf_keras/layers/rnn/conv_lstm2d.py,167
989,FortranFormatParser,scipy,Other,scipy-1.13.1/scipy/io/_harwell_boeing/_fortran_format_parser.py,89
990,LogCoshError,tfkeras,TensorFlow/Keras,tf-keras-2.16.0/tf_keras/metrics/regression_metrics.py,35
991,MinMaxScaler,sklearn,scikit-learn,scikit-learn-1.5.0/sklearn/preprocessing/_data.py,287
992,ConvLSTM,keras,TensorFlow/Keras,keras-3.3.3/keras/src/layers/rnn/conv_lstm.py,313
993,ContentSecurityPolicy,werkzeug,Flask,werkzeug-3.0.3/src/werkzeug/datastructures/csp.py,76
994,NearestCentroid,sklearn,scikit-learn,scikit-learn-1.5.0/sklearn/neighbors/_nearest_centroid.py,193
995,SymmetricDifference,sympy,Other,sympy-sympy-1.12.1/sympy/sets/sets.py,66
996,IdentityOperator,sympy,Other,sympy-sympy-1.12.1/sympy/physics/quantum/operator.py,80
997,RendererBase,matplotlib,Other,matplotlib-3.9.0/lib/matplotlib/backend_bases.py,590
998,andre,sympy,Other,sympy-sympy-1.12.1/sympy/functions/combinatorial/numbers.py,106
999,TrainingLoop,tfkeras,TensorFlow/Keras,tf-keras-2.16.0/tf_keras/engine/training_utils_v1.py,60
1000,ConvLSTM2D,keras,TensorFlow/Keras,keras-3.3.3/keras/src/layers/rnn/conv_lstm2d.py,179
1001,ConnectionStyle,matplotlib,Other,matplotlib-3.9.0/lib/matplotlib/patches.py,407
1002,MetricsAggregator,tfkeras,TensorFlow/Keras,tf-keras-2.16.0/tf_keras/engine/training_utils_v1.py,34
1003,UnitSystem,sympy,Other,sympy-sympy-1.12.1/sympy/physics/units/unitsystem.py,188
1004,DebuggedApplication,werkzeug,Flask,werkzeug-3.0.3/src/werkzeug/debug/__init__.py,334
1005,_VisualBlock,sklearn,scikit-learn,scikit-learn-1.5.0/sklearn/utils/_estimator_html_repr.py,46
1006,_CacheControl,werkzeug,Flask,werkzeug-3.0.3/src/werkzeug/datastructures/cache_control.py,97
1007,CosineSimilarity,tfkeras,TensorFlow/Keras,tf-keras-2.16.0/tf_keras/losses.py,74
1008,RNN,keras,TensorFlow/Keras,keras-3.3.3/keras/src/layers/rnn/rnn.py,470
1009,ChoiceLoader,jinja,Flask,jinja-3.1.4/src/jinja2/loaders.py,46
1010,HermiteE,numpy,Other,numpy-1.26.4/numpy/polynomial/hermite_e.py,46
1011,ReentrancyLock,scipy,Other,scipy-1.13.1/scipy/_lib/_threadsafety.py,33
1012,TweedieRegressor,sklearn,scikit-learn,scikit-learn-1.5.0/sklearn/linear_model/_glm/glm.py,178
1013,AlgebraicNumber,sympy,Other,sympy-sympy-1.12.1/sympy/core/numbers.py,518
1014,GRUCell,tfkeras,TensorFlow/Keras,tf-keras-2.16.0/tf_keras/layers/rnn/gru_v1.py,88
1015,ClassNamePrefixFeaturesOutMixin,sklearn,scikit-learn,scikit-learn-1.5.0/sklearn/base.py,46
1016,NearestNeighbors,sklearn,scikit-learn,scikit-learn-1.5.0/sklearn/neighbors/_unsupervised.py,170
1017,BinaryIoU,tfkeras,TensorFlow/Keras,tf-keras-2.16.0/tf_keras/metrics/iou_metrics.py,116
1018,ZerosPolesGainDiscrete,scipy,Other,scipy-1.13.1/scipy/signal/_ltisys.py,68
1019,TrueNegatives,tfkeras,TensorFlow/Keras,tf-keras-2.16.0/tf_keras/metrics/confusion_metrics.py,58
1020,CurvedMirror,sympy,Other,sympy-sympy-1.12.1/sympy/physics/optics/gaussopt.py,28
1021,besselk,sympy,Other,sympy-sympy-1.12.1/sympy/functions/special/bessel.py,150
1022,weibull_min_gen,scipy,Other,scipy-1.13.1/scipy/stats/_continuous_distns.py,159
1023,betainc_regularized,sympy,Other,sympy-sympy-1.12.1/sympy/functions/special/beta_functions.py,108
1024,GRU,keras,TensorFlow/Keras,keras-3.3.3/keras/src/layers/rnn/gru.py,359
1025,IntegerDtype,pandas,Other,pandas-2.2.2/pandas/core/arrays/integer.py,46
1026,OneVsOneClassifier,sklearn,scikit-learn,scikit-learn-1.5.0/sklearn/multiclass.py,358
1027,Sqrt,sympy,Other,sympy-sympy-1.12.1/sympy/codegen/cfunctions.py,44
1028,Hashing,keras,TensorFlow/Keras,keras-3.3.3/keras/src/layers/preprocessing/hashing.py,272
1029,UnitTriangularPredicate,sympy,Other,sympy-sympy-1.12.1/sympy/assumptions/predicates/matrices.py,21
1030,DifferentialOperatorAlgebra,sympy,Other,sympy-sympy-1.12.1/sympy/holonomic/holonomic.py,68
1031,Tuple,sympy,Other,sympy-sympy-1.12.1/sympy/core/containers.py,153
1032,GaussianRandomProjection,sklearn,scikit-learn,scikit-learn-1.5.0/sklearn/random_projection.py,139
1033,FlaskGroup,flask,Flask,flask-3.0.3/src/flask/cli.py,164
1034,PoissonDisk,scipy,Other,scipy-1.13.1/scipy/stats/_qmc.py,322
1035,AdamOptimizer,sklearn,scikit-learn,scikit-learn-1.5.0/sklearn/neural_network/_stochastic_optimizers.py,91
1036,QuantileTransformer,sklearn,scikit-learn,scikit-learn-1.5.0/sklearn/preprocessing/_data.py,429
1037,weibull_max_gen,scipy,Other,scipy-1.13.1/scipy/stats/_continuous_distns.py,69
1038,RandomTreesEmbedding,sklearn,scikit-learn,scikit-learn-1.5.0/sklearn/ensemble/_forest.py,360
1039,AgglomerativeClustering,sklearn,scikit-learn,scikit-learn-1.5.0/sklearn/cluster/_agglomerative.py,345
1040,tanh,sympy,Other,sympy-sympy-1.12.1/sympy/functions/elementary/hyperbolic.py,211
1041,Sobol,scipy,Other,scipy-1.13.1/scipy/stats/_qmc.py,335
1042,Nadam,tfkeras,TensorFlow/Keras,tf-keras-2.16.0/tf_keras/optimizers/nadam.py,173
1043,FunctionLoader,jinja,Flask,jinja-3.1.4/src/jinja2/loaders.py,43
1044,ErrorbarContainer,matplotlib,Other,matplotlib-3.9.0/lib/matplotlib/container.py,30
1045,MeanAbsolutePercentageError,tfkeras,TensorFlow/Keras,tf-keras-2.16.0/tf_keras/metrics/regression_metrics.py,34
1046,ConfusionMatrixDisplay,sklearn,scikit-learn,scikit-learn-1.5.0/sklearn/metrics/_plot/confusion_matrix.py,472
1047,_BinMapper,sklearn,scikit-learn,scikit-learn-1.5.0/sklearn/ensemble/_hist_gradient_boosting/binning.py,252
1048,MeanSquaredError,keras,TensorFlow/Keras,keras-3.3.3/keras/src/losses/losses.py,23
1049,RandomFlip,keras,TensorFlow/Keras,keras-3.3.3/keras/src/layers/preprocessing/random_flip.py,87
1050,FactorAnalysis,sklearn,scikit-learn,scikit-learn-1.5.0/sklearn/decomposition/_factor_analysis.py,395
1051,Parallel,sympy,Other,sympy-sympy-1.12.1/sympy/physics/control/lti.py,230
1052,ComplexInterval,sympy,Other,sympy-sympy-1.12.1/sympy/polys/rootisolation.py,310
1053,HadamardPower,sympy,Other,sympy-sympy-1.12.1/sympy/matrices/expressions/hadamard.py,152
1054,Discretization,tfkeras,TensorFlow/Keras,tf-keras-2.16.0/tf_keras/layers/preprocessing/discretization.py,302
1055,AppliedPredicate,sympy,Other,sympy-sympy-1.12.1/sympy/assumptions/assume.py,92
1056,im,sympy,Other,sympy-sympy-1.12.1/sympy/functions/elementary/complexes.py,118
1057,_AxesStack,matplotlib,Other,matplotlib-3.9.0/lib/matplotlib/figure.py,46
1058,LinearCoefficients,sympy,Other,sympy-sympy-1.12.1/sympy/solvers/ode/single.py,180
1059,CosineDecayRestarts,keras,TensorFlow/Keras,keras-3.3.3/keras/src/optimizers/schedules/learning_rate_schedule.py,146
1060,BooleanFalse,sympy,Other,sympy-sympy-1.12.1/sympy/logic/boolalg.py,72
1061,LayoutMap,keras,TensorFlow/Keras,keras-3.3.3/keras/src/distribution/distribution_lib.py,117
1062,uppergamma,sympy,Other,sympy-sympy-1.12.1/sympy/functions/special/gamma_functions.py,160
1063,NaN,sympy,Other,sympy-sympy-1.12.1/sympy/core/numbers.py,114
1064,GenericUnivariateSelect,sklearn,scikit-learn,scikit-learn-1.5.0/sklearn/feature_selection/_univariate_selection.py,108
1065,nchypergeom_wallenius_gen,scipy,Other,scipy-1.13.1/scipy/stats/_discrete_distns.py,76
1066,_MatrixWrapper,sympy,Other,sympy-sympy-1.12.1/sympy/matrices/common.py,27
1067,KDTree,scipy,Other,scipy-1.13.1/scipy/spatial/_kdtree.py,661
1068,Subtract,keras,TensorFlow/Keras,keras-3.3.3/keras/src/layers/merging/subtract.py,42
1069,ArrayComprehension,sympy,Other,sympy-sympy-1.12.1/sympy/tensor/array/array_comprehension.py,328
1070,L1,tfkeras,TensorFlow/Keras,tf-keras-2.16.0/tf_keras/regularizers.py,31
1071,UnitNormalization,tfkeras,TensorFlow/Keras,tf-keras-2.16.0/tf_keras/layers/normalization/unit_normalization.py,48
1072,HuberLoss,sklearn,scikit-learn,scikit-learn-1.5.0/sklearn/_loss/loss.py,71
1073,L2,keras,TensorFlow/Keras,keras-3.3.3/keras/src/regularizers/regularizers.py,26
1074,Affine2DBase,matplotlib,Other,matplotlib-3.9.0/lib/matplotlib/transforms.py,68
1075,EnvironBuilder,werkzeug,Flask,werkzeug-3.0.3/src/werkzeug/test.py,587
1076,ComplexRootOf,sympy,Other,sympy-sympy-1.12.1/sympy/polys/rootoftools.py,836
1077,Birch,sklearn,scikit-learn,scikit-learn-1.5.0/sklearn/cluster/_birch.py,381
1078,boltzmann_gen,scipy,Other,scipy-1.13.1/scipy/stats/_discrete_distns.py,61
1079,ArgKminClassMode,sklearn,scikit-learn,scikit-learn-1.5.0/sklearn/metrics/_pairwise_distances_reduction/_dispatcher.py,162
1080,Adagrad,keras,TensorFlow/Keras,keras-3.3.3/keras/src/optimizers/adagrad.py,103
1081,DecisionTreeRegressor,sklearn,scikit-learn,scikit-learn-1.5.0/sklearn/tree/_classes.py,329
1082,TruncatedNormal,keras,TensorFlow/Keras,keras-3.3.3/keras/src/initializers/random_initializers.py,52
1083,ReductionV2,tfkeras,TensorFlow/Keras,tf-keras-2.16.0/tf_keras/utils/losses_utils.py,62
1084,GridSearchCV,sklearn,scikit-learn,scikit-learn-1.5.0/sklearn/model_selection/_search.py,364
1085,RandomRotation,keras,TensorFlow/Keras,keras-3.3.3/keras/src/layers/preprocessing/random_rotation.py,245
1086,SmoothSphereBivariateSpline,scipy,Other,scipy-1.13.1/scipy/interpolate/_fitpack2.py,139
1087,StateMachine,sympy,Other,sympy-sympy-1.12.1/sympy/combinatorics/rewritingsystem_fsm.py,30
1088,MatMul,sympy,Other,sympy-sympy-1.12.1/sympy/matrices/expressions/matmul.py,214
1089,SensitivitySpecificityBase,tfkeras,TensorFlow/Keras,tf-keras-2.16.0/tf_keras/metrics/confusion_metrics.py,113
1090,MathematicaParser,sympy,Other,sympy-sympy-1.12.1/sympy/parsing/mathematica.py,970
1091,Interval,sklearn,scikit-learn,scikit-learn-1.5.0/sklearn/utils/_param_validation.py,123
1092,Bucket,jinja,Flask,jinja-3.1.4/src/jinja2/bccache.py,55
1093,subfactorial,sympy,Other,sympy-sympy-1.12.1/sympy/functions/combinatorial/factorials.py,96
1094,Sequential,tfkeras,TensorFlow/Keras,tf-keras-2.16.0/tf_keras/engine/sequential.py,461
1095,Tick,matplotlib,Other,matplotlib-3.9.0/lib/matplotlib/axis.py,345
1096,RepeatedKFold,sklearn,scikit-learn,scikit-learn-1.5.0/sklearn/model_selection/_split.py,64
1097,EarlyStopping,tfkeras,TensorFlow/Keras,tf-keras-2.16.0/tf_keras/callbacks.py,174
1098,PerformanceWarning,pandas,Other,pandas-2.2.2/pandas/errors/__init__.py,24
1099,RBFInterpolator,scipy,Other,scipy-1.13.1/scipy/interpolate/_rbfinterp.py,417
1100,ParameterSampler,sklearn,scikit-learn,scikit-learn-1.5.0/sklearn/model_selection/_search.py,134
1101,LocalOutlierFactor,sklearn,scikit-learn,scikit-learn-1.5.0/sklearn/neighbors/_lof.py,497
1102,OutputCodeClassifier,sklearn,scikit-learn,scikit-learn-1.5.0/sklearn/multiclass.py,242
1103,BasinHoppingRunner,scipy,Other,scipy-1.13.1/scipy/optimize/_basinhopping.py,149
1104,CommonEndpoints,tfkeras,TensorFlow/Keras,tf-keras-2.16.0/tf_keras/saving/legacy/saved_model/serialized_attributes.py,30
1105,LSTM,keras,TensorFlow/Keras,keras-3.3.3/keras/src/layers/rnn/lstm.py,351
1106,GrayCode,sympy,Other,sympy-sympy-1.12.1/sympy/combinatorics/graycode.py,314
1107,MatrixSlice,sympy,Other,sympy-sympy-1.12.1/sympy/matrices/expressions/slice.py,55
1108,LowerTriangularPredicate,sympy,Other,sympy-sympy-1.12.1/sympy/assumptions/predicates/matrices.py,27
1109,ActivityRegularization,tfkeras,TensorFlow/Keras,tf-keras-2.16.0/tf_keras/layers/regularization/activity_regularization.py,31
1110,logaddexp,sympy,Other,sympy-sympy-1.12.1/sympy/codegen/numpy_nodes.py,40
1111,classproperty,matplotlib,Other,matplotlib-3.9.0/lib/matplotlib/_api/__init__.py,32
1112,TheilSenRegressor,sklearn,scikit-learn,scikit-learn-1.5.0/sklearn/linear_model/_theil_sen.py,249
1113,DataParallel,keras,TensorFlow/Keras,keras-3.3.3/keras/src/distribution/distribution_lib.py,119
1114,SimpleRNN,tfkeras,TensorFlow/Keras,tf-keras-2.16.0/tf_keras/layers/rnn/simple_rnn.py,258
1115,BaseLink,sklearn,scikit-learn,scikit-learn-1.5.0/sklearn/_loss/link.py,65
1116,CovarDerivativeOp,sympy,Other,sympy-sympy-1.12.1/sympy/diffgeom/diffgeom.py,52
1117,_CachedPropertyResetterAdj,networkx,Other,networkx-networkx-3.3/networkx/classes/graph.py,20
1118,_Unstacker,pandas,Other,pandas-2.2.2/pandas/core/reshape/reshape.py,332
1119,SpectralCoclustering,sklearn,scikit-learn,scikit-learn-1.5.0/sklearn/cluster/_bicluster.py,153
1120,DrawingArea,matplotlib,Other,matplotlib-3.9.0/lib/matplotlib/offsetbox.py,110
1121,BaseEstimator,sklearn,scikit-learn,scikit-learn-1.5.0/sklearn/base.py,549
1122,BinaryFocalCrossentropy,keras,TensorFlow/Keras,keras-3.3.3/keras/src/losses/losses.py,171
1123,TensorLayout,keras,TensorFlow/Keras,keras-3.3.3/keras/src/distribution/distribution_lib.py,61
1124,Znm,sympy,Other,sympy-sympy-1.12.1/sympy/functions/special/spherical_harmonics.py,68
1125,GroupShuffleSplit,sklearn,scikit-learn,scikit-learn-1.5.0/sklearn/model_selection/_split.py,141
1126,deprecated,sklearn,scikit-learn,scikit-learn-1.5.0/sklearn/utils/deprecation.py,99
1127,LockableBbox,matplotlib,Other,matplotlib-3.9.0/lib/matplotlib/transforms.py,119
1128,Set,sympy,Other,sympy-sympy-1.12.1/sympy/sets/sets.py,752
1129,fma,sympy,Other,sympy-sympy-1.12.1/sympy/codegen/cfunctions.py,39
1130,RationalRiccati,sympy,Other,sympy-sympy-1.12.1/sympy/solvers/ode/single.py,68
1131,Point,sympy,Other,sympy-sympy-1.12.1/sympy/physics/vector/point.py,622
1132,DynamicEmbedding,tfkeras,TensorFlow/Keras,tf-keras-2.16.0/tf_keras/layers/experimental/dynamic_embedding.py,240
1133,AsinhLocator,matplotlib,Other,matplotlib-3.9.0/lib/matplotlib/ticker.py,90
1134,HashedCrossing,tfkeras,TensorFlow/Keras,tf-keras-2.16.0/tf_keras/layers/preprocessing/hashed_crossing.py,187
1135,FeatureSpace,tfkeras,TensorFlow/Keras,tf-keras-2.16.0/tf_keras/utils/feature_space.py,683
1136,Kernel,sklearn,scikit-learn,scikit-learn-1.5.0/sklearn/gaussian_process/kernels.py,309
1137,InvertiblePredicate,sympy,Other,sympy-sympy-1.12.1/sympy/assumptions/predicates/matrices.py,32
1138,Subtract,tfkeras,TensorFlow/Keras,tf-keras-2.16.0/tf_keras/layers/merging/subtract.py,39
1139,RandomFourierFeatures,tfkeras,TensorFlow/Keras,tf-keras-2.16.0/tf_keras/layers/kernelized.py,225
1140,SecureCookieSession,flask,Flask,flask-3.0.3/src/flask/sessions.py,40
1141,One,sympy,Other,sympy-sympy-1.12.1/sympy/core/numbers.py,49
1142,IterativeImputer,sklearn,scikit-learn,scikit-learn-1.5.0/sklearn/impute/_iterative.py,910
1143,chebyshevt,sympy,Other,sympy-sympy-1.12.1/sympy/functions/special/polynomials.py,116
1144,StrConverter,matplotlib,Other,matplotlib-3.9.0/lib/matplotlib/testing/jpl_units/StrConverter.py,88
1145,KernelPCA,sklearn,scikit-learn,scikit-learn-1.5.0/sklearn/decomposition/_kernel_pca.py,543
1146,Qubit,sympy,Other,sympy-sympy-1.12.1/sympy/physics/quantum/qubit.py,133
1147,HalfGammaLoss,sklearn,scikit-learn,scikit-learn-1.5.0/sklearn/_loss/loss.py,29
1148,MinHeap,networkx,Other,networkx-networkx-3.3/networkx/utils/heaps.py,117
1149,AsinhScale,matplotlib,Other,matplotlib-3.9.0/lib/matplotlib/scale.py,82
1150,mobius,sympy,Other,sympy-sympy-1.12.1/sympy/ntheory/residue_ntheory.py,56
1151,LogitScale,matplotlib,Other,matplotlib-3.9.0/lib/matplotlib/scale.py,61
1152,TimeDistributed,tfkeras,TensorFlow/Keras,tf-keras-2.16.0/tf_keras/layers/rnn/time_distributed.py,320
1153,Hermite,numpy,Other,numpy-1.26.4/numpy/polynomial/hermite.py,46
1154,uniform_direction_gen,scipy,Other,scipy-1.13.1/scipy/stats/_multivariate.py,125
1155,_PSD,scipy,Other,scipy-1.13.1/scipy/stats/_multivariate.py,86
1156,LibraryInfo,numpy,Other,numpy-1.26.4/numpy/distutils/npy_pkg_config.py,71
1157,Line3D,sympy,Other,sympy-sympy-1.12.1/sympy/geometry/line.py,90
1158,StringLookup,tfkeras,TensorFlow/Keras,tf-keras-2.16.0/tf_keras/layers/preprocessing/string_lookup.py,383
1159,Jacobian,scipy,Other,scipy-1.13.1/scipy/optimize/_nonlin.py,70
1160,TfidfVectorizer,sklearn,scikit-learn,scikit-learn-1.5.0/sklearn/feature_extraction/text.py,399
1161,Inverse,sympy,Other,sympy-sympy-1.12.1/sympy/matrices/expressions/inverse.py,70
1162,CanonicalConstraint,scipy,Other,scipy-1.13.1/scipy/optimize/_trustregion_constr/canonical_constraint.py,323
1163,CosineSimilarity,keras,TensorFlow/Keras,keras-3.3.3/keras/src/metrics/regression_metrics.py,54
1164,Hyperparameter,sklearn,scikit-learn,scikit-learn-1.5.0/sklearn/gaussian_process/kernels.py,99
1165,cosine_gen,scipy,Other,scipy-1.13.1/scipy/stats/_continuous_distns.py,53
1166,OptimizeResult,scipy,Other,scipy-1.13.1/scipy/optimize/_optimize.py,41
1167,Sequence,tfkeras,TensorFlow/Keras,tf-keras-2.16.0/tf_keras/utils/data_utils.py,76
1168,ProgbarLogger,tfkeras,TensorFlow/Keras,tf-keras-2.16.0/tf_keras/callbacks.py,175
1169,History,keras,TensorFlow/Keras,keras-3.3.3/keras/src/callbacks/history.py,37
1170,Chebyshev,numpy,Other,numpy-1.26.4/numpy/polynomial/chebyshev.py,88
1171,GroupNormalization,tfkeras,TensorFlow/Keras,tf-keras-2.16.0/tf_keras/layers/normalization/group_normalization.py,238
1172,IDFT,sympy,Other,sympy-sympy-1.12.1/sympy/matrices/expressions/fourier.py,32
1173,PythonRandomViaNumpyBits,networkx,Other,networkx-networkx-3.3/networkx/utils/misc.py,55
1174,FeatureSpace,keras,TensorFlow/Keras,keras-3.3.3/keras/src/layers/preprocessing/feature_space.py,727
1175,LatexManager,matplotlib,Other,matplotlib-3.9.0/lib/matplotlib/backends/backend_pgf.py,150
1176,QuadMesh,matplotlib,Other,matplotlib-3.9.0/lib/matplotlib/collections.py,111
1177,RationalQuadratic,sklearn,scikit-learn,scikit-learn-1.5.0/sklearn/gaussian_process/kernels.py,154
1178,HeUniform,keras,TensorFlow/Keras,keras-3.3.3/keras/src/initializers/random_initializers.py,41
1179,CosetTable,sympy,Other,sympy-sympy-1.12.1/sympy/combinatorics/coset_table.py,946
1180,Covariance,scipy,Other,scipy-1.13.1/scipy/stats/_covariance.py,450
1181,_UnilinearModel,scipy,Other,scipy-1.13.1/scipy/odr/_models.py,28
1182,PercentFormatter,matplotlib,Other,matplotlib-3.9.0/lib/matplotlib/ticker.py,108
1183,BisectingKMeans,sklearn,scikit-learn,scikit-learn-1.5.0/sklearn/cluster/_bisect_k_means.py,454
1184,Poisson,keras,TensorFlow/Keras,keras-3.3.3/keras/src/metrics/probabilistic_metrics.py,42
1185,vectorized_lambdify,sympy,Other,sympy-sympy-1.12.1/sympy/plotting/experimental_lambdify.py,66
1186,OrthogonalInitializer,keras,TensorFlow/Keras,keras-3.3.3/keras/src/initializers/random_initializers.py,69
1187,SquaredHinge,tfkeras,TensorFlow/Keras,tf-keras-2.16.0/tf_keras/metrics/hinge_metrics.py,36
1188,_EstimatorPrettyPrinter,sklearn,scikit-learn,scikit-learn-1.5.0/sklearn/utils/_pprint.py,237
1189,RadiusNeighbors,sklearn,scikit-learn,scikit-learn-1.5.0/sklearn/metrics/_pairwise_distances_reduction/_dispatcher.py,144
1190,Triangulation,matplotlib,Other,matplotlib-3.9.0/lib/matplotlib/tri/_triangulation.py,240
1191,TensorType,sympy,Other,sympy-sympy-1.12.1/sympy/tensor/tensor.py,60
1192,ExtraTreesClassifier,sklearn,scikit-learn,scikit-learn-1.5.0/sklearn/ensemble/_forest.py,369
1193,AutoDateLocator,matplotlib,Other,matplotlib-3.9.0/lib/matplotlib/dates.py,231
1194,ArgKmin,sklearn,scikit-learn,scikit-learn-1.5.0/sklearn/metrics/_pairwise_distances_reduction/_dispatcher.py,134
1195,netcdf_variable,scipy,Other,scipy-1.13.1/scipy/io/_netcdf.py,284
1196,Expr,pandas,Other,pandas-2.2.2/pandas/core/computation/expr.py,59
1197,L1,keras,TensorFlow/Keras,keras-3.3.3/keras/src/regularizers/regularizers.py,26
1198,RepeatVector,tfkeras,TensorFlow/Keras,tf-keras-2.16.0/tf_keras/layers/reshaping/repeat_vector.py,41
1199,_global_parameters,sympy,Other,sympy-sympy-1.12.1/sympy/core/parameters.py,60
1200,ConditionSet,sympy,Other,sympy-sympy-1.12.1/sympy/sets/conditionset.py,228
1201,IsolationForest,sklearn,scikit-learn,scikit-learn-1.5.0/sklearn/ensemble/_iforest.py,505
1202,SelectPercentile,sklearn,scikit-learn,scikit-learn-1.5.0/sklearn/feature_selection/_univariate_selection.py,101
1203,StochasticDepth,tfkeras,TensorFlow/Keras,tf-keras-2.16.0/tf_keras/applications/convnext.py,35
1204,SetKind,sympy,Other,sympy-sympy-1.12.1/sympy/sets/sets.py,46
1205,TfidfTransformer,sklearn,scikit-learn,scikit-learn-1.5.0/sklearn/feature_extraction/text.py,236
1206,Poisson,keras,TensorFlow/Keras,keras-3.3.3/keras/src/losses/losses.py,21
1207,Undefined,jinja,Flask,jinja-3.1.4/src/jinja2/runtime.py,110
1208,RecurrenceOperator,sympy,Other,sympy-sympy-1.12.1/sympy/holonomic/recurrence.py,216
1209,OneHotIoU,tfkeras,TensorFlow/Keras,tf-keras-2.16.0/tf_keras/metrics/iou_metrics.py,113
1210,WrappedCythonOp,pandas,Other,pandas-2.2.2/pandas/core/groupby/ops.py,453
1211,InverseTimeDecay,keras,TensorFlow/Keras,keras-3.3.3/keras/src/optimizers/schedules/learning_rate_schedule.py,109
1212,SyncBatchNormalization,tfkeras,TensorFlow/Keras,tf-keras-2.16.0/tf_keras/layers/normalization/batch_normalization.py,50
1213,Unequality,sympy,Other,sympy-sympy-1.12.1/sympy/core/relational.py,70
1214,Bidirectional,tfkeras,TensorFlow/Keras,tf-keras-2.16.0/tf_keras/layers/rnn/bidirectional.py,497
1215,Mean,keras,TensorFlow/Keras,keras-3.3.3/keras/src/metrics/reduction_metrics.py,63
1216,SecondNonlinearAutonomousConserved,sympy,Other,sympy-sympy-1.12.1/sympy/solvers/ode/single.py,59
1217,BasicRNNCell,tfkeras,TensorFlow/Keras,tf-keras-2.16.0/tf_keras/layers/rnn/legacy_cells.py,100
1218,PcolorImage,matplotlib,Other,matplotlib-3.9.0/lib/matplotlib/image.py,132
1219,GeneratorOrSequenceTrainingLoop,tfkeras,TensorFlow/Keras,tf-keras-2.16.0/tf_keras/engine/training_generator_v1.py,105
1220,ZoomFFT,scipy,Other,scipy-1.13.1/scipy/signal/_czt.py,117
1221,Ci,sympy,Other,sympy-sympy-1.12.1/sympy/functions/special/error_functions.py,132
1222,expint,sympy,Other,sympy-sympy-1.12.1/sympy/functions/special/error_functions.py,184
1223,VarianceScaling,tfkeras,TensorFlow/Keras,tf-keras-2.16.0/tf_keras/initializers/initializers.py,146
1224,Linear,sympy,Other,sympy-sympy-1.12.1/sympy/solvers/diophantine/diophantine.py,198
1225,SparseTopKCategoricalAccuracy,tfkeras,TensorFlow/Keras,tf-keras-2.16.0/tf_keras/metrics/accuracy_metrics.py,42
1226,MethodMapping,sklearn,scikit-learn,scikit-learn-1.5.0/sklearn/utils/_metadata_requests.py,67
1227,MinMaxNorm,keras,TensorFlow/Keras,keras-3.3.3/keras/src/constraints/constraints.py,51
1228,InputInEagerTest,tfkeras,TensorFlow/Keras,tf-keras-2.16.0/tf_keras/layers/tensorflow_op_layer_test.py,24
1229,StackingRegressor,sklearn,scikit-learn,scikit-learn-1.5.0/sklearn/ensemble/_stacking.py,243
1230,LSQUnivariateSpline,scipy,Other,scipy-1.13.1/scipy/interpolate/_fitpack2.py,138
1231,RecursiveSeq,sympy,Other,sympy-sympy-1.12.1/sympy/series/sequences.py,195
1232,Laguerre,numpy,Other,numpy-1.26.4/numpy/polynomial/laguerre.py,46
1233,NormalPredicate,sympy,Other,sympy-sympy-1.12.1/sympy/assumptions/predicates/matrices.py,22
1234,BaseThresholdClassifier,sklearn,scikit-learn,scikit-learn-1.5.0/sklearn/model_selection/_classification_threshold.py,162
1235,FormatStrFormatter,matplotlib,Other,matplotlib-3.9.0/lib/matplotlib/ticker.py,22
1236,RadiusNeighborsClassMode,sklearn,scikit-learn,scikit-learn-1.5.0/sklearn/metrics/_pairwise_distances_reduction/_dispatcher.py,148
1237,PPoly,scipy,Other,scipy-1.13.1/scipy/interpolate/_interpolate.py,462
1238,VariableScopeLayer,tfkeras,TensorFlow/Keras,tf-keras-2.16.0/tf_keras/legacy_tf_layers/variable_scope_shim.py,172
1239,LeaveOneGroupOut,sklearn,scikit-learn,scikit-learn-1.5.0/sklearn/model_selection/_split.py,117
1240,LimitedStream,werkzeug,Flask,werkzeug-3.0.3/src/werkzeug/wsgi.py,171
1241,RaisingOp,sympy,Other,sympy-sympy-1.12.1/sympy/physics/quantum/sho1d.py,127
1242,MultinomialNB,sklearn,scikit-learn,scikit-learn-1.5.0/sklearn/naive_bayes.py,124
1243,MLPRegressor,sklearn,scikit-learn,scikit-learn-1.5.0/sklearn/neural_network/_multilayer_perceptron.py,392
1244,DifferentialOperator,sympy,Other,sympy-sympy-1.12.1/sympy/physics/quantum/operator.py,157
1245,ClosureFailure,sympy,Other,sympy-sympy-1.12.1/sympy/polys/numberfields/exceptions.py,32
1246,Plot,sympy,Other,sympy-sympy-1.12.1/sympy/plotting/plot.py,274
1247,PrecisionRecallDisplay,sklearn,scikit-learn,scikit-learn-1.5.0/sklearn/metrics/_plot/precision_recall_curve.py,498
1248,WignerD,sympy,Other,sympy-sympy-1.12.1/sympy/physics/quantum/spin.py,206
1249,Product,sklearn,scikit-learn,scikit-learn-1.5.0/sklearn/gaussian_process/kernels.py,98
1250,SpectralClustering,sklearn,scikit-learn,scikit-learn-1.5.0/sklearn/cluster/_spectral.py,423
1251,Options,sklearn,scikit-learn,scikit-learn-1.5.0/sklearn/utils/_param_validation.py,39
1252,Prufer,sympy,Other,sympy-sympy-1.12.1/sympy/combinatorics/prufer.py,426
1253,f_gen,scipy,Other,scipy-1.13.1/scipy/stats/_continuous_distns.py,108
1254,_AvailableIfDescriptor,sklearn,scikit-learn,scikit-learn-1.5.0/sklearn/utils/_available_if.py,47
1255,RandomDisplacement,scipy,Other,scipy-1.13.1/scipy/optimize/_basinhopping.py,29
1256,HalvingGridSearchCV,sklearn,scikit-learn,scikit-learn-1.5.0/sklearn/model_selection/_search_successive_halving.py,331
1257,Float,sympy,Other,sympy-sympy-1.12.1/sympy/core/numbers.py,624
1258,OrderedMultiDict,werkzeug,Flask,werkzeug-3.0.3/src/werkzeug/datastructures/structures.py,179
1259,FreeModulePolyRing,sympy,Other,sympy-sympy-1.12.1/sympy/polys/agca/modules.py,48
1260,OrthogonalMatchingPursuitCV,sklearn,scikit-learn,scikit-learn-1.5.0/sklearn/linear_model/_omp.py,228
1261,InputSpec,tfkeras,TensorFlow/Keras,tf-keras-2.16.0/tf_keras/engine/input_spec.py,111
1262,StataNonCatValueLabel,pandas,Other,pandas-2.2.2/pandas/io/stata.py,29
1263,LeavePGroupsOut,sklearn,scikit-learn,scikit-learn-1.5.0/sklearn/model_selection/_split.py,131
1264,CGate,sympy,Other,sympy-sympy-1.12.1/sympy/physics/quantum/gate.py,181
1265,FormDataParser,werkzeug,Flask,werkzeug-3.0.3/src/werkzeug/formparser.py,161
1266,factorial,sympy,Other,sympy-sympy-1.12.1/sympy/functions/combinatorial/factorials.py,236
1267,FCompiler,numpy,Other,numpy-1.26.4/numpy/distutils/fcompiler/__init__.py,688
1268,deprecate_privatize_attribute,matplotlib,Other,matplotlib-3.9.0/lib/matplotlib/_api/deprecation.py,24
1269,Rescaling,keras,TensorFlow/Keras,keras-3.3.3/keras/src/layers/preprocessing/rescaling.py,57
1270,CategoricalFocalCrossentropy,keras,TensorFlow/Keras,keras-3.3.3/keras/src/losses/losses.py,137
1271,MIMOParallel,sympy,Other,sympy-sympy-1.12.1/sympy/physics/control/lti.py,183
1272,ClusterNode,scipy,Other,scipy-1.13.1/scipy/cluster/hierarchy.py,199
1273,Adafactor,tfkeras,TensorFlow/Keras,tf-keras-2.16.0/tf_keras/optimizers/adafactor.py,194
1274,AnyConverter,werkzeug,Flask,werkzeug-3.0.3/src/werkzeug/routing/converters.py,25
1275,GridSpec,matplotlib,Other,matplotlib-3.9.0/lib/matplotlib/gridspec.py,156
1276,MediumPP,sympy,Other,sympy-sympy-1.12.1/sympy/physics/optics/medium.py,88
1277,TexManager,matplotlib,Other,matplotlib-3.9.0/lib/matplotlib/texmanager.py,313
1278,SelectKBest,sklearn,scikit-learn,scikit-learn-1.5.0/sklearn/feature_selection/_univariate_selection.py,107
1279,_BaseFilter,sklearn,scikit-learn,scikit-learn-1.5.0/sklearn/feature_selection/_univariate_selection.py,58
1280,SingleContinuousDistribution,sympy,Other,sympy-sympy-1.12.1/sympy/stats/crv.py,146
1281,Scaffold,flask,Flask,flask-3.0.3/src/flask/sansio/scaffold.py,647
1282,_CVObjects,sklearn,scikit-learn,scikit-learn-1.5.0/sklearn/utils/_param_validation.py,29
1283,RandomBrightness,tfkeras,TensorFlow/Keras,tf-keras-2.16.0/tf_keras/layers/preprocessing/image_preprocessing.py,148
1284,EllipseSelector,matplotlib,Other,matplotlib-3.9.0/lib/matplotlib/widgets.py,38
1285,Reshape,tfkeras,TensorFlow/Keras,tf-keras-2.16.0/tf_keras/layers/reshaping/reshape.py,121
1286,_RidgeGCV,sklearn,scikit-learn,scikit-learn-1.5.0/sklearn/linear_model/_ridge.py,567
1287,SingleODESolver,sympy,Other,sympy-sympy-1.12.1/sympy/solvers/ode/single.py,81
1288,nct_gen,scipy,Other,scipy-1.13.1/scipy/stats/_continuous_distns.py,79
1289,FunctionMatrix,sympy,Other,sympy-sympy-1.12.1/sympy/matrices/expressions/funcmatrix.py,110
1290,PythonMPQ,sympy,Other,sympy-sympy-1.12.1/sympy/external/pythonmpq.py,289
1291,Reduce,tfkeras,TensorFlow/Keras,tf-keras-2.16.0/tf_keras/metrics/base_metric.py,114
1292,SlicingOpLambda,tfkeras,TensorFlow/Keras,tf-keras-2.16.0/tf_keras/layers/core/tf_op_layer.py,58
1293,GeometricRay,sympy,Other,sympy-sympy-1.12.1/sympy/physics/optics/gaussopt.py,85
1294,SparseCategoricalAccuracy,tfkeras,TensorFlow/Keras,tf-keras-2.16.0/tf_keras/metrics/accuracy_metrics.py,50
1295,Replacer,sympy,Other,sympy-sympy-1.12.1/sympy/utilities/matchpy_connector.py,96
1296,_FloatExtractor,tfkeras,TensorFlow/Keras,tf-keras-2.16.0/tf_keras/testing_infra/keras_doctest_lib.py,76
1297,Sequential,keras,TensorFlow/Keras,keras-3.3.3/keras/src/models/sequential.py,332
1298,RandomHeight,tfkeras,TensorFlow/Keras,tf-keras-2.16.0/tf_keras/layers/preprocessing/image_preprocessing.py,113
1299,CosineSimilarity,keras,TensorFlow/Keras,keras-3.3.3/keras/src/losses/losses.py,37
1300,ObjectIdentityDictionary,tfkeras,TensorFlow/Keras,tf-keras-2.16.0/tf_keras/utils/object_identity.py,34
1301,CountVectorizer,sklearn,scikit-learn,scikit-learn-1.5.0/sklearn/feature_extraction/text.py,547
1302,AlmostLinear,sympy,Other,sympy-sympy-1.12.1/sympy/solvers/ode/single.py,84
1303,Transform,sympy,Other,sympy-sympy-1.12.1/sympy/core/rules.py,62
1304,_CalibratedClassifier,sklearn,scikit-learn,scikit-learn-1.5.0/sklearn/calibration.py,86
1305,Cell,matplotlib,Other,matplotlib-3.9.0/lib/matplotlib/table.py,196
1306,Sum,sklearn,scikit-learn,scikit-learn-1.5.0/sklearn/gaussian_process/kernels.py,95
1307,Average,keras,TensorFlow/Keras,keras-3.3.3/keras/src/layers/merging/average.py,31
1308,DataAdapter,keras,TensorFlow/Keras,keras-3.3.3/keras/src/trainers/data_adapters/data_adapter.py,92
1309,PSpace,sympy,Other,sympy-sympy-1.12.1/sympy/stats/rv.py,53
1310,_fromnxfunction,numpy,Other,numpy-1.26.4/numpy/ma/extras.py,48
1311,HasMethods,sklearn,scikit-learn,scikit-learn-1.5.0/sklearn/utils/_param_validation.py,34
1312,MeanAbsolutePercentageError,keras,TensorFlow/Keras,keras-3.3.3/keras/src/losses/losses.py,27
1313,Constant,keras,TensorFlow/Keras,keras-3.3.3/keras/src/initializers/constant_initializers.py,37
1314,DebugUndefined,jinja,Flask,jinja-3.1.4/src/jinja2/runtime.py,30
1315,BaseConv,keras,TensorFlow/Keras,keras-3.3.3/keras/src/layers/convolutional/base_conv.py,386
1316,Expectation,sympy,Other,sympy-sympy-1.12.1/sympy/stats/symbolic_probability.py,190
1317,SphereBivariateSpline,scipy,Other,scipy-1.13.1/scipy/interpolate/_fitpack2.py,165
1318,ComplexRegion,sympy,Other,sympy-sympy-1.12.1/sympy/sets/fancysets.py,273
1319,SparseCategoricalCrossentropy,tfkeras,TensorFlow/Keras,tf-keras-2.16.0/tf_keras/metrics/probabilistic_metrics.py,78
1320,Response,werkzeug,Flask,werkzeug-3.0.3/src/werkzeug/wrappers/response.py,748
1321,CategoricalCrossentropy,keras,TensorFlow/Keras,keras-3.3.3/keras/src/metrics/probabilistic_metrics.py,86
1322,Determinant,sympy,Other,sympy-sympy-1.12.1/sympy/matrices/expressions/determinant.py,40
1323,BagObj,numpy,Other,numpy-1.26.4/numpy/lib/npyio.py,47
1324,TSNE,sklearn,scikit-learn,scikit-learn-1.5.0/sklearn/manifold/_t_sne.py,652
1325,MatrixHomomorphism,sympy,Other,sympy-sympy-1.12.1/sympy/polys/agca/homomorphisms.py,91
1326,DataCol,pandas,Other,pandas-2.2.2/pandas/io/pytables.py,282
1327,FakeOptimizerForRestoration,tfkeras,TensorFlow/Keras,tf-keras-2.16.0/tf_keras/mixed_precision/loss_scale_optimizer.py,41
1328,FloatingArray,pandas,Other,pandas-2.2.2/pandas/core/arrays/floating.py,67
1329,Dropout,keras,TensorFlow/Keras,keras-3.3.3/keras/src/layers/regularization/dropout.py,70
1330,Zeros,tfkeras,TensorFlow/Keras,tf-keras-2.16.0/tf_keras/initializers/initializers.py,39
1331,EnvironHeaders,werkzeug,Flask,werkzeug-3.0.3/src/werkzeug/datastructures/headers.py,45
1332,GRUCell,keras,TensorFlow/Keras,keras-3.3.3/keras/src/layers/rnn/gru.py,312
1333,UnicodeConverter,werkzeug,Flask,werkzeug-3.0.3/src/werkzeug/routing/converters.py,35
1334,Literal,sympy,Other,sympy-sympy-1.12.1/sympy/assumptions/cnf.py,63
1335,MultiTaskElasticNet,sklearn,scikit-learn,scikit-learn-1.5.0/sklearn/linear_model/_coordinate_descent.py,246
1336,InverseOrder,sympy,Other,sympy-sympy-1.12.1/sympy/polys/orderings.py,45
1337,RadialTick,matplotlib,Other,matplotlib-3.9.0/lib/matplotlib/projections/polar.py,149
1338,DateConverter,matplotlib,Other,matplotlib-3.9.0/lib/matplotlib/dates.py,59
1339,LocallyConnected1D,tfkeras,TensorFlow/Keras,tf-keras-2.16.0/tf_keras/layers/locally_connected/locally_connected1d.py,338
1340,FunctionalPreprocessingStage,tfkeras,TensorFlow/Keras,tf-keras-2.16.0/tf_keras/layers/preprocessing/preprocessing_stage.py,149
1341,CMod,sympy,Other,sympy-sympy-1.12.1/sympy/physics/quantum/shor.py,54
1342,TreePredictor,sklearn,scikit-learn,scikit-learn-1.5.0/sklearn/ensemble/_hist_gradient_boosting/predictor.py,129
1343,rv_discrete,scipy,Other,scipy-1.13.1/scipy/stats/_distn_infrastructure.py,751
1344,TimeseriesGenerator,keras,TensorFlow/Keras,keras-3.3.3/keras/src/legacy/preprocessing/sequence.py,164
1345,TensorIndexType,sympy,Other,sympy-sympy-1.12.1/sympy/tensor/tensor.py,300
1346,NewtonSolver,sklearn,scikit-learn,scikit-learn-1.5.0/sklearn/linear_model/_glm/_newton_solver.py,413
1347,Event,matplotlib,Other,matplotlib-3.9.0/lib/matplotlib/backend_bases.py,40
1348,ConvRNN,tfkeras,TensorFlow/Keras,tf-keras-2.16.0/tf_keras/layers/rnn/base_conv_rnn.py,408
1349,ExponentialDecay,keras,TensorFlow/Keras,keras-3.3.3/keras/src/optimizers/schedules/learning_rate_schedule.py,105
1350,ModelCheckpoint,tfkeras,TensorFlow/Keras,tf-keras-2.16.0/tf_keras/callbacks.py,523
1351,TimeSeriesSplit,sklearn,scikit-learn,scikit-learn-1.5.0/sklearn/model_selection/_split.py,208
1352,AUCSummationMethod,keras,TensorFlow/Keras,keras-3.3.3/keras/src/metrics/metrics_utils.py,32
1353,Particle,sympy,Other,sympy-sympy-1.12.1/sympy/physics/mechanics/particle.py,273
1354,LayerNormalization,keras,TensorFlow/Keras,keras-3.3.3/keras/src/layers/normalization/layer_normalization.py,243
1355,KroneckerDelta,sympy,Other,sympy-sympy-1.12.1/sympy/functions/special/tensor_functions.py,385
1356,BasicLSTMCell,tfkeras,TensorFlow/Keras,tf-keras-2.16.0/tf_keras/layers/rnn/legacy_cells.py,184
1357,HalfPoissonLoss,sklearn,scikit-learn,scikit-learn-1.5.0/sklearn/_loss/loss.py,30
1358,Config,networkx,Other,networkx-networkx-3.3/networkx/utils/configs.py,159
1359,betanbinom_gen,scipy,Other,scipy-1.13.1/scipy/stats/_discrete_distns.py,91
1360,NumberOp,sympy,Other,sympy-sympy-1.12.1/sympy/physics/quantum/sho1d.py,118
1361,Exponentiation,sklearn,scikit-learn,scikit-learn-1.5.0/sklearn/gaussian_process/kernels.py,189
1362,AutoDateFormatter,matplotlib,Other,matplotlib-3.9.0/lib/matplotlib/dates.py,117
1363,StratifiedGroupKFold,sklearn,scikit-learn,scikit-learn-1.5.0/sklearn/model_selection/_split.py,204
1364,DunnettResult,scipy,Other,scipy-1.13.1/scipy/stats/_multicomp.py,154
1365,_WorkerContext,tfkeras,TensorFlow/Keras,tf-keras-2.16.0/tf_keras/distribute/distribute_coordinator_utils.py,252
1366,DiagBroyden,scipy,Other,scipy-1.13.1/scipy/optimize/_nonlin.py,66
1367,MDS,sklearn,scikit-learn,scikit-learn-1.5.0/sklearn/manifold/_mds.py,259
1368,ClusterMixin,sklearn,scikit-learn,scikit-learn-1.5.0/sklearn/base.py,50
1369,Rem,sympy,Other,sympy-sympy-1.12.1/sympy/functions/elementary/miscellaneous.py,52
1370,PowerTransformer,sklearn,scikit-learn,scikit-learn-1.5.0/sklearn/preprocessing/_data.py,420
1371,FancyBboxPatch,matplotlib,Other,matplotlib-3.9.0/lib/matplotlib/patches.py,245
1372,Request,werkzeug,Flask,werkzeug-3.0.3/src/werkzeug/wrappers/request.py,617
1373,HeNormal,keras,TensorFlow/Keras,keras-3.3.3/keras/src/initializers/random_initializers.py,41
1374,PolynomialDecay,keras,TensorFlow/Keras,keras-3.3.3/keras/src/optimizers/schedules/learning_rate_schedule.py,153
1375,chi_gen,scipy,Other,scipy-1.13.1/scipy/stats/_continuous_distns.py,80
1376,NotFittedError,sklearn,scikit-learn,scikit-learn-1.5.0/sklearn/exceptions.py,20
1377,anglit_gen,scipy,Other,scipy-1.13.1/scipy/stats/_continuous_distns.py,41
1378,DiskIOStore,keras,TensorFlow/Keras,keras-3.3.3/keras/src/saving/saving_lib.py,57
1379,FuncNorm,matplotlib,Other,matplotlib-3.9.0/lib/matplotlib/colors.py,32
1380,AxisLabel,matplotlib,Other,matplotlib-3.9.0/lib/mpl_toolkits/axisartist/axis_artist.py,129
1381,CategoricalHinge,tfkeras,TensorFlow/Keras,tf-keras-2.16.0/tf_keras/metrics/hinge_metrics.py,33
1382,Kern,matplotlib,Other,matplotlib-3.9.0/lib/matplotlib/_mathtext.py,25
1383,Dropout,tfkeras,TensorFlow/Keras,tf-keras-2.16.0/tf_keras/layers/regularization/dropout.py,106
1384,InternalServerError,werkzeug,Flask,werkzeug-3.0.3/src/werkzeug/exceptions.py,28
1385,ParametricIntegral,sympy,Other,sympy-sympy-1.12.1/sympy/vector/integrals.py,128
1386,KerasVariable,keras,TensorFlow/Keras,keras-3.3.3/keras/src/backend/common/variables.py,473
1387,johnsonsu_gen,scipy,Other,scipy-1.13.1/scipy/stats/_continuous_distns.py,91
1388,DixonResultant,sympy,Other,sympy-sympy-1.12.1/sympy/polys/multivariate_resultants.py,226
1389,BinaryAccuracy,tfkeras,TensorFlow/Keras,tf-keras-2.16.0/tf_keras/metrics/accuracy_metrics.py,44
1390,AdamW,tfkeras,TensorFlow/Keras,tf-keras-2.16.0/tf_keras/optimizers/adamw.py,192
1391,SQLiteDatabase,pandas,Other,pandas-2.2.2/pandas/io/sql.py,250
1392,VotingRegressor,sklearn,scikit-learn,scikit-learn-1.5.0/sklearn/ensemble/_voting.py,199
1393,R2Score,tfkeras,TensorFlow/Keras,tf-keras-2.16.0/tf_keras/metrics/regression_metrics.py,191
1394,HyperRep,sympy,Other,sympy-sympy-1.12.1/sympy/functions/special/hyper.py,68
1395,VisitingDistribution,scipy,Other,scipy-1.13.1/scipy/optimize/_dual_annealing.py,106
1396,StateSpace,scipy,Other,scipy-1.13.1/scipy/signal/_ltisys.py,402
1397,UnionAdjacency,networkx,Other,networkx-networkx-3.3/networkx/classes/coreviews.py,50
1398,gengamma_gen,scipy,Other,scipy-1.13.1/scipy/stats/_continuous_distns.py,95
1399,PolarTransform,matplotlib,Other,matplotlib-3.9.0/lib/matplotlib/projections/polar.py,124
